Time,Untitled,Untitled 1,Untitled 2,Untitled 3,Untitled 4,Untitled 5,Type
17/11/2017 07:27:43.717,0.102539,0.131836,0.244141,0.12207,0.385742,0.830078,1
17/11/2017 07:27:44.717,0.102539,0.131836,0.244141,0.12207,0.385742,0.830078,1
17/11/2017 07:27:45.719,0.102539,0.131836,0.244141,0.12207,0.385742,0.830078,1
17/11/2017 07:27:46.720,0.102539,0.131836,0.244141,0.12207,0.385742,0.830078,1
17/11/2017 07:27:47.718,0.102539,0.131836,0.244141,0.117187,0.385742,0.830078,1
17/11/2017 07:27:48.721,0.102539,0.131836,0.244141,0.12207,0.385742,0.830078,1
17/11/2017 07:27:49.722,0.102539,0.131836,0.244141,0.12207,0.385742,0.830078,1
17/11/2017 07:27:50.722,0.102539,0.131836,0.244141,0.117187,0.385742,0.830078,1
17/11/2017 07:27:51.720,0.102539,0.131836,0.244141,0.12207,0.385742,0.834961,1
17/11/2017 07:27:52.720,0.102539,0.131836,0.244141,0.117187,0.385742,0.834961,1
17/11/2017 07:27:53.720,0.102539,0.131836,0.244141,0.117187,0.385742,0.834961,1
17/11/2017 07:27:54.721,0.102539,0.131836,0.244141,0.117187,0.385742,0.834961,1
17/11/2017 07:27:55.722,0.102539,0.131836,0.244141,0.117187,0.385742,0.834961,1
17/11/2017 07:27:56.721,0.102539,0.131836,0.244141,0.117187,0.385742,0.834961,1
17/11/2017 07:27:57.720,0.102539,0.131836,0.244141,0.117187,0.385742,0.834961,1
17/11/2017 07:27:58.721,0.102539,0.131836,0.244141,0.117187,0.385742,0.834961,1
17/11/2017 07:27:59.720,0.102539,0.131836,0.244141,0.117187,0.385742,0.834961,1
17/11/2017 07:28:00.718,0.102539,0.131836,0.244141,0.117187,0.385742,0.834961,1
17/11/2017 07:28:01.722,0.102539,0.131836,0.244141,0.117187,0.385742,0.834961,1
17/11/2017 07:28:02.722,0.102539,0.131836,0.244141,0.117187,0.385742,0.834961,1
17/11/2017 07:28:03.720,0.102539,0.131836,0.244141,0.117187,0.385742,0.834961,1
17/11/2017 07:28:04.719,0.102539,0.131836,0.244141,0.117187,0.385742,0.834961,1
17/11/2017 07:28:05.720,0.102539,0.131836,0.244141,0.117187,0.385742,0.834961,1
17/11/2017 07:28:06.718,0.102539,0.131836,0.244141,0.117187,0.385742,0.834961,1
17/11/2017 07:28:07.723,0.102539,0.131836,0.244141,0.117187,0.385742,0.834961,1
17/11/2017 07:28:08.721,0.102539,0.131836,0.244141,0.117187,0.385742,0.834961,1
17/11/2017 07:28:09.721,0.102539,0.131836,0.244141,0.117187,0.385742,0.834961,1
17/11/2017 07:28:10.725,0.102539,0.131836,0.244141,0.117187,0.385742,0.839844,1
17/11/2017 07:28:11.723,0.102539,0.131836,0.244141,0.117187,0.385742,0.834961,1
17/11/2017 07:28:12.723,0.102539,0.131836,0.249023,0.117187,0.385742,0.839844,1
17/11/2017 07:28:13.723,0.102539,0.131836,0.244141,0.117187,0.385742,0.839844,1
17/11/2017 07:28:14.722,0.102539,0.131836,0.244141,0.117187,0.385742,0.839844,1
17/11/2017 07:28:15.720,0.102539,0.131836,0.244141,0.117187,0.385742,0.839844,1
17/11/2017 07:28:16.725,0.102539,0.131836,0.249023,0.117187,0.385742,0.839844,1
17/11/2017 07:28:17.724,0.102539,0.131836,0.249023,0.117187,0.385742,0.839844,1
17/11/2017 07:28:18.723,0.102539,0.131836,0.249023,0.117187,0.385742,0.839844,1
17/11/2017 07:28:19.722,0.102539,0.131836,0.249023,0.117187,0.385742,0.839844,1
17/11/2017 07:28:20.727,0.102539,0.131836,0.249023,0.117187,0.385742,0.839844,1
17/11/2017 07:28:21.725,0.102539,0.131836,0.249023,0.117187,0.385742,0.839844,1
17/11/2017 07:28:22.726,0.102539,0.131836,0.249023,0.117187,0.385742,0.839844,1
17/11/2017 07:28:23.725,0.102539,0.131836,0.249023,0.117187,0.385742,0.839844,1
17/11/2017 07:28:24.723,0.102539,0.131836,0.249023,0.117187,0.385742,0.839844,1
17/11/2017 07:28:25.724,0.102539,0.131836,0.249023,0.117187,0.385742,0.839844,1
17/11/2017 07:28:26.727,0.102539,0.131836,0.249023,0.117187,0.385742,0.839844,1
17/11/2017 07:28:27.725,0.102539,0.131836,0.249023,0.117187,0.385742,0.839844,1
17/11/2017 07:28:28.726,0.102539,0.131836,0.249023,0.117187,0.385742,0.839844,1
17/11/2017 07:28:29.724,0.102539,0.131836,0.249023,0.117187,0.385742,0.839844,1
17/11/2017 07:28:30.724,0.102539,0.131836,0.249023,0.117187,0.385742,0.839844,1
17/11/2017 07:28:31.728,0.102539,0.131836,0.249023,0.117187,0.385742,0.844727,1
17/11/2017 07:28:32.727,0.102539,0.131836,0.249023,0.117187,0.385742,0.839844,1
17/11/2017 07:28:33.728,0.102539,0.131836,0.249023,0.117187,0.385742,0.844727,1
17/11/2017 07:28:34.729,0.102539,0.131836,0.249023,0.117187,0.385742,0.844727,1
17/11/2017 07:28:35.729,0.102539,0.131836,0.249023,0.117187,0.385742,0.844727,1
17/11/2017 07:28:36.728,0.102539,0.131836,0.249023,0.117187,0.385742,0.844727,1
17/11/2017 07:28:37.728,0.102539,0.131836,0.249023,0.117187,0.385742,0.844727,1
17/11/2017 07:28:38.732,0.102539,0.131836,0.249023,0.117187,0.385742,0.844727,1
17/11/2017 07:28:39.730,0.102539,0.131836,0.249023,0.117187,0.385742,0.844727,1
17/11/2017 07:28:40.730,0.102539,0.131836,0.249023,0.117187,0.385742,0.844727,1
17/11/2017 07:28:41.729,0.102539,0.131836,0.249023,0.117187,0.385742,0.844727,1
17/11/2017 07:28:42.728,0.102539,0.131836,0.249023,0.117187,0.385742,0.844727,1
17/11/2017 07:28:43.731,0.102539,0.131836,0.249023,0.117187,0.385742,0.844727,1
17/11/2017 07:28:44.731,0.102539,0.131836,0.249023,0.117187,0.385742,0.844727,1
17/11/2017 07:28:45.730,0.102539,0.131836,0.249023,0.117187,0.385742,0.844727,1
17/11/2017 07:28:46.730,0.102539,0.131836,0.249023,0.117187,0.385742,0.844727,1
17/11/2017 07:28:47.733,0.102539,0.131836,0.249023,0.117187,0.385742,0.844727,1
17/11/2017 07:28:48.733,0.102539,0.131836,0.249023,0.117187,0.385742,0.844727,1
17/11/2017 07:28:49.732,0.097656,0.131836,0.249023,0.117187,0.385742,0.844727,1
17/11/2017 07:28:50.731,0.102539,0.131836,0.253906,0.117187,0.385742,0.844727,1
17/11/2017 07:28:51.732,0.102539,0.131836,0.253906,0.117187,0.385742,0.844727,1
17/11/2017 07:28:52.735,0.097656,0.131836,0.253906,0.117187,0.385742,0.849609,1
17/11/2017 07:28:53.734,0.102539,0.131836,0.253906,0.117187,0.385742,0.844727,1
17/11/2017 07:28:54.733,0.102539,0.131836,0.253906,0.117187,0.385742,0.849609,1
17/11/2017 07:28:55.734,0.102539,0.131836,0.253906,0.117187,0.385742,0.849609,1
17/11/2017 07:28:56.731,0.097656,0.131836,0.253906,0.117187,0.385742,0.849609,1
17/11/2017 07:28:57.731,0.102539,0.131836,0.253906,0.117187,0.385742,0.849609,1
17/11/2017 07:28:58.734,0.102539,0.131836,0.253906,0.117187,0.385742,0.849609,1
17/11/2017 07:28:59.735,0.102539,0.131836,0.253906,0.117187,0.385742,0.849609,1
17/11/2017 07:29:00.733,0.102539,0.131836,0.253906,0.117187,0.385742,0.849609,1
17/11/2017 07:29:01.734,0.097656,0.131836,0.253906,0.117187,0.385742,0.849609,1
17/11/2017 07:29:02.731,0.102539,0.131836,0.253906,0.117187,0.385742,0.849609,1
17/11/2017 07:29:03.736,0.102539,0.131836,0.253906,0.117187,0.385742,0.849609,1
17/11/2017 07:29:04.735,0.102539,0.131836,0.253906,0.117187,0.385742,0.849609,1
17/11/2017 07:29:05.736,0.097656,0.131836,0.253906,0.117187,0.385742,0.849609,1
17/11/2017 07:29:06.734,0.102539,0.131836,0.253906,0.117187,0.385742,0.849609,1
17/11/2017 07:29:07.733,0.097656,0.131836,0.253906,0.117187,0.385742,0.849609,1
17/11/2017 07:29:08.733,0.097656,0.131836,0.253906,0.117187,0.385742,0.849609,1
17/11/2017 07:29:09.736,0.102539,0.131836,0.253906,0.117187,0.385742,0.849609,1
17/11/2017 07:29:10.735,0.102539,0.131836,0.253906,0.112305,0.385742,0.849609,1
17/11/2017 07:29:11.735,0.097656,0.131836,0.253906,0.117187,0.385742,0.849609,1
17/11/2017 07:29:12.735,0.097656,0.131836,0.253906,0.117187,0.385742,0.854492,1
17/11/2017 07:29:13.738,0.097656,0.131836,0.253906,0.117187,0.385742,0.854492,1
17/11/2017 07:29:14.737,0.097656,0.131836,0.253906,0.117187,0.385742,0.854492,1
17/11/2017 07:29:15.737,0.097656,0.131836,0.253906,0.117187,0.385742,0.854492,1
17/11/2017 07:29:16.735,0.102539,0.131836,0.253906,0.117187,0.385742,0.854492,1
17/11/2017 07:29:17.736,0.102539,0.131836,0.253906,0.117187,0.385742,0.854492,1
17/11/2017 07:29:18.734,0.097656,0.131836,0.253906,0.112305,0.385742,0.854492,1
17/11/2017 07:29:19.737,0.097656,0.131836,0.253906,0.112305,0.385742,0.854492,1
17/11/2017 07:29:20.738,0.097656,0.131836,0.253906,0.117187,0.385742,0.854492,1
17/11/2017 07:29:21.741,0.097656,0.131836,0.253906,0.117187,0.385742,0.854492,1
17/11/2017 07:29:22.740,0.097656,0.136719,0.253906,0.112305,0.385742,0.854492,1
17/11/2017 07:29:23.740,0.102539,0.131836,0.253906,0.117187,0.385742,0.854492,1
17/11/2017 07:29:24.739,0.097656,0.131836,0.253906,0.112305,0.385742,0.854492,1
17/11/2017 07:29:25.738,0.102539,0.131836,0.253906,0.117187,0.385742,0.864258,1
17/11/2017 07:29:26.738,0.102539,0.141602,0.263672,0.117187,0.395508,0.908203,1
17/11/2017 07:29:27.737,0.112305,0.15625,0.288086,0.117187,0.405273,0.957031,1
17/11/2017 07:29:28.740,0.117187,0.175781,0.3125,0.12207,0.419922,1.015625,1
17/11/2017 07:29:29.740,0.117187,0.195312,0.336914,0.126953,0.43457,1.074219,1
17/11/2017 07:29:30.739,0.126953,0.209961,0.356445,0.126953,0.444336,1.132812,1
17/11/2017 07:29:31.742,0.126953,0.224609,0.375977,0.131836,0.454102,1.186523,1
17/11/2017 07:29:32.743,0.131836,0.239258,0.390625,0.131836,0.463867,1.235352,1
17/11/2017 07:29:33.742,0.136719,0.249023,0.400391,0.136719,0.473633,1.289062,1
17/11/2017 07:29:34.740,0.136719,0.258789,0.415039,0.136719,0.483398,1.333008,1
17/11/2017 07:29:35.740,0.141602,0.263672,0.424805,0.136719,0.488281,1.376953,1
17/11/2017 07:29:36.739,0.141602,0.273437,0.429687,0.141602,0.493164,1.416016,1
17/11/2017 07:29:37.738,0.141602,0.27832,0.43457,0.141602,0.498047,1.455078,1
17/11/2017 07:29:38.738,0.146484,0.283203,0.444336,0.141602,0.50293,1.489258,1
17/11/2017 07:29:39.741,0.146484,0.288086,0.449219,0.141602,0.507812,1.523437,1
17/11/2017 07:29:40.740,0.146484,0.292969,0.454102,0.141602,0.512695,1.552734,1
17/11/2017 07:29:41.741,0.146484,0.292969,0.458984,0.146484,0.517578,1.582031,1
17/11/2017 07:29:42.741,0.151367,0.297852,0.463867,0.146484,0.522461,1.611328,1
17/11/2017 07:29:43.743,0.151367,0.302734,0.46875,0.146484,0.522461,1.635742,1
17/11/2017 07:29:44.743,0.151367,0.302734,0.473633,0.146484,0.527344,1.660156,1
17/11/2017 07:29:45.742,0.15625,0.307617,0.473633,0.146484,0.532227,1.68457,1
17/11/2017 07:29:46.740,0.15625,0.3125,0.478516,0.146484,0.532227,1.708984,1
17/11/2017 07:29:47.741,0.15625,0.3125,0.483398,0.146484,0.537109,1.728516,1
17/11/2017 07:29:48.744,0.15625,0.317383,0.483398,0.146484,0.541992,1.748047,1
17/11/2017 07:29:49.743,0.15625,0.317383,0.488281,0.146484,0.541992,1.767578,1
17/11/2017 07:29:50.742,0.15625,0.317383,0.493164,0.151367,0.546875,1.787109,1
17/11/2017 07:29:51.743,0.15625,0.322266,0.493164,0.151367,0.546875,1.801758,1
17/11/2017 07:29:52.746,0.15625,0.327148,0.493164,0.151367,0.551758,1.821289,1
17/11/2017 07:29:53.745,0.15625,0.327148,0.498047,0.151367,0.551758,1.835937,1
17/11/2017 07:29:54.744,0.161133,0.327148,0.498047,0.151367,0.551758,1.850586,1
17/11/2017 07:29:55.743,0.15625,0.332031,0.50293,0.151367,0.556641,1.865234,1
17/11/2017 07:29:56.743,0.161133,0.332031,0.50293,0.151367,0.561523,1.879883,1
17/11/2017 07:29:57.747,0.161133,0.336914,0.50293,0.151367,0.561523,1.889648,1
17/11/2017 07:29:58.745,0.161133,0.336914,0.507812,0.151367,0.566406,1.904297,1
17/11/2017 07:29:59.746,0.161133,0.336914,0.507812,0.151367,0.566406,1.914062,1
17/11/2017 07:30:00.744,0.161133,0.341797,0.507812,0.151367,0.566406,1.928711,1
17/11/2017 07:30:01.749,0.161133,0.341797,0.512695,0.15625,0.571289,1.938477,1
17/11/2017 07:30:02.748,0.161133,0.34668,0.512695,0.15625,0.571289,1.948242,1
17/11/2017 07:30:03.746,0.161133,0.34668,0.512695,0.151367,0.576172,1.958008,1
17/11/2017 07:30:04.746,0.161133,0.34668,0.517578,0.15625,0.576172,1.967773,1
17/11/2017 07:30:05.745,0.161133,0.351562,0.517578,0.15625,0.576172,1.977539,1
17/11/2017 07:30:06.749,0.161133,0.351562,0.517578,0.15625,0.581055,1.982422,1
17/11/2017 07:30:07.748,0.161133,0.351562,0.517578,0.15625,0.581055,1.992187,1
17/11/2017 07:30:08.747,0.161133,0.356445,0.517578,0.15625,0.581055,2.001953,1
17/11/2017 07:30:09.748,0.166016,0.356445,0.522461,0.15625,0.585937,2.006836,1
17/11/2017 07:30:10.746,0.166016,0.356445,0.522461,0.15625,0.585937,2.016602,1
17/11/2017 07:30:11.750,0.161133,0.361328,0.522461,0.15625,0.585937,2.021484,1
17/11/2017 07:30:12.750,0.161133,0.361328,0.522461,0.15625,0.59082,2.026367,1
17/11/2017 07:30:13.748,0.166016,0.361328,0.522461,0.15625,0.59082,2.036133,1
17/11/2017 07:30:14.752,0.166016,0.361328,0.527344,0.15625,0.59082,2.041016,1
17/11/2017 07:30:15.751,0.166016,0.366211,0.527344,0.15625,0.595703,2.045898,1
17/11/2017 07:30:16.750,0.166016,0.366211,0.527344,0.15625,0.595703,2.050781,1
17/11/2017 07:30:17.751,0.166016,0.366211,0.527344,0.15625,0.595703,2.055664,1
17/11/2017 07:30:18.754,0.166016,0.371094,0.527344,0.15625,0.595703,2.060547,1
17/11/2017 07:30:19.752,0.166016,0.371094,0.527344,0.15625,0.600586,2.06543,1
17/11/2017 07:30:20.752,0.166016,0.371094,0.527344,0.161133,0.600586,2.070312,1
17/11/2017 07:30:21.756,0.166016,0.371094,0.527344,0.161133,0.600586,2.075195,1
17/11/2017 07:30:22.755,0.166016,0.375977,0.532227,0.161133,0.600586,2.080078,1
17/11/2017 07:30:23.754,0.166016,0.375977,0.532227,0.161133,0.605469,2.084961,1
17/11/2017 07:30:24.757,0.166016,0.375977,0.532227,0.161133,0.605469,2.089844,1
17/11/2017 07:30:25.758,0.166016,0.380859,0.532227,0.161133,0.605469,2.094727,1
17/11/2017 07:30:26.756,0.166016,0.380859,0.532227,0.161133,0.605469,2.099609,1
17/11/2017 07:30:27.755,0.166016,0.380859,0.532227,0.161133,0.605469,2.099609,1
17/11/2017 07:30:28.754,0.166016,0.380859,0.532227,0.161133,0.610352,2.104492,1
17/11/2017 07:30:29.760,0.166016,0.385742,0.532227,0.161133,0.610352,2.109375,1
17/11/2017 07:30:30.759,0.166016,0.385742,0.532227,0.161133,0.610352,2.114258,1
17/11/2017 07:30:31.757,0.166016,0.385742,0.537109,0.161133,0.610352,2.119141,1
17/11/2017 07:30:32.757,0.166016,0.385742,0.537109,0.161133,0.615234,2.119141,1
17/11/2017 07:30:33.757,0.166016,0.385742,0.537109,0.161133,0.615234,2.124023,1
17/11/2017 07:30:34.759,0.170898,0.385742,0.537109,0.161133,0.615234,2.128906,1
17/11/2017 07:30:35.760,0.166016,0.390625,0.537109,0.161133,0.615234,2.128906,1
17/11/2017 07:30:36.759,0.170898,0.390625,0.537109,0.161133,0.615234,2.133789,1
17/11/2017 07:30:37.758,0.170898,0.390625,0.537109,0.161133,0.615234,2.133789,1
17/11/2017 07:30:38.760,0.170898,0.390625,0.537109,0.161133,0.620117,2.138672,1
17/11/2017 07:30:39.760,0.170898,0.395508,0.537109,0.166016,0.620117,2.138672,1
17/11/2017 07:30:40.759,0.170898,0.395508,0.537109,0.161133,0.620117,2.143555,1
17/11/2017 07:30:41.759,0.170898,0.395508,0.537109,0.161133,0.620117,2.143555,1
17/11/2017 07:30:42.760,0.170898,0.395508,0.537109,0.166016,0.620117,2.148437,1
17/11/2017 07:30:43.759,0.170898,0.395508,0.537109,0.166016,0.620117,2.148437,1
17/11/2017 07:30:44.761,0.170898,0.400391,0.537109,0.166016,0.620117,2.15332,1
17/11/2017 07:30:45.761,0.170898,0.400391,0.541992,0.166016,0.625,2.15332,1
17/11/2017 07:30:46.760,0.170898,0.400391,0.537109,0.166016,0.625,2.15332,1
17/11/2017 07:30:47.760,0.170898,0.400391,0.537109,0.166016,0.625,2.15332,1
17/11/2017 07:30:48.758,0.170898,0.400391,0.541992,0.166016,0.625,2.158203,1
17/11/2017 07:30:49.759,0.170898,0.400391,0.541992,0.166016,0.625,2.158203,1
17/11/2017 07:30:50.763,0.170898,0.405273,0.541992,0.166016,0.625,2.158203,1
17/11/2017 07:30:51.762,0.170898,0.405273,0.541992,0.166016,0.629883,2.163086,1
17/11/2017 07:30:52.762,0.170898,0.405273,0.541992,0.166016,0.629883,2.163086,1
17/11/2017 07:30:53.759,0.170898,0.405273,0.541992,0.166016,0.629883,2.167969,1
17/11/2017 07:30:54.760,0.170898,0.405273,0.541992,0.166016,0.629883,2.167969,1
17/11/2017 07:30:55.760,0.170898,0.405273,0.541992,0.166016,0.629883,2.167969,1
17/11/2017 07:30:56.764,0.170898,0.405273,0.541992,0.166016,0.629883,2.172852,1
17/11/2017 07:30:57.762,0.170898,0.410156,0.541992,0.166016,0.629883,2.172852,1
17/11/2017 07:30:58.760,0.170898,0.410156,0.541992,0.166016,0.629883,2.172852,1
17/11/2017 07:30:59.765,0.170898,0.410156,0.541992,0.166016,0.634766,2.177734,1
17/11/2017 07:31:00.765,0.170898,0.410156,0.541992,0.166016,0.634766,2.177734,1
17/11/2017 07:31:01.762,0.170898,0.410156,0.541992,0.166016,0.634766,2.177734,1
17/11/2017 07:31:02.763,0.175781,0.410156,0.541992,0.170898,0.629883,2.182617,1
17/11/2017 07:31:03.762,0.175781,0.415039,0.541992,0.166016,0.634766,2.182617,1
17/11/2017 07:31:04.764,0.170898,0.415039,0.541992,0.170898,0.634766,2.182617,1
17/11/2017 07:31:05.765,0.175781,0.415039,0.541992,0.170898,0.634766,2.182617,1
17/11/2017 07:31:06.765,0.175781,0.415039,0.541992,0.170898,0.634766,2.1875,1
17/11/2017 07:31:07.765,0.175781,0.415039,0.541992,0.170898,0.634766,2.1875,1
17/11/2017 07:31:08.763,0.175781,0.415039,0.541992,0.170898,0.634766,2.1875,1
17/11/2017 07:31:09.766,0.175781,0.415039,0.541992,0.170898,0.634766,2.1875,1
17/11/2017 07:31:10.765,0.175781,0.419922,0.546875,0.170898,0.634766,2.1875,1
17/11/2017 07:31:11.765,0.175781,0.419922,0.541992,0.170898,0.634766,2.1875,1
17/11/2017 07:31:12.765,0.175781,0.419922,0.546875,0.170898,0.639648,2.192383,1
17/11/2017 07:31:13.763,0.175781,0.419922,0.541992,0.170898,0.639648,2.192383,1
17/11/2017 07:31:14.766,0.175781,0.419922,0.546875,0.170898,0.639648,2.192383,1
17/11/2017 07:31:15.767,0.175781,0.419922,0.546875,0.170898,0.639648,2.192383,1
17/11/2017 07:31:16.766,0.175781,0.419922,0.546875,0.170898,0.639648,2.192383,1
17/11/2017 07:31:17.768,0.175781,0.424805,0.546875,0.170898,0.639648,2.192383,1
17/11/2017 07:31:18.769,0.175781,0.424805,0.546875,0.170898,0.639648,2.197266,1
17/11/2017 07:31:19.768,0.175781,0.424805,0.546875,0.170898,0.639648,2.197266,1
17/11/2017 07:31:20.768,0.175781,0.424805,0.546875,0.170898,0.639648,2.197266,1
17/11/2017 07:31:21.766,0.175781,0.424805,0.546875,0.170898,0.639648,2.197266,1
17/11/2017 07:31:22.767,0.175781,0.424805,0.546875,0.170898,0.639648,2.197266,1
17/11/2017 07:31:23.770,0.175781,0.424805,0.546875,0.170898,0.639648,2.197266,1
17/11/2017 07:31:24.770,0.175781,0.424805,0.546875,0.170898,0.639648,2.197266,1
17/11/2017 07:31:25.769,0.175781,0.424805,0.546875,0.170898,0.644531,2.197266,1
17/11/2017 07:31:26.768,0.175781,0.424805,0.546875,0.170898,0.644531,2.197266,1
17/11/2017 07:31:27.771,0.175781,0.429687,0.546875,0.170898,0.644531,2.197266,1
17/11/2017 07:31:28.770,0.175781,0.424805,0.546875,0.170898,0.644531,2.197266,1
17/11/2017 07:31:29.769,0.175781,0.429687,0.546875,0.170898,0.644531,2.197266,1
17/11/2017 07:31:30.770,0.175781,0.429687,0.546875,0.170898,0.644531,2.197266,1
17/11/2017 07:31:31.772,0.175781,0.429687,0.546875,0.170898,0.644531,2.197266,1
17/11/2017 07:31:32.771,0.175781,0.429687,0.546875,0.170898,0.644531,2.202148,1
17/11/2017 07:31:33.771,0.175781,0.429687,0.546875,0.170898,0.644531,2.197266,1
17/11/2017 07:31:34.771,0.175781,0.429687,0.546875,0.175781,0.644531,2.202148,1
17/11/2017 07:31:35.770,0.175781,0.429687,0.546875,0.175781,0.644531,2.202148,1
17/11/2017 07:31:36.773,0.175781,0.43457,0.546875,0.175781,0.644531,2.202148,1
17/11/2017 07:31:37.768,0.175781,0.43457,0.546875,0.175781,0.644531,2.202148,1
17/11/2017 07:31:38.773,0.175781,0.43457,0.546875,0.175781,0.644531,2.202148,1
17/11/2017 07:31:39.772,0.175781,0.43457,0.546875,0.175781,0.644531,2.202148,1
17/11/2017 07:31:40.775,0.180664,0.43457,0.546875,0.175781,0.644531,2.207031,1
17/11/2017 07:31:41.774,0.175781,0.43457,0.546875,0.175781,0.644531,2.207031,1
17/11/2017 07:31:42.774,0.180664,0.43457,0.546875,0.175781,0.644531,2.207031,1
17/11/2017 07:31:43.773,0.180664,0.43457,0.546875,0.175781,0.644531,2.207031,1
17/11/2017 07:31:44.776,0.180664,0.43457,0.546875,0.175781,0.644531,2.207031,1
17/11/2017 07:31:45.776,0.180664,0.439453,0.546875,0.175781,0.649414,2.207031,1
17/11/2017 07:31:46.776,0.180664,0.43457,0.546875,0.175781,0.649414,2.207031,1
17/11/2017 07:31:47.775,0.180664,0.43457,0.546875,0.175781,0.649414,2.207031,1
17/11/2017 07:31:48.774,0.180664,0.43457,0.546875,0.175781,0.649414,2.207031,1
17/11/2017 07:31:49.778,0.180664,0.439453,0.546875,0.175781,0.649414,2.207031,1
17/11/2017 07:31:50.777,0.180664,0.439453,0.546875,0.175781,0.649414,2.207031,1
17/11/2017 07:31:51.777,0.180664,0.439453,0.546875,0.175781,0.649414,2.207031,1
17/11/2017 07:31:52.777,0.180664,0.439453,0.546875,0.175781,0.649414,2.207031,1
17/11/2017 07:31:53.775,0.180664,0.439453,0.546875,0.175781,0.649414,2.207031,1
17/11/2017 07:31:54.780,0.180664,0.439453,0.546875,0.175781,0.649414,2.207031,1
17/11/2017 07:31:55.778,0.180664,0.439453,0.546875,0.175781,0.649414,2.207031,1
17/11/2017 07:31:56.778,0.180664,0.439453,0.546875,0.175781,0.649414,2.207031,1
17/11/2017 07:31:57.777,0.180664,0.444336,0.546875,0.175781,0.649414,2.207031,1
17/11/2017 07:31:58.777,0.180664,0.444336,0.546875,0.175781,0.649414,2.207031,1
17/11/2017 07:31:59.779,0.180664,0.439453,0.546875,0.175781,0.649414,2.207031,1
17/11/2017 07:32:00.778,0.180664,0.444336,0.546875,0.175781,0.649414,2.207031,1
17/11/2017 07:32:01.783,0.180664,0.444336,0.546875,0.175781,0.649414,2.207031,1
17/11/2017 07:32:02.781,0.180664,0.444336,0.546875,0.175781,0.649414,2.207031,1
17/11/2017 07:32:03.781,0.180664,0.444336,0.546875,0.175781,0.649414,2.207031,1
17/11/2017 07:32:04.781,0.180664,0.444336,0.546875,0.175781,0.649414,2.207031,1
17/11/2017 07:32:05.781,0.180664,0.444336,0.546875,0.175781,0.649414,2.207031,1
17/11/2017 07:32:06.783,0.180664,0.444336,0.546875,0.175781,0.649414,2.207031,1
17/11/2017 07:32:07.783,0.180664,0.444336,0.551758,0.175781,0.649414,2.207031,1
17/11/2017 07:32:08.783,0.180664,0.444336,0.551758,0.175781,0.649414,2.207031,1
17/11/2017 07:32:09.782,0.180664,0.444336,0.551758,0.175781,0.649414,2.207031,1
17/11/2017 07:32:10.781,0.180664,0.444336,0.546875,0.175781,0.654297,2.207031,1
17/11/2017 07:32:11.780,0.180664,0.444336,0.551758,0.175781,0.654297,2.207031,1
17/11/2017 07:32:12.783,0.180664,0.444336,0.546875,0.175781,0.654297,2.207031,1
17/11/2017 07:32:13.782,0.180664,0.449219,0.546875,0.180664,0.654297,2.211914,1
17/11/2017 07:32:14.787,0.180664,0.449219,0.551758,0.180664,0.654297,2.211914,1
17/11/2017 07:32:15.786,0.180664,0.449219,0.551758,0.175781,0.654297,2.211914,1
17/11/2017 07:32:16.785,0.180664,0.449219,0.551758,0.180664,0.654297,2.211914,1
17/11/2017 07:32:17.785,0.180664,0.449219,0.551758,0.180664,0.654297,2.211914,1
17/11/2017 07:32:18.787,0.180664,0.449219,0.551758,0.180664,0.654297,2.216797,1
17/11/2017 07:32:19.786,0.180664,0.449219,0.551758,0.180664,0.654297,2.216797,1
17/11/2017 07:32:20.787,0.180664,0.449219,0.551758,0.180664,0.654297,2.216797,1
17/11/2017 07:32:21.791,0.185547,0.449219,0.551758,0.180664,0.654297,2.216797,1
17/11/2017 07:32:22.789,0.180664,0.449219,0.551758,0.180664,0.654297,2.216797,1
17/11/2017 07:32:23.788,0.180664,0.449219,0.551758,0.180664,0.654297,2.216797,1
17/11/2017 07:32:24.788,0.180664,0.449219,0.551758,0.180664,0.654297,2.216797,1
17/11/2017 07:32:25.791,0.185547,0.449219,0.551758,0.180664,0.654297,2.216797,1
17/11/2017 07:32:26.791,0.180664,0.454102,0.551758,0.180664,0.654297,2.216797,1
17/11/2017 07:32:27.790,0.185547,0.449219,0.551758,0.180664,0.654297,2.216797,1
17/11/2017 07:32:28.789,0.185547,0.454102,0.551758,0.180664,0.654297,2.216797,1
17/11/2017 07:32:29.789,0.180664,0.454102,0.551758,0.180664,0.654297,2.216797,1
17/11/2017 07:32:30.789,0.185547,0.454102,0.551758,0.180664,0.654297,2.22168,1
17/11/2017 07:32:31.791,0.180664,0.454102,0.551758,0.180664,0.654297,2.22168,1
17/11/2017 07:32:32.791,0.185547,0.454102,0.551758,0.180664,0.654297,2.22168,1
17/11/2017 07:32:33.791,0.185547,0.454102,0.551758,0.180664,0.654297,2.22168,1
17/11/2017 07:32:34.793,0.180664,0.454102,0.551758,0.180664,0.654297,2.22168,1
17/11/2017 07:32:35.795,0.180664,0.454102,0.551758,0.180664,0.654297,2.22168,1
17/11/2017 07:32:36.793,0.185547,0.454102,0.551758,0.180664,0.654297,2.22168,1
17/11/2017 07:32:37.796,0.185547,0.454102,0.551758,0.180664,0.654297,2.22168,1
17/11/2017 07:32:38.796,0.185547,0.454102,0.551758,0.180664,0.654297,2.22168,1
17/11/2017 07:32:39.795,0.185547,0.454102,0.551758,0.180664,0.654297,2.22168,1
17/11/2017 07:32:40.793,0.185547,0.454102,0.551758,0.180664,0.654297,2.22168,1
17/11/2017 07:32:41.798,0.185547,0.454102,0.551758,0.180664,0.654297,2.22168,1
17/11/2017 07:32:42.797,0.185547,0.454102,0.551758,0.180664,0.654297,2.22168,1
17/11/2017 07:32:43.796,0.185547,0.454102,0.551758,0.180664,0.654297,2.22168,1
17/11/2017 07:32:44.796,0.185547,0.454102,0.551758,0.180664,0.654297,2.22168,1
17/11/2017 07:32:45.796,0.185547,0.458984,0.551758,0.180664,0.654297,2.22168,1
17/11/2017 07:32:46.798,0.185547,0.454102,0.551758,0.180664,0.654297,2.22168,1
17/11/2017 07:32:47.799,0.185547,0.454102,0.551758,0.180664,0.654297,2.22168,1
17/11/2017 07:32:48.798,0.185547,0.458984,0.551758,0.180664,0.654297,2.22168,1
17/11/2017 07:32:49.797,0.185547,0.454102,0.551758,0.180664,0.654297,2.22168,1
17/11/2017 07:32:50.796,0.185547,0.458984,0.551758,0.180664,0.654297,2.22168,1
17/11/2017 07:32:51.801,0.185547,0.458984,0.551758,0.180664,0.65918,2.22168,1
17/11/2017 07:32:52.800,0.185547,0.458984,0.551758,0.180664,0.65918,2.22168,1
17/11/2017 07:32:53.798,0.185547,0.458984,0.551758,0.180664,0.65918,2.22168,1
17/11/2017 07:32:54.798,0.185547,0.458984,0.551758,0.180664,0.65918,2.22168,1
17/11/2017 07:32:55.797,0.185547,0.458984,0.551758,0.180664,0.65918,2.216797,1
17/11/2017 07:32:56.800,0.185547,0.458984,0.551758,0.180664,0.65918,2.216797,1
17/11/2017 07:32:57.800,0.185547,0.458984,0.551758,0.180664,0.65918,2.216797,1
17/11/2017 07:32:58.800,0.185547,0.458984,0.551758,0.180664,0.65918,2.216797,1
17/11/2017 07:32:59.798,0.185547,0.458984,0.551758,0.180664,0.65918,2.216797,1
17/11/2017 07:33:00.801,0.185547,0.458984,0.551758,0.180664,0.65918,2.216797,1
17/11/2017 07:33:01.800,0.185547,0.458984,0.551758,0.180664,0.65918,2.216797,1
17/11/2017 07:33:02.801,0.185547,0.458984,0.551758,0.180664,0.65918,2.216797,1
17/11/2017 07:33:03.805,0.185547,0.458984,0.551758,0.180664,0.65918,2.216797,1
17/11/2017 07:33:04.803,0.185547,0.458984,0.551758,0.180664,0.65918,2.216797,1
17/11/2017 07:33:05.804,0.185547,0.463867,0.551758,0.180664,0.65918,2.22168,1
17/11/2017 07:33:06.803,0.185547,0.458984,0.551758,0.180664,0.65918,2.216797,1
17/11/2017 07:33:07.801,0.185547,0.458984,0.551758,0.180664,0.65918,2.216797,1
17/11/2017 07:33:08.802,0.185547,0.463867,0.551758,0.180664,0.65918,2.216797,1
17/11/2017 07:33:09.801,0.185547,0.463867,0.551758,0.180664,0.65918,2.22168,1
17/11/2017 07:33:10.805,0.185547,0.463867,0.551758,0.180664,0.65918,2.22168,1
17/11/2017 07:33:11.804,0.185547,0.463867,0.551758,0.180664,0.65918,2.22168,1
17/11/2017 07:33:12.804,0.185547,0.463867,0.551758,0.180664,0.65918,2.22168,1
17/11/2017 07:33:13.802,0.185547,0.463867,0.551758,0.180664,0.65918,2.22168,1
17/11/2017 07:33:14.805,0.185547,0.463867,0.551758,0.180664,0.65918,2.22168,1
17/11/2017 07:33:15.806,0.185547,0.463867,0.551758,0.180664,0.65918,2.22168,1
17/11/2017 07:33:16.805,0.185547,0.463867,0.551758,0.180664,0.65918,2.22168,1
17/11/2017 07:33:17.803,0.185547,0.463867,0.551758,0.185547,0.65918,2.22168,1
17/11/2017 07:33:18.802,0.185547,0.463867,0.551758,0.185547,0.65918,2.22168,1
17/11/2017 07:33:19.806,0.185547,0.463867,0.551758,0.180664,0.65918,2.22168,1
17/11/2017 07:33:20.806,0.185547,0.463867,0.551758,0.185547,0.65918,2.22168,1
17/11/2017 07:33:21.805,0.185547,0.463867,0.551758,0.185547,0.65918,2.22168,1
17/11/2017 07:33:22.804,0.185547,0.463867,0.551758,0.185547,0.65918,2.22168,1
17/11/2017 07:33:23.805,0.185547,0.463867,0.551758,0.185547,0.65918,2.22168,1
17/11/2017 07:33:24.803,0.185547,0.463867,0.551758,0.180664,0.65918,2.22168,1
17/11/2017 07:33:25.806,0.185547,0.463867,0.551758,0.180664,0.65918,2.22168,1
17/11/2017 07:33:26.806,0.185547,0.463867,0.551758,0.185547,0.65918,2.22168,1
17/11/2017 07:33:27.806,0.185547,0.463867,0.551758,0.180664,0.65918,2.22168,1
17/11/2017 07:33:28.805,0.185547,0.46875,0.551758,0.185547,0.65918,2.22168,1
17/11/2017 07:33:29.809,0.185547,0.463867,0.551758,0.180664,0.65918,2.22168,1
17/11/2017 07:33:30.807,0.185547,0.463867,0.551758,0.185547,0.65918,2.22168,1
17/11/2017 07:33:31.807,0.185547,0.46875,0.551758,0.185547,0.65918,2.22168,1
17/11/2017 07:33:32.806,0.185547,0.463867,0.551758,0.185547,0.65918,2.22168,1
17/11/2017 07:33:33.810,0.185547,0.463867,0.551758,0.185547,0.65918,2.22168,1
17/11/2017 07:33:34.809,0.185547,0.463867,0.551758,0.180664,0.65918,2.22168,1
17/11/2017 07:33:35.810,0.19043,0.46875,0.551758,0.185547,0.65918,2.22168,1
17/11/2017 07:33:36.807,0.185547,0.463867,0.551758,0.185547,0.65918,2.22168,1
17/11/2017 07:33:37.806,0.19043,0.463867,0.551758,0.185547,0.65918,2.22168,1
17/11/2017 07:33:38.810,0.19043,0.46875,0.551758,0.185547,0.65918,2.22168,1
17/11/2017 07:33:39.810,0.19043,0.46875,0.551758,0.185547,0.65918,2.22168,1
17/11/2017 07:33:40.810,0.19043,0.463867,0.556641,0.185547,0.65918,2.22168,1
17/11/2017 07:33:41.809,0.19043,0.46875,0.551758,0.185547,0.65918,2.22168,1
17/11/2017 07:33:42.809,0.19043,0.46875,0.551758,0.180664,0.65918,2.216797,1
17/11/2017 07:33:43.812,0.19043,0.46875,0.551758,0.185547,0.65918,2.22168,1
17/11/2017 07:33:44.812,0.19043,0.46875,0.551758,0.180664,0.65918,2.216797,1
17/11/2017 07:33:45.811,0.19043,0.46875,0.551758,0.185547,0.65918,2.216797,1
17/11/2017 07:33:46.813,0.19043,0.46875,0.551758,0.185547,0.65918,2.216797,1
17/11/2017 07:33:47.813,0.19043,0.46875,0.551758,0.185547,0.65918,2.216797,1
17/11/2017 07:33:48.813,0.19043,0.46875,0.551758,0.185547,0.65918,2.216797,1
17/11/2017 07:33:49.811,0.19043,0.46875,0.556641,0.185547,0.65918,2.216797,1
17/11/2017 07:33:50.816,0.19043,0.46875,0.556641,0.185547,0.65918,2.216797,1
17/11/2017 07:33:51.814,0.19043,0.46875,0.551758,0.185547,0.65918,2.216797,1
17/11/2017 07:33:52.815,0.19043,0.46875,0.551758,0.185547,0.65918,2.216797,1
17/11/2017 07:33:53.814,0.19043,0.46875,0.556641,0.185547,0.65918,2.216797,1
17/11/2017 07:33:54.814,0.19043,0.46875,0.556641,0.185547,0.65918,2.216797,1
17/11/2017 07:33:55.817,0.19043,0.46875,0.551758,0.185547,0.65918,2.216797,1
17/11/2017 07:33:56.816,0.19043,0.46875,0.556641,0.185547,0.65918,2.216797,1
17/11/2017 07:33:57.814,0.19043,0.46875,0.551758,0.185547,0.65918,2.216797,1
17/11/2017 07:33:58.815,0.19043,0.46875,0.551758,0.185547,0.65918,2.216797,1
17/11/2017 07:33:59.814,0.19043,0.46875,0.551758,0.185547,0.65918,2.216797,1
17/11/2017 07:34:00.817,0.19043,0.46875,0.556641,0.185547,0.65918,2.216797,1
17/11/2017 07:34:01.817,0.19043,0.46875,0.556641,0.185547,0.65918,2.216797,1
17/11/2017 07:34:02.816,0.19043,0.46875,0.556641,0.185547,0.65918,2.216797,1
17/11/2017 07:34:03.815,0.19043,0.46875,0.551758,0.185547,0.65918,2.216797,1
17/11/2017 07:34:04.820,0.19043,0.46875,0.556641,0.185547,0.65918,2.216797,1
17/11/2017 07:34:05.817,0.19043,0.46875,0.556641,0.185547,0.65918,2.216797,1
17/11/2017 07:34:06.817,0.19043,0.46875,0.556641,0.185547,0.65918,2.216797,1
17/11/2017 07:34:07.816,0.19043,0.46875,0.556641,0.185547,0.65918,2.216797,1
17/11/2017 07:34:08.820,0.19043,0.46875,0.556641,0.185547,0.65918,2.216797,1
17/11/2017 07:34:09.820,0.19043,0.46875,0.556641,0.185547,0.65918,2.216797,1
17/11/2017 07:34:10.820,0.19043,0.46875,0.556641,0.185547,0.65918,2.216797,1
17/11/2017 07:34:11.819,0.19043,0.46875,0.556641,0.185547,0.65918,2.216797,1
17/11/2017 07:34:12.817,0.19043,0.46875,0.556641,0.185547,0.664062,2.216797,1
17/11/2017 07:34:13.821,0.19043,0.473633,0.556641,0.185547,0.664062,2.216797,1
17/11/2017 07:34:14.820,0.19043,0.46875,0.551758,0.185547,0.65918,2.216797,1
17/11/2017 07:34:15.820,0.19043,0.473633,0.556641,0.185547,0.65918,2.216797,1
17/11/2017 07:34:16.820,0.19043,0.473633,0.556641,0.185547,0.664062,2.216797,1
17/11/2017 07:34:17.822,0.19043,0.473633,0.556641,0.185547,0.664062,2.216797,1
17/11/2017 07:34:18.823,0.19043,0.473633,0.556641,0.185547,0.65918,2.22168,1
17/11/2017 07:34:19.823,0.19043,0.473633,0.556641,0.185547,0.65918,2.22168,1
17/11/2017 07:34:20.825,0.19043,0.473633,0.556641,0.185547,0.65918,2.216797,1
17/11/2017 07:34:21.825,0.19043,0.473633,0.556641,0.185547,0.65918,2.22168,1
17/11/2017 07:34:22.824,0.19043,0.473633,0.556641,0.185547,0.664062,2.22168,1
17/11/2017 07:34:23.824,0.19043,0.473633,0.556641,0.185547,0.664062,2.22168,1
17/11/2017 07:34:24.823,0.19043,0.473633,0.556641,0.185547,0.65918,2.22168,1
17/11/2017 07:34:25.822,0.19043,0.473633,0.556641,0.185547,0.664062,2.22168,1
17/11/2017 07:34:26.826,0.19043,0.473633,0.556641,0.185547,0.65918,2.22168,1
17/11/2017 07:34:27.824,0.19043,0.473633,0.556641,0.185547,0.664062,2.22168,1
17/11/2017 07:34:28.825,0.19043,0.473633,0.556641,0.185547,0.664062,2.22168,1
17/11/2017 07:34:29.823,0.19043,0.473633,0.556641,0.185547,0.65918,2.22168,1
17/11/2017 07:34:30.826,0.19043,0.473633,0.556641,0.185547,0.664062,2.216797,1
17/11/2017 07:34:31.827,0.19043,0.473633,0.556641,0.185547,0.65918,2.22168,1
17/11/2017 07:34:32.826,0.19043,0.473633,0.556641,0.185547,0.65918,2.22168,1
17/11/2017 07:34:33.829,0.19043,0.473633,0.556641,0.185547,0.65918,2.22168,1
17/11/2017 07:34:34.829,0.19043,0.473633,0.556641,0.185547,0.664062,2.216797,1
17/11/2017 07:34:35.832,0.19043,0.473633,0.556641,0.185547,0.664062,2.216797,1
17/11/2017 07:34:36.830,0.19043,0.473633,0.556641,0.185547,0.65918,2.22168,1
17/11/2017 07:34:37.831,0.19043,0.473633,0.556641,0.185547,0.65918,2.22168,1
17/11/2017 07:34:38.829,0.19043,0.473633,0.556641,0.185547,0.664062,2.216797,1
17/11/2017 07:34:39.833,0.19043,0.473633,0.556641,0.185547,0.65918,2.216797,1
17/11/2017 07:34:40.832,0.19043,0.473633,0.556641,0.185547,0.664062,2.216797,1
17/11/2017 07:34:41.832,0.19043,0.473633,0.556641,0.185547,0.65918,2.216797,1
17/11/2017 07:34:42.831,0.19043,0.473633,0.556641,0.185547,0.664062,2.216797,1
17/11/2017 07:34:43.835,0.195312,0.473633,0.556641,0.185547,0.65918,2.216797,1
17/11/2017 07:34:44.835,0.19043,0.473633,0.556641,0.185547,0.664062,2.216797,1
17/11/2017 07:34:45.834,0.195312,0.473633,0.556641,0.185547,0.65918,2.216797,1
17/11/2017 07:34:46.833,0.19043,0.473633,0.556641,0.185547,0.65918,2.216797,1
17/11/2017 07:34:47.836,0.19043,0.473633,0.556641,0.185547,0.664062,2.216797,1
17/11/2017 07:34:48.836,0.19043,0.473633,0.556641,0.185547,0.664062,2.216797,1
17/11/2017 07:34:49.836,0.19043,0.473633,0.556641,0.185547,0.65918,2.216797,1
17/11/2017 07:34:50.834,0.19043,0.473633,0.556641,0.185547,0.65918,2.216797,1
17/11/2017 07:34:51.838,0.19043,0.473633,0.556641,0.185547,0.664062,2.216797,1
17/11/2017 07:34:52.838,0.19043,0.473633,0.556641,0.185547,0.664062,2.216797,1
17/11/2017 07:34:53.837,0.19043,0.478516,0.556641,0.185547,0.664062,2.216797,1
17/11/2017 07:34:54.836,0.195312,0.473633,0.556641,0.185547,0.65918,2.216797,1
17/11/2017 07:34:55.835,0.19043,0.478516,0.556641,0.185547,0.664062,2.216797,1
17/11/2017 07:34:56.839,0.19043,0.478516,0.556641,0.185547,0.664062,2.216797,1
17/11/2017 07:34:57.839,0.19043,0.478516,0.556641,0.185547,0.664062,2.211914,1
17/11/2017 07:34:58.843,0.19043,0.478516,0.556641,0.185547,0.664062,2.211914,1
17/11/2017 07:34:59.841,0.195312,0.473633,0.556641,0.185547,0.65918,2.211914,1
17/11/2017 07:35:00.840,0.19043,0.478516,0.556641,0.185547,0.664062,2.211914,1
17/11/2017 07:35:01.839,0.19043,0.478516,0.556641,0.185547,0.664062,2.211914,1
17/11/2017 07:35:02.839,0.19043,0.473633,0.556641,0.185547,0.664062,2.211914,1
17/11/2017 07:35:03.843,0.195312,0.473633,0.556641,0.185547,0.664062,2.211914,1
17/11/2017 07:35:04.842,0.195312,0.478516,0.556641,0.185547,0.65918,2.211914,1
17/11/2017 07:35:05.841,0.19043,0.478516,0.556641,0.185547,0.664062,2.211914,1
17/11/2017 07:35:06.840,0.19043,0.478516,0.556641,0.185547,0.664062,2.211914,1
17/11/2017 07:35:07.844,0.195312,0.478516,0.556641,0.185547,0.664062,2.211914,1
17/11/2017 07:35:08.843,0.195312,0.478516,0.556641,0.185547,0.664062,2.211914,1
17/11/2017 07:35:09.843,0.19043,0.478516,0.556641,0.185547,0.664062,2.211914,1
17/11/2017 07:35:10.846,0.19043,0.478516,0.556641,0.185547,0.664062,2.211914,1
17/11/2017 07:35:11.845,0.195312,0.478516,0.556641,0.185547,0.664062,2.211914,1
17/11/2017 07:35:12.846,0.195312,0.478516,0.556641,0.185547,0.664062,2.211914,1
17/11/2017 07:35:13.846,0.195312,0.478516,0.556641,0.185547,0.664062,2.211914,1
17/11/2017 07:35:14.845,0.195312,0.478516,0.556641,0.185547,0.664062,2.211914,1
17/11/2017 07:35:15.847,0.19043,0.478516,0.556641,0.185547,0.664062,2.211914,1
17/11/2017 07:35:16.847,0.19043,0.478516,0.556641,0.185547,0.664062,2.211914,1
17/11/2017 07:35:17.847,0.195312,0.478516,0.556641,0.185547,0.664062,2.211914,1
17/11/2017 07:35:18.850,0.19043,0.478516,0.556641,0.185547,0.664062,2.211914,1
17/11/2017 07:35:19.845,0.195312,0.478516,0.556641,0.185547,0.664062,2.211914,1
17/11/2017 07:35:20.848,0.195312,0.478516,0.556641,0.185547,0.664062,2.211914,1
17/11/2017 07:35:21.847,0.195312,0.478516,0.556641,0.185547,0.664062,2.211914,1
17/11/2017 07:35:22.847,0.195312,0.478516,0.556641,0.185547,0.664062,2.211914,1
17/11/2017 07:35:23.845,0.195312,0.478516,0.556641,0.185547,0.65918,2.211914,1
17/11/2017 07:35:24.849,0.195312,0.478516,0.556641,0.185547,0.664062,2.211914,1
17/11/2017 07:35:25.848,0.19043,0.478516,0.556641,0.185547,0.664062,2.211914,1
17/11/2017 07:35:26.849,0.195312,0.478516,0.556641,0.185547,0.664062,2.211914,1
17/11/2017 07:35:27.847,0.195312,0.478516,0.556641,0.185547,0.664062,2.211914,1
17/11/2017 07:35:28.851,0.19043,0.478516,0.556641,0.185547,0.664062,2.211914,1
17/11/2017 07:35:29.851,0.195312,0.478516,0.556641,0.185547,0.664062,2.211914,1
17/11/2017 07:35:30.850,0.195312,0.478516,0.556641,0.185547,0.664062,2.211914,1
17/11/2017 07:35:31.849,0.195312,0.478516,0.556641,0.185547,0.664062,2.211914,1
17/11/2017 07:35:32.850,0.195312,0.478516,0.556641,0.185547,0.664062,2.211914,1
17/11/2017 07:35:33.848,0.19043,0.478516,0.556641,0.185547,0.664062,2.211914,1
17/11/2017 07:35:34.849,0.195312,0.478516,0.556641,0.185547,0.664062,2.211914,1
17/11/2017 07:35:35.852,0.195312,0.478516,0.556641,0.185547,0.664062,2.216797,1
17/11/2017 07:35:36.850,0.195312,0.478516,0.556641,0.185547,0.664062,2.211914,1
17/11/2017 07:35:37.850,0.195312,0.478516,0.556641,0.185547,0.664062,2.211914,1
17/11/2017 07:35:38.849,0.195312,0.478516,0.556641,0.185547,0.664062,2.211914,1
17/11/2017 07:35:39.853,0.195312,0.478516,0.561523,0.185547,0.664062,2.211914,1
17/11/2017 07:35:40.851,0.195312,0.483398,0.556641,0.185547,0.664062,2.216797,1
17/11/2017 07:35:41.851,0.195312,0.478516,0.561523,0.185547,0.664062,2.216797,1
17/11/2017 07:35:42.851,0.195312,0.478516,0.556641,0.185547,0.664062,2.211914,1
17/11/2017 07:35:43.850,0.195312,0.478516,0.561523,0.185547,0.664062,2.211914,1
17/11/2017 07:35:44.851,0.195312,0.478516,0.556641,0.185547,0.664062,2.211914,1
17/11/2017 07:35:45.853,0.195312,0.483398,0.561523,0.185547,0.664062,2.211914,1
17/11/2017 07:35:46.853,0.195312,0.478516,0.561523,0.185547,0.664062,2.211914,1
17/11/2017 07:35:47.851,0.195312,0.478516,0.561523,0.185547,0.664062,2.211914,1
17/11/2017 07:35:48.852,0.195312,0.483398,0.561523,0.185547,0.664062,2.211914,1
17/11/2017 07:35:49.851,0.195312,0.483398,0.561523,0.185547,0.664062,2.211914,1
17/11/2017 07:35:50.855,0.195312,0.478516,0.561523,0.185547,0.664062,2.211914,1
17/11/2017 07:35:51.853,0.195312,0.483398,0.561523,0.185547,0.664062,2.211914,1
17/11/2017 07:35:52.854,0.195312,0.483398,0.561523,0.185547,0.664062,2.211914,1
17/11/2017 07:35:53.852,0.195312,0.483398,0.561523,0.185547,0.664062,2.211914,1
17/11/2017 07:35:54.855,0.195312,0.483398,0.561523,0.185547,0.664062,2.211914,1
17/11/2017 07:35:55.854,0.195312,0.483398,0.561523,0.185547,0.664062,2.211914,1
17/11/2017 07:35:56.854,0.195312,0.483398,0.561523,0.185547,0.664062,2.211914,1
17/11/2017 07:35:57.854,0.195312,0.483398,0.561523,0.185547,0.664062,2.211914,1
17/11/2017 07:35:58.853,0.195312,0.483398,0.561523,0.185547,0.664062,2.211914,1
17/11/2017 07:35:59.856,0.195312,0.483398,0.561523,0.185547,0.664062,2.211914,1
17/11/2017 07:36:00.856,0.195312,0.483398,0.561523,0.185547,0.664062,2.211914,1
17/11/2017 07:36:01.855,0.195312,0.483398,0.561523,0.185547,0.664062,2.211914,1
17/11/2017 07:36:02.854,0.195312,0.483398,0.561523,0.185547,0.664062,2.211914,1
17/11/2017 07:36:03.853,0.195312,0.483398,0.561523,0.185547,0.664062,2.211914,1
17/11/2017 07:36:04.857,0.195312,0.483398,0.561523,0.185547,0.664062,2.211914,1
17/11/2017 07:36:05.856,0.195312,0.483398,0.561523,0.185547,0.664062,2.211914,1
17/11/2017 07:36:06.855,0.195312,0.483398,0.561523,0.185547,0.664062,2.216797,1
17/11/2017 07:36:07.857,0.195312,0.483398,0.561523,0.185547,0.664062,2.211914,1
17/11/2017 07:36:08.854,0.195312,0.483398,0.561523,0.185547,0.664062,2.211914,1
17/11/2017 07:36:09.859,0.195312,0.483398,0.561523,0.185547,0.664062,2.211914,1
17/11/2017 07:36:10.856,0.195312,0.483398,0.561523,0.185547,0.664062,2.211914,1
17/11/2017 07:36:11.856,0.195312,0.483398,0.561523,0.185547,0.664062,2.211914,1
17/11/2017 07:36:12.856,0.195312,0.483398,0.561523,0.185547,0.664062,2.211914,1
17/11/2017 07:36:13.855,0.195312,0.483398,0.561523,0.185547,0.664062,2.211914,1
17/11/2017 07:36:14.860,0.195312,0.483398,0.561523,0.185547,0.664062,2.211914,1
17/11/2017 07:36:15.858,0.195312,0.483398,0.561523,0.185547,0.664062,2.211914,1
17/11/2017 07:36:16.859,0.195312,0.483398,0.561523,0.185547,0.664062,2.211914,1
17/11/2017 07:36:17.856,0.195312,0.483398,0.561523,0.185547,0.664062,2.211914,1
17/11/2017 07:36:18.861,0.195312,0.483398,0.561523,0.185547,0.664062,2.211914,1
17/11/2017 07:36:19.860,0.195312,0.483398,0.561523,0.185547,0.664062,2.211914,1
17/11/2017 07:36:20.859,0.195312,0.483398,0.561523,0.185547,0.664062,2.207031,1
17/11/2017 07:36:21.858,0.195312,0.483398,0.561523,0.185547,0.664062,2.207031,1
17/11/2017 07:36:22.858,0.195312,0.483398,0.561523,0.185547,0.664062,2.207031,1
17/11/2017 07:36:23.861,0.195312,0.483398,0.561523,0.185547,0.664062,2.207031,1
17/11/2017 07:36:24.861,0.195312,0.483398,0.561523,0.185547,0.664062,2.207031,1
17/11/2017 07:36:25.860,0.195312,0.483398,0.561523,0.185547,0.664062,2.207031,1
17/11/2017 07:36:26.859,0.195312,0.483398,0.561523,0.185547,0.664062,2.207031,1
17/11/2017 07:36:27.859,0.195312,0.483398,0.561523,0.185547,0.664062,2.207031,1
17/11/2017 07:36:28.858,0.195312,0.483398,0.561523,0.185547,0.664062,2.207031,1
17/11/2017 07:36:29.861,0.195312,0.483398,0.561523,0.185547,0.664062,2.207031,1
17/11/2017 07:36:30.861,0.195312,0.483398,0.561523,0.185547,0.664062,2.207031,1
17/11/2017 07:36:31.865,0.195312,0.483398,0.561523,0.185547,0.664062,2.207031,1
17/11/2017 07:36:32.865,0.195312,0.483398,0.561523,0.185547,0.664062,2.211914,1
17/11/2017 07:36:33.863,0.195312,0.483398,0.561523,0.185547,0.664062,2.207031,1
17/11/2017 07:36:34.863,0.195312,0.483398,0.561523,0.185547,0.664062,2.207031,1
17/11/2017 07:36:35.862,0.195312,0.483398,0.561523,0.185547,0.664062,2.211914,1
17/11/2017 07:36:36.862,0.195312,0.483398,0.561523,0.185547,0.664062,2.211914,1
17/11/2017 07:36:37.865,0.195312,0.483398,0.561523,0.185547,0.664062,2.211914,1
17/11/2017 07:36:38.864,0.195312,0.483398,0.561523,0.185547,0.664062,2.211914,1
17/11/2017 07:36:39.865,0.195312,0.483398,0.561523,0.185547,0.664062,2.211914,1
17/11/2017 07:36:40.863,0.195312,0.483398,0.561523,0.19043,0.664062,2.211914,1
17/11/2017 07:36:41.866,0.195312,0.483398,0.561523,0.185547,0.664062,2.211914,1
17/11/2017 07:36:42.866,0.195312,0.483398,0.561523,0.185547,0.664062,2.211914,1
17/11/2017 07:36:43.864,0.195312,0.483398,0.561523,0.185547,0.664062,2.211914,1
17/11/2017 07:36:44.864,0.195312,0.483398,0.561523,0.185547,0.664062,2.211914,1
17/11/2017 07:36:45.865,0.195312,0.483398,0.561523,0.185547,0.664062,2.211914,1
17/11/2017 07:36:46.863,0.195312,0.483398,0.561523,0.185547,0.664062,2.211914,1
17/11/2017 07:36:47.862,0.195312,0.483398,0.561523,0.185547,0.664062,2.211914,1
17/11/2017 07:36:48.865,0.195312,0.488281,0.561523,0.185547,0.664062,2.211914,1
17/11/2017 07:36:49.866,0.195312,0.488281,0.561523,0.185547,0.664062,2.211914,1
17/11/2017 07:36:50.865,0.195312,0.483398,0.561523,0.185547,0.664062,2.207031,1
17/11/2017 07:36:51.864,0.195312,0.483398,0.561523,0.185547,0.664062,2.211914,1
17/11/2017 07:36:52.867,0.195312,0.483398,0.561523,0.185547,0.664062,2.211914,1
17/11/2017 07:36:53.868,0.195312,0.483398,0.561523,0.185547,0.664062,2.211914,1
17/11/2017 07:36:54.867,0.195312,0.483398,0.561523,0.185547,0.664062,2.211914,1
17/11/2017 07:36:55.865,0.195312,0.488281,0.561523,0.185547,0.664062,2.211914,1
17/11/2017 07:36:56.865,0.195312,0.483398,0.561523,0.185547,0.664062,2.207031,1
17/11/2017 07:36:57.869,0.195312,0.483398,0.561523,0.185547,0.664062,2.207031,1
17/11/2017 07:36:58.869,0.195312,0.488281,0.561523,0.185547,0.664062,2.207031,1
17/11/2017 07:36:59.866,0.195312,0.488281,0.561523,0.185547,0.664062,2.207031,1
17/11/2017 07:37:00.871,0.195312,0.488281,0.561523,0.185547,0.664062,2.207031,1
17/11/2017 07:37:01.870,0.195312,0.488281,0.561523,0.185547,0.664062,2.207031,1
17/11/2017 07:37:02.869,0.200195,0.483398,0.561523,0.185547,0.664062,2.207031,1
17/11/2017 07:37:03.869,0.200195,0.488281,0.561523,0.185547,0.664062,2.207031,1
17/11/2017 07:37:04.867,0.195312,0.488281,0.561523,0.185547,0.664062,2.207031,1
17/11/2017 07:37:05.872,0.195312,0.488281,0.561523,0.185547,0.664062,2.207031,1
17/11/2017 07:37:06.871,0.200195,0.488281,0.561523,0.185547,0.664062,2.207031,1
17/11/2017 07:37:07.871,0.195312,0.488281,0.561523,0.185547,0.664062,2.207031,1
17/11/2017 07:37:08.870,0.195312,0.488281,0.561523,0.185547,0.664062,2.207031,1
17/11/2017 07:37:09.868,0.200195,0.488281,0.561523,0.185547,0.664062,2.207031,1
17/11/2017 07:37:10.872,0.195312,0.488281,0.561523,0.185547,0.664062,2.207031,1
17/11/2017 07:37:11.873,0.200195,0.488281,0.561523,0.185547,0.664062,2.207031,1
17/11/2017 07:37:12.871,0.200195,0.488281,0.561523,0.185547,0.664062,2.207031,1
17/11/2017 07:37:13.871,0.200195,0.488281,0.561523,0.185547,0.664062,2.207031,1
17/11/2017 07:37:14.870,0.200195,0.488281,0.561523,0.185547,0.664062,2.207031,1
17/11/2017 07:37:15.869,0.200195,0.488281,0.561523,0.185547,0.664062,2.207031,1
17/11/2017 07:37:16.873,0.200195,0.488281,0.561523,0.185547,0.664062,2.207031,1
17/11/2017 07:37:17.871,0.200195,0.488281,0.561523,0.185547,0.664062,2.207031,1
17/11/2017 07:37:18.872,0.200195,0.488281,0.561523,0.185547,0.664062,2.207031,1
17/11/2017 07:37:19.871,0.200195,0.488281,0.561523,0.185547,0.664062,2.207031,1
17/11/2017 07:37:20.875,0.195312,0.488281,0.561523,0.185547,0.664062,2.211914,1
17/11/2017 07:37:21.875,0.200195,0.488281,0.561523,0.185547,0.664062,2.211914,1
17/11/2017 07:37:22.873,0.200195,0.488281,0.561523,0.185547,0.664062,2.207031,1
17/11/2017 07:37:23.872,0.200195,0.488281,0.561523,0.185547,0.664062,2.211914,1
17/11/2017 07:37:24.876,0.200195,0.488281,0.561523,0.185547,0.664062,2.211914,1
17/11/2017 07:37:25.876,0.200195,0.488281,0.561523,0.185547,0.664062,2.211914,1
17/11/2017 07:37:26.875,0.200195,0.488281,0.561523,0.185547,0.664062,2.211914,1
17/11/2017 07:37:27.874,0.200195,0.488281,0.561523,0.185547,0.664062,2.211914,1
17/11/2017 07:37:28.873,0.200195,0.488281,0.561523,0.185547,0.664062,2.207031,1
17/11/2017 07:37:29.876,0.200195,0.488281,0.561523,0.185547,0.664062,2.207031,1
17/11/2017 07:37:30.877,0.200195,0.488281,0.561523,0.185547,0.664062,2.207031,1
17/11/2017 07:37:31.875,0.200195,0.488281,0.561523,0.185547,0.664062,2.207031,1
17/11/2017 07:37:32.880,0.200195,0.488281,0.561523,0.185547,0.664062,2.207031,1
17/11/2017 07:37:33.879,0.200195,0.488281,0.561523,0.185547,0.664062,2.202148,1
17/11/2017 07:37:34.877,0.200195,0.488281,0.561523,0.185547,0.664062,2.202148,1
17/11/2017 07:37:35.878,0.200195,0.488281,0.561523,0.185547,0.664062,2.202148,1
17/11/2017 07:37:36.877,0.200195,0.488281,0.561523,0.185547,0.668945,2.202148,1
17/11/2017 07:37:37.881,0.200195,0.488281,0.561523,0.185547,0.664062,2.202148,1
17/11/2017 07:37:38.880,0.200195,0.488281,0.561523,0.185547,0.664062,2.202148,1
17/11/2017 07:37:39.879,0.200195,0.488281,0.561523,0.185547,0.664062,2.202148,1
17/11/2017 07:37:40.882,0.200195,0.488281,0.561523,0.185547,0.664062,2.202148,1
17/11/2017 07:37:41.881,0.200195,0.488281,0.561523,0.185547,0.668945,2.202148,1
17/11/2017 07:37:42.880,0.200195,0.488281,0.561523,0.185547,0.664062,2.202148,1
17/11/2017 07:37:43.880,0.200195,0.488281,0.561523,0.185547,0.664062,2.202148,1
17/11/2017 07:37:44.880,0.200195,0.488281,0.566406,0.185547,0.664062,2.202148,1
17/11/2017 07:37:45.884,0.200195,0.488281,0.566406,0.185547,0.664062,2.202148,1
17/11/2017 07:37:46.882,0.200195,0.488281,0.566406,0.185547,0.664062,2.202148,1
17/11/2017 07:37:47.881,0.200195,0.488281,0.566406,0.185547,0.664062,2.202148,1
17/11/2017 07:37:48.881,0.200195,0.488281,0.566406,0.185547,0.668945,2.202148,1
17/11/2017 07:37:49.884,0.200195,0.488281,0.566406,0.185547,0.664062,2.202148,1
17/11/2017 07:37:50.884,0.200195,0.488281,0.566406,0.185547,0.668945,2.202148,1
17/11/2017 07:37:51.884,0.200195,0.488281,0.566406,0.185547,0.668945,2.202148,1
17/11/2017 07:37:52.882,0.200195,0.488281,0.566406,0.185547,0.664062,2.202148,1
17/11/2017 07:37:53.881,0.200195,0.488281,0.566406,0.185547,0.664062,2.202148,1
17/11/2017 07:37:54.886,0.200195,0.488281,0.566406,0.185547,0.664062,2.202148,1
17/11/2017 07:37:55.886,0.200195,0.488281,0.566406,0.185547,0.668945,2.202148,1
17/11/2017 07:37:56.884,0.200195,0.488281,0.566406,0.185547,0.664062,2.202148,1
17/11/2017 07:37:57.884,0.200195,0.488281,0.566406,0.185547,0.664062,2.202148,1
17/11/2017 07:37:58.887,0.200195,0.488281,0.566406,0.185547,0.664062,2.202148,1
17/11/2017 07:37:59.887,0.200195,0.488281,0.566406,0.185547,0.668945,2.202148,1
17/11/2017 07:38:00.886,0.200195,0.488281,0.566406,0.185547,0.668945,2.202148,1
17/11/2017 07:38:01.885,0.200195,0.488281,0.566406,0.185547,0.664062,2.202148,1
17/11/2017 07:38:02.889,0.200195,0.488281,0.566406,0.185547,0.664062,2.202148,1
17/11/2017 07:38:03.889,0.200195,0.488281,0.566406,0.185547,0.664062,2.202148,1
17/11/2017 07:38:04.887,0.200195,0.488281,0.566406,0.185547,0.664062,2.202148,1
17/11/2017 07:38:05.892,0.200195,0.488281,0.566406,0.185547,0.664062,2.202148,1
17/11/2017 07:38:06.890,0.200195,0.488281,0.566406,0.185547,0.668945,2.202148,1
17/11/2017 07:38:07.889,0.200195,0.488281,0.566406,0.185547,0.668945,2.202148,1
17/11/2017 07:38:08.888,0.200195,0.488281,0.566406,0.185547,0.668945,2.202148,1
17/11/2017 07:38:09.893,0.200195,0.488281,0.566406,0.185547,0.668945,2.202148,1
17/11/2017 07:38:10.891,0.200195,0.488281,0.566406,0.185547,0.668945,2.202148,1
17/11/2017 07:38:11.895,0.200195,0.488281,0.566406,0.185547,0.668945,2.202148,1
17/11/2017 07:38:12.895,0.200195,0.488281,0.566406,0.185547,0.668945,2.202148,1
17/11/2017 07:38:13.894,0.200195,0.488281,0.566406,0.185547,0.668945,2.202148,1
17/11/2017 07:38:14.899,0.200195,0.488281,0.566406,0.185547,0.668945,2.202148,1
17/11/2017 07:38:15.897,0.200195,0.488281,0.566406,0.185547,0.668945,2.202148,1
17/11/2017 07:38:16.897,0.200195,0.488281,0.566406,0.185547,0.668945,2.202148,1
17/11/2017 07:38:17.895,0.200195,0.488281,0.566406,0.185547,0.668945,2.202148,1
17/11/2017 07:38:18.896,0.200195,0.488281,0.566406,0.185547,0.668945,2.202148,1
17/11/2017 07:38:19.894,0.200195,0.493164,0.566406,0.185547,0.668945,2.202148,1
17/11/2017 07:38:20.893,0.200195,0.488281,0.566406,0.185547,0.668945,2.202148,1
17/11/2017 07:38:21.897,0.200195,0.488281,0.566406,0.185547,0.668945,2.202148,1
17/11/2017 07:38:22.896,0.200195,0.488281,0.566406,0.185547,0.668945,2.202148,1
17/11/2017 07:38:23.897,0.200195,0.493164,0.566406,0.185547,0.668945,2.202148,1
17/11/2017 07:38:24.896,0.200195,0.488281,0.566406,0.185547,0.668945,2.202148,1
17/11/2017 07:38:25.894,0.200195,0.488281,0.566406,0.185547,0.668945,2.202148,1
17/11/2017 07:38:26.898,0.200195,0.493164,0.566406,0.185547,0.668945,2.202148,1
17/11/2017 07:38:27.898,0.200195,0.493164,0.566406,0.185547,0.668945,2.197266,1
17/11/2017 07:38:28.897,0.200195,0.488281,0.566406,0.185547,0.668945,2.197266,1
17/11/2017 07:38:29.895,0.200195,0.493164,0.566406,0.185547,0.668945,2.197266,1
17/11/2017 07:38:30.895,0.200195,0.493164,0.566406,0.185547,0.668945,2.197266,1
17/11/2017 07:38:31.899,0.200195,0.493164,0.566406,0.185547,0.668945,2.202148,1
17/11/2017 07:38:32.898,0.200195,0.493164,0.566406,0.185547,0.668945,2.202148,1
17/11/2017 07:38:33.898,0.200195,0.493164,0.566406,0.185547,0.668945,2.202148,1
17/11/2017 07:38:34.898,0.200195,0.493164,0.566406,0.185547,0.668945,2.202148,1
17/11/2017 07:38:35.901,0.200195,0.493164,0.566406,0.185547,0.668945,2.202148,1
17/11/2017 07:38:36.900,0.200195,0.493164,0.566406,0.185547,0.668945,2.202148,1
17/11/2017 07:38:37.900,0.200195,0.493164,0.566406,0.185547,0.668945,2.202148,1
17/11/2017 07:38:38.899,0.200195,0.493164,0.566406,0.185547,0.668945,2.202148,1
17/11/2017 07:38:39.901,0.200195,0.493164,0.566406,0.185547,0.668945,2.202148,1
17/11/2017 07:38:40.901,0.200195,0.493164,0.566406,0.185547,0.668945,2.202148,1
17/11/2017 07:38:41.901,0.200195,0.493164,0.566406,0.185547,0.668945,2.202148,1
17/11/2017 07:38:42.901,0.200195,0.493164,0.566406,0.185547,0.668945,2.202148,1
17/11/2017 07:38:43.903,0.200195,0.493164,0.566406,0.185547,0.668945,2.207031,1
17/11/2017 07:38:44.903,0.200195,0.493164,0.566406,0.185547,0.668945,2.202148,1
17/11/2017 07:38:45.902,0.200195,0.493164,0.566406,0.185547,0.668945,2.202148,1
17/11/2017 07:38:46.905,0.200195,0.493164,0.566406,0.185547,0.668945,2.202148,1
17/11/2017 07:38:47.905,0.200195,0.493164,0.566406,0.185547,0.668945,2.202148,1
17/11/2017 07:38:48.905,0.200195,0.493164,0.566406,0.185547,0.668945,2.202148,1
17/11/2017 07:38:49.905,0.200195,0.493164,0.566406,0.185547,0.668945,2.202148,1
17/11/2017 07:38:50.904,0.200195,0.493164,0.566406,0.185547,0.668945,2.202148,1
17/11/2017 07:38:51.907,0.200195,0.493164,0.566406,0.185547,0.668945,2.202148,1
17/11/2017 07:38:52.907,0.200195,0.493164,0.566406,0.185547,0.668945,2.202148,1
17/11/2017 07:38:53.905,0.200195,0.493164,0.566406,0.185547,0.668945,2.202148,1
17/11/2017 07:38:54.904,0.200195,0.493164,0.566406,0.185547,0.668945,2.202148,1
17/11/2017 07:38:55.908,0.200195,0.493164,0.566406,0.185547,0.668945,2.202148,1
17/11/2017 07:38:56.907,0.200195,0.493164,0.566406,0.185547,0.668945,2.202148,1
17/11/2017 07:38:57.907,0.200195,0.493164,0.566406,0.185547,0.668945,2.197266,1
17/11/2017 07:38:58.911,0.200195,0.493164,0.566406,0.185547,0.668945,2.197266,1
17/11/2017 07:38:59.911,0.200195,0.493164,0.566406,0.185547,0.668945,2.197266,1
17/11/2017 07:39:00.909,0.200195,0.493164,0.566406,0.185547,0.668945,2.202148,1
17/11/2017 07:39:01.912,0.200195,0.493164,0.566406,0.185547,0.668945,2.197266,1
17/11/2017 07:39:02.913,0.200195,0.493164,0.566406,0.185547,0.668945,2.202148,1
17/11/2017 07:39:03.911,0.200195,0.493164,0.566406,0.185547,0.668945,2.197266,1
17/11/2017 07:39:04.911,0.200195,0.493164,0.566406,0.185547,0.668945,2.197266,1
17/11/2017 07:39:05.910,0.200195,0.493164,0.571289,0.185547,0.668945,2.197266,1
17/11/2017 07:39:06.909,0.200195,0.493164,0.566406,0.185547,0.668945,2.197266,1
17/11/2017 07:39:07.909,0.200195,0.493164,0.566406,0.185547,0.668945,2.197266,1
17/11/2017 07:39:08.912,0.200195,0.493164,0.566406,0.185547,0.668945,2.197266,1
17/11/2017 07:39:09.912,0.200195,0.493164,0.566406,0.185547,0.668945,2.197266,1
17/11/2017 07:39:10.910,0.200195,0.493164,0.566406,0.185547,0.668945,2.197266,1
17/11/2017 07:39:11.911,0.200195,0.493164,0.571289,0.185547,0.668945,2.202148,1
17/11/2017 07:39:12.914,0.200195,0.493164,0.571289,0.185547,0.668945,2.197266,1
17/11/2017 07:39:13.913,0.200195,0.493164,0.566406,0.185547,0.668945,2.197266,1
17/11/2017 07:39:14.912,0.205078,0.493164,0.571289,0.185547,0.668945,2.197266,1
17/11/2017 07:39:15.912,0.200195,0.493164,0.566406,0.185547,0.668945,2.197266,1
17/11/2017 07:39:16.916,0.200195,0.493164,0.571289,0.185547,0.668945,2.197266,1
17/11/2017 07:39:17.914,0.200195,0.493164,0.571289,0.185547,0.668945,2.197266,1
17/11/2017 07:39:18.913,0.200195,0.493164,0.566406,0.185547,0.668945,2.197266,1
17/11/2017 07:39:19.913,0.200195,0.493164,0.571289,0.185547,0.668945,2.197266,1
17/11/2017 07:39:20.913,0.200195,0.493164,0.571289,0.185547,0.668945,2.197266,1
17/11/2017 07:39:21.917,0.200195,0.493164,0.571289,0.185547,0.668945,2.197266,1
17/11/2017 07:39:22.915,0.200195,0.493164,0.566406,0.185547,0.668945,2.192383,1
17/11/2017 07:39:23.915,0.200195,0.493164,0.571289,0.185547,0.668945,2.197266,1
17/11/2017 07:39:24.914,0.200195,0.493164,0.571289,0.185547,0.668945,2.197266,1
17/11/2017 07:39:25.917,0.200195,0.488281,0.566406,0.185547,0.649414,2.192383,1
17/11/2017 07:39:26.918,0.200195,0.483398,0.566406,0.185547,0.629883,2.182617,1
17/11/2017 07:39:27.920,0.200195,0.473633,0.556641,0.185547,0.615234,2.172852,1
17/11/2017 07:39:28.920,0.195312,0.463867,0.551758,0.185547,0.605469,2.158203,1
17/11/2017 07:39:29.919,0.195312,0.458984,0.541992,0.180664,0.595703,2.138672,1
17/11/2017 07:39:30.918,0.19043,0.449219,0.537109,0.180664,0.585937,2.124023,1
17/11/2017 07:39:31.918,0.19043,0.444336,0.527344,0.180664,0.576172,2.104492,1
17/11/2017 07:39:32.917,0.19043,0.439453,0.517578,0.175781,0.571289,2.084961,1
17/11/2017 07:39:33.921,0.19043,0.429687,0.512695,0.175781,0.566406,2.060547,1
17/11/2017 07:39:34.920,0.185547,0.429687,0.50293,0.175781,0.556641,2.041016,1
17/11/2017 07:39:35.919,0.185547,0.424805,0.498047,0.175781,0.551758,2.021484,1
17/11/2017 07:39:36.923,0.185547,0.419922,0.488281,0.175781,0.546875,2.001953,1
17/11/2017 07:39:37.923,0.180664,0.410156,0.483398,0.170898,0.541992,1.977539,1
17/11/2017 07:39:38.922,0.180664,0.405273,0.478516,0.170898,0.537109,1.958008,1
17/11/2017 07:39:39.921,0.180664,0.405273,0.473633,0.170898,0.532227,1.938477,1
17/11/2017 07:39:40.920,0.180664,0.400391,0.463867,0.170898,0.532227,1.918945,1
17/11/2017 07:39:41.925,0.175781,0.395508,0.458984,0.170898,0.527344,1.899414,1
17/11/2017 07:39:42.922,0.175781,0.390625,0.454102,0.166016,0.522461,1.879883,1
17/11/2017 07:39:43.923,0.175781,0.385742,0.454102,0.166016,0.517578,1.865234,1
17/11/2017 07:39:44.927,0.175781,0.380859,0.449219,0.166016,0.512695,1.845703,1
17/11/2017 07:39:45.925,0.170898,0.375977,0.444336,0.166016,0.512695,1.826172,1
17/11/2017 07:39:46.925,0.170898,0.375977,0.439453,0.166016,0.507812,1.811523,1
17/11/2017 07:39:47.924,0.170898,0.371094,0.43457,0.166016,0.507812,1.791992,1
17/11/2017 07:39:48.927,0.170898,0.371094,0.429687,0.161133,0.50293,1.777344,1
17/11/2017 07:39:49.929,0.170898,0.366211,0.424805,0.161133,0.498047,1.762695,1
17/11/2017 07:39:50.926,0.166016,0.361328,0.424805,0.161133,0.498047,1.748047,1
17/11/2017 07:39:51.925,0.166016,0.356445,0.419922,0.161133,0.493164,1.733398,1
17/11/2017 07:39:52.930,0.166016,0.356445,0.419922,0.161133,0.493164,1.71875,1
17/11/2017 07:39:53.928,0.166016,0.351562,0.415039,0.161133,0.488281,1.704102,1
17/11/2017 07:39:54.928,0.166016,0.34668,0.415039,0.161133,0.483398,1.689453,1
17/11/2017 07:39:55.927,0.166016,0.34668,0.410156,0.161133,0.483398,1.679687,1
17/11/2017 07:39:56.927,0.166016,0.341797,0.405273,0.15625,0.478516,1.665039,1
17/11/2017 07:39:57.930,0.166016,0.336914,0.405273,0.15625,0.478516,1.655273,1
17/11/2017 07:39:58.930,0.166016,0.336914,0.400391,0.15625,0.473633,1.645508,1
17/11/2017 07:39:59.929,0.161133,0.336914,0.400391,0.15625,0.473633,1.630859,1
17/11/2017 07:40:00.928,0.161133,0.332031,0.400391,0.15625,0.473633,1.621094,1
17/11/2017 07:40:01.931,0.161133,0.327148,0.395508,0.15625,0.46875,1.611328,1
17/11/2017 07:40:02.931,0.161133,0.327148,0.395508,0.15625,0.463867,1.601562,1
17/11/2017 07:40:03.931,0.161133,0.322266,0.390625,0.15625,0.463867,1.591797,1
17/11/2017 07:40:04.931,0.161133,0.317383,0.390625,0.15625,0.463867,1.582031,1
17/11/2017 07:40:05.933,0.161133,0.317383,0.390625,0.15625,0.463867,1.572266,1
17/11/2017 07:40:06.932,0.15625,0.317383,0.385742,0.151367,0.458984,1.5625,1
17/11/2017 07:40:07.932,0.15625,0.3125,0.385742,0.151367,0.458984,1.552734,1
17/11/2017 07:40:08.932,0.15625,0.3125,0.380859,0.151367,0.454102,1.547852,1
17/11/2017 07:40:09.936,0.15625,0.307617,0.380859,0.151367,0.454102,1.538086,1
17/11/2017 07:40:10.935,0.15625,0.307617,0.380859,0.151367,0.454102,1.533203,1
17/11/2017 07:40:11.933,0.15625,0.302734,0.380859,0.151367,0.449219,1.523437,1
17/11/2017 07:40:12.933,0.15625,0.302734,0.375977,0.151367,0.449219,1.513672,1
17/11/2017 07:40:13.936,0.15625,0.297852,0.375977,0.151367,0.449219,1.508789,1
17/11/2017 07:40:14.936,0.15625,0.297852,0.375977,0.151367,0.444336,1.499023,1
17/11/2017 07:40:15.935,0.15625,0.292969,0.375977,0.146484,0.444336,1.494141,1
17/11/2017 07:40:16.935,0.151367,0.292969,0.371094,0.151367,0.444336,1.489258,1
17/11/2017 07:40:17.938,0.151367,0.288086,0.371094,0.146484,0.439453,1.484375,1
17/11/2017 07:40:18.936,0.151367,0.288086,0.371094,0.146484,0.439453,1.474609,1
17/11/2017 07:40:19.937,0.151367,0.288086,0.371094,0.146484,0.439453,1.469727,1
17/11/2017 07:40:20.939,0.151367,0.283203,0.366211,0.146484,0.439453,1.464844,1
17/11/2017 07:40:21.941,0.151367,0.283203,0.366211,0.146484,0.43457,1.459961,1
17/11/2017 07:40:22.943,0.151367,0.27832,0.366211,0.146484,0.43457,1.455078,1
17/11/2017 07:40:23.941,0.151367,0.27832,0.366211,0.146484,0.43457,1.450195,1
17/11/2017 07:40:24.942,0.151367,0.27832,0.366211,0.146484,0.429687,1.445312,1
17/11/2017 07:40:25.940,0.151367,0.273437,0.361328,0.146484,0.429687,1.44043,1
17/11/2017 07:40:26.941,0.151367,0.273437,0.361328,0.146484,0.429687,1.435547,1
17/11/2017 07:40:27.940,0.151367,0.268555,0.361328,0.146484,0.429687,1.430664,1
17/11/2017 07:40:28.944,0.146484,0.268555,0.361328,0.141602,0.429687,1.425781,1
17/11/2017 07:40:29.943,0.146484,0.268555,0.361328,0.141602,0.424805,1.420898,1
17/11/2017 07:40:30.942,0.146484,0.263672,0.356445,0.146484,0.424805,1.416016,1
17/11/2017 07:40:31.941,0.146484,0.263672,0.356445,0.141602,0.424805,1.411133,1
17/11/2017 07:40:32.945,0.146484,0.263672,0.356445,0.141602,0.424805,1.40625,1
17/11/2017 07:40:33.944,0.146484,0.263672,0.356445,0.141602,0.419922,1.40625,1
17/11/2017 07:40:34.944,0.146484,0.258789,0.356445,0.141602,0.419922,1.401367,1
17/11/2017 07:40:35.948,0.146484,0.258789,0.356445,0.141602,0.419922,1.396484,1
17/11/2017 07:40:36.946,0.146484,0.258789,0.356445,0.141602,0.419922,1.391602,1
17/11/2017 07:40:37.946,0.146484,0.253906,0.351562,0.141602,0.419922,1.391602,1
17/11/2017 07:40:38.950,0.146484,0.253906,0.351562,0.141602,0.415039,1.386719,1
17/11/2017 07:40:39.949,0.146484,0.253906,0.351562,0.141602,0.415039,1.381836,1
17/11/2017 07:40:40.949,0.146484,0.253906,0.351562,0.141602,0.415039,1.376953,1
17/11/2017 07:40:41.947,0.146484,0.249023,0.351562,0.141602,0.415039,1.376953,1
17/11/2017 07:40:42.947,0.146484,0.249023,0.351562,0.141602,0.415039,1.37207,1
17/11/2017 07:40:43.951,0.141602,0.249023,0.34668,0.136719,0.415039,1.367187,1
17/11/2017 07:40:44.949,0.141602,0.244141,0.351562,0.136719,0.410156,1.367187,1
17/11/2017 07:40:45.949,0.141602,0.244141,0.34668,0.136719,0.410156,1.362305,1
17/11/2017 07:40:46.949,0.141602,0.244141,0.34668,0.136719,0.410156,1.362305,1
17/11/2017 07:40:47.948,0.141602,0.239258,0.34668,0.136719,0.410156,1.357422,1
17/11/2017 07:40:48.952,0.141602,0.239258,0.34668,0.136719,0.410156,1.352539,1
17/11/2017 07:40:49.951,0.141602,0.239258,0.34668,0.136719,0.410156,1.352539,1
17/11/2017 07:40:50.950,0.141602,0.239258,0.34668,0.136719,0.410156,1.347656,1
17/11/2017 07:40:51.949,0.141602,0.239258,0.34668,0.136719,0.405273,1.347656,1
17/11/2017 07:40:52.949,0.141602,0.234375,0.341797,0.136719,0.405273,1.342773,1
17/11/2017 07:40:53.953,0.141602,0.234375,0.341797,0.136719,0.405273,1.342773,1
17/11/2017 07:40:54.951,0.141602,0.234375,0.341797,0.136719,0.405273,1.337891,1
17/11/2017 07:40:55.951,0.141602,0.234375,0.341797,0.136719,0.405273,1.337891,1
17/11/2017 07:40:56.949,0.141602,0.234375,0.341797,0.136719,0.405273,1.333008,1
17/11/2017 07:40:57.950,0.141602,0.234375,0.341797,0.136719,0.405273,1.333008,1
17/11/2017 07:40:58.953,0.141602,0.229492,0.341797,0.136719,0.405273,1.328125,1
17/11/2017 07:40:59.952,0.136719,0.229492,0.341797,0.136719,0.400391,1.328125,1
17/11/2017 07:41:00.952,0.136719,0.229492,0.341797,0.131836,0.400391,1.323242,1
17/11/2017 07:41:01.952,0.136719,0.229492,0.336914,0.131836,0.400391,1.323242,1
17/11/2017 07:41:02.954,0.136719,0.229492,0.336914,0.131836,0.400391,1.318359,1
17/11/2017 07:41:03.954,0.136719,0.224609,0.336914,0.131836,0.400391,1.318359,1
17/11/2017 07:41:04.953,0.136719,0.224609,0.336914,0.131836,0.400391,1.318359,1
17/11/2017 07:41:05.953,0.136719,0.224609,0.336914,0.131836,0.400391,1.313477,1
17/11/2017 07:41:06.957,0.136719,0.224609,0.336914,0.131836,0.395508,1.313477,1
17/11/2017 07:41:07.955,0.136719,0.224609,0.336914,0.131836,0.395508,1.313477,1
17/11/2017 07:41:08.956,0.136719,0.224609,0.336914,0.131836,0.395508,1.308594,1
17/11/2017 07:41:09.955,0.136719,0.219727,0.336914,0.131836,0.395508,1.308594,1
17/11/2017 07:41:10.954,0.136719,0.219727,0.336914,0.131836,0.395508,1.303711,1
17/11/2017 07:41:11.957,0.136719,0.219727,0.336914,0.131836,0.395508,1.303711,1
17/11/2017 07:41:12.956,0.136719,0.219727,0.336914,0.131836,0.395508,1.303711,1
17/11/2017 07:41:13.955,0.136719,0.219727,0.336914,0.131836,0.395508,1.298828,1
17/11/2017 07:41:14.959,0.136719,0.219727,0.336914,0.131836,0.395508,1.298828,1
17/11/2017 07:41:15.959,0.136719,0.219727,0.332031,0.131836,0.395508,1.298828,1
17/11/2017 07:41:16.957,0.136719,0.219727,0.332031,0.131836,0.395508,1.293945,1
17/11/2017 07:41:17.956,0.136719,0.214844,0.332031,0.131836,0.395508,1.293945,1
17/11/2017 07:41:18.960,0.136719,0.214844,0.332031,0.131836,0.390625,1.293945,1
17/11/2017 07:41:19.960,0.136719,0.214844,0.332031,0.126953,0.390625,1.293945,1
17/11/2017 07:41:20.959,0.136719,0.214844,0.332031,0.126953,0.390625,1.289062,1
17/11/2017 07:41:21.959,0.136719,0.214844,0.332031,0.126953,0.390625,1.289062,1
17/11/2017 07:41:22.958,0.136719,0.214844,0.332031,0.126953,0.390625,1.289062,1
17/11/2017 07:41:23.957,0.131836,0.209961,0.332031,0.126953,0.390625,1.28418,1
17/11/2017 07:41:24.960,0.131836,0.209961,0.332031,0.126953,0.390625,1.28418,1
17/11/2017 07:41:25.961,0.131836,0.209961,0.332031,0.126953,0.390625,1.28418,1
17/11/2017 07:41:26.960,0.131836,0.209961,0.332031,0.126953,0.390625,1.28418,1
17/11/2017 07:41:27.963,0.131836,0.209961,0.327148,0.126953,0.390625,1.279297,1
17/11/2017 07:41:28.963,0.131836,0.209961,0.327148,0.126953,0.390625,1.279297,1
17/11/2017 07:41:29.963,0.131836,0.209961,0.327148,0.126953,0.390625,1.279297,1
17/11/2017 07:41:30.961,0.131836,0.209961,0.327148,0.126953,0.390625,1.279297,1
17/11/2017 07:41:31.965,0.131836,0.205078,0.327148,0.126953,0.385742,1.274414,1
17/11/2017 07:41:32.965,0.131836,0.205078,0.327148,0.126953,0.385742,1.274414,1
17/11/2017 07:41:33.964,0.131836,0.205078,0.327148,0.126953,0.385742,1.274414,1
17/11/2017 07:41:34.966,0.131836,0.205078,0.327148,0.126953,0.385742,1.274414,1
17/11/2017 07:41:35.966,0.131836,0.205078,0.327148,0.126953,0.385742,1.269531,1
17/11/2017 07:41:36.965,0.131836,0.205078,0.327148,0.126953,0.385742,1.269531,1
17/11/2017 07:41:37.968,0.131836,0.205078,0.327148,0.126953,0.385742,1.269531,1
17/11/2017 07:41:38.968,0.131836,0.205078,0.327148,0.126953,0.385742,1.269531,1
17/11/2017 07:41:39.967,0.131836,0.205078,0.327148,0.126953,0.385742,1.264648,1
17/11/2017 07:41:40.967,0.131836,0.205078,0.327148,0.126953,0.385742,1.264648,1
17/11/2017 07:41:41.968,0.131836,0.200195,0.327148,0.126953,0.385742,1.264648,1
17/11/2017 07:41:42.966,0.131836,0.200195,0.327148,0.126953,0.385742,1.264648,1
17/11/2017 07:41:43.966,0.131836,0.200195,0.327148,0.12207,0.385742,1.264648,1
17/11/2017 07:41:44.968,0.131836,0.200195,0.327148,0.126953,0.385742,1.259766,1
17/11/2017 07:41:45.969,0.131836,0.200195,0.322266,0.126953,0.385742,1.259766,1
17/11/2017 07:41:46.972,0.131836,0.200195,0.322266,0.126953,0.385742,1.259766,1
17/11/2017 07:41:47.971,0.131836,0.200195,0.322266,0.12207,0.385742,1.259766,1
17/11/2017 07:41:48.970,0.131836,0.200195,0.322266,0.12207,0.380859,1.254883,1
17/11/2017 07:41:49.970,0.131836,0.200195,0.322266,0.12207,0.380859,1.254883,1
17/11/2017 07:41:50.969,0.126953,0.200195,0.322266,0.12207,0.380859,1.254883,1
17/11/2017 07:41:51.969,0.131836,0.195312,0.322266,0.12207,0.380859,1.254883,1
17/11/2017 07:41:52.971,0.131836,0.195312,0.322266,0.12207,0.380859,1.254883,1
17/11/2017 07:41:53.971,0.126953,0.195312,0.322266,0.12207,0.380859,1.25,1
17/11/2017 07:41:54.974,0.126953,0.195312,0.322266,0.12207,0.380859,1.25,1
17/11/2017 07:41:55.974,0.126953,0.195312,0.322266,0.12207,0.380859,1.25,1
17/11/2017 07:41:56.973,0.126953,0.195312,0.322266,0.12207,0.380859,1.25,1
17/11/2017 07:41:57.973,0.126953,0.195312,0.322266,0.12207,0.380859,1.25,1
17/11/2017 07:41:58.975,0.126953,0.195312,0.322266,0.12207,0.380859,1.25,1
17/11/2017 07:41:59.976,0.126953,0.195312,0.322266,0.12207,0.380859,1.245117,1
17/11/2017 07:42:00.975,0.126953,0.195312,0.322266,0.12207,0.380859,1.245117,1
17/11/2017 07:42:01.974,0.126953,0.195312,0.322266,0.12207,0.380859,1.245117,1
17/11/2017 07:42:02.973,0.126953,0.195312,0.317383,0.12207,0.380859,1.245117,1
17/11/2017 07:42:03.973,0.126953,0.195312,0.322266,0.12207,0.380859,1.245117,1
17/11/2017 07:42:04.977,0.126953,0.19043,0.322266,0.12207,0.380859,1.240234,1
17/11/2017 07:42:05.977,0.126953,0.19043,0.317383,0.12207,0.380859,1.240234,1
17/11/2017 07:42:06.976,0.126953,0.19043,0.322266,0.12207,0.380859,1.240234,1
17/11/2017 07:42:07.974,0.126953,0.19043,0.317383,0.12207,0.380859,1.240234,1
17/11/2017 07:42:08.973,0.126953,0.19043,0.317383,0.12207,0.380859,1.240234,1
17/11/2017 07:42:09.978,0.126953,0.19043,0.317383,0.12207,0.375977,1.240234,1
17/11/2017 07:42:10.976,0.126953,0.19043,0.317383,0.12207,0.375977,1.240234,1
17/11/2017 07:42:11.976,0.126953,0.19043,0.317383,0.12207,0.375977,1.235352,1
17/11/2017 07:42:12.975,0.126953,0.19043,0.317383,0.12207,0.380859,1.235352,1
17/11/2017 07:42:13.979,0.126953,0.19043,0.317383,0.12207,0.375977,1.235352,1
17/11/2017 07:42:14.978,0.126953,0.19043,0.317383,0.12207,0.375977,1.235352,1
17/11/2017 07:42:15.978,0.126953,0.19043,0.317383,0.12207,0.375977,1.235352,1
17/11/2017 07:42:16.977,0.126953,0.19043,0.317383,0.117187,0.375977,1.230469,1
17/11/2017 07:42:17.978,0.126953,0.19043,0.317383,0.12207,0.375977,1.230469,1
17/11/2017 07:42:18.980,0.126953,0.19043,0.317383,0.117187,0.375977,1.230469,1
17/11/2017 07:42:19.980,0.126953,0.185547,0.317383,0.117187,0.375977,1.230469,1
17/11/2017 07:42:20.980,0.126953,0.19043,0.317383,0.117187,0.375977,1.230469,1
17/11/2017 07:42:21.978,0.126953,0.19043,0.317383,0.117187,0.375977,1.230469,1
17/11/2017 07:42:22.980,0.126953,0.185547,0.317383,0.117187,0.375977,1.230469,1
17/11/2017 07:42:23.981,0.126953,0.185547,0.317383,0.117187,0.375977,1.230469,1
17/11/2017 07:42:24.980,0.126953,0.185547,0.3125,0.117187,0.375977,1.225586,1
17/11/2017 07:42:25.985,0.126953,0.185547,0.3125,0.117187,0.375977,1.225586,1
17/11/2017 07:42:26.983,0.126953,0.185547,0.3125,0.117187,0.375977,1.225586,1
17/11/2017 07:42:27.982,0.12207,0.185547,0.3125,0.117187,0.375977,1.225586,1
17/11/2017 07:42:28.981,0.126953,0.185547,0.3125,0.117187,0.375977,1.225586,1
17/11/2017 07:42:29.980,0.126953,0.185547,0.3125,0.117187,0.375977,1.225586,1
17/11/2017 07:42:30.980,0.12207,0.185547,0.3125,0.117187,0.375977,1.225586,1
17/11/2017 07:42:31.983,0.12207,0.185547,0.3125,0.117187,0.375977,1.225586,1
17/11/2017 07:42:32.983,0.12207,0.185547,0.3125,0.117187,0.375977,1.225586,1
17/11/2017 07:42:33.983,0.126953,0.185547,0.3125,0.117187,0.375977,1.220703,1
17/11/2017 07:42:34.982,0.126953,0.185547,0.3125,0.117187,0.375977,1.220703,1
17/11/2017 07:42:35.983,0.126953,0.185547,0.3125,0.117187,0.375977,1.220703,1
17/11/2017 07:42:36.984,0.12207,0.185547,0.3125,0.117187,0.375977,1.220703,1
17/11/2017 07:42:37.985,0.12207,0.185547,0.3125,0.117187,0.375977,1.220703,1
17/11/2017 07:42:38.983,0.126953,0.185547,0.3125,0.117187,0.375977,1.220703,1
17/11/2017 07:42:39.988,0.12207,0.185547,0.3125,0.117187,0.375977,1.220703,1
17/11/2017 07:42:40.987,0.12207,0.185547,0.3125,0.117187,0.371094,1.220703,1
17/11/2017 07:42:41.986,0.12207,0.185547,0.3125,0.117187,0.375977,1.220703,1
17/11/2017 07:42:42.990,0.12207,0.185547,0.3125,0.117187,0.375977,1.220703,1
17/11/2017 07:42:43.989,0.12207,0.180664,0.3125,0.117187,0.371094,1.220703,1
17/11/2017 07:42:44.987,0.12207,0.180664,0.3125,0.117187,0.371094,1.21582,1
17/11/2017 07:42:45.988,0.12207,0.185547,0.3125,0.117187,0.371094,1.21582,1
17/11/2017 07:42:46.990,0.12207,0.180664,0.3125,0.117187,0.371094,1.21582,1
17/11/2017 07:42:47.985,0.12207,0.180664,0.3125,0.117187,0.371094,1.21582,1
17/11/2017 07:42:48.990,0.12207,0.180664,0.3125,0.117187,0.371094,1.21582,1
17/11/2017 07:42:49.990,0.12207,0.180664,0.3125,0.117187,0.371094,1.21582,1
17/11/2017 07:42:50.988,0.12207,0.180664,0.3125,0.117187,0.371094,1.21582,1
17/11/2017 07:42:51.992,0.12207,0.180664,0.3125,0.117187,0.371094,1.21582,1
17/11/2017 07:42:52.990,0.12207,0.180664,0.3125,0.117187,0.371094,1.21582,1
17/11/2017 07:42:53.994,0.12207,0.180664,0.307617,0.117187,0.371094,1.210937,1
17/11/2017 07:42:54.995,0.12207,0.180664,0.3125,0.117187,0.371094,1.210937,1
17/11/2017 07:42:55.994,0.12207,0.180664,0.307617,0.117187,0.371094,1.210937,1
17/11/2017 07:42:56.997,0.12207,0.180664,0.307617,0.117187,0.371094,1.210937,1
17/11/2017 07:42:57.996,0.12207,0.180664,0.307617,0.112305,0.371094,1.210937,1
17/11/2017 07:42:58.996,0.12207,0.180664,0.307617,0.112305,0.371094,1.210937,1
17/11/2017 07:42:59.994,0.12207,0.180664,0.307617,0.112305,0.371094,1.210937,1
17/11/2017 07:43:00.994,0.12207,0.180664,0.307617,0.117187,0.371094,1.210937,1
17/11/2017 07:43:01.993,0.12207,0.180664,0.307617,0.112305,0.371094,1.210937,1
17/11/2017 07:43:02.997,0.12207,0.180664,0.307617,0.117187,0.371094,1.210937,1
17/11/2017 07:43:03.996,0.12207,0.180664,0.307617,0.117187,0.371094,1.206055,1
17/11/2017 07:43:04.995,0.12207,0.180664,0.307617,0.112305,0.371094,1.206055,1
17/11/2017 07:43:05.999,0.12207,0.180664,0.307617,0.112305,0.371094,1.206055,1
17/11/2017 07:43:06.998,0.12207,0.180664,0.307617,0.117187,0.371094,1.206055,1
17/11/2017 07:43:07.997,0.12207,0.180664,0.307617,0.112305,0.371094,1.206055,1
17/11/2017 07:43:08.998,0.12207,0.180664,0.307617,0.112305,0.371094,1.210937,1
17/11/2017 07:43:09.996,0.12207,0.175781,0.307617,0.112305,0.371094,1.206055,1
17/11/2017 07:43:11.001,0.12207,0.180664,0.307617,0.112305,0.371094,1.206055,1
17/11/2017 07:43:11.999,0.12207,0.175781,0.307617,0.112305,0.371094,1.206055,1
17/11/2017 07:43:12.999,0.12207,0.175781,0.307617,0.112305,0.371094,1.206055,1
17/11/2017 07:43:14.002,0.12207,0.180664,0.307617,0.112305,0.371094,1.206055,1
17/11/2017 07:43:15.001,0.12207,0.175781,0.307617,0.112305,0.371094,1.206055,1
17/11/2017 07:43:16.001,0.12207,0.175781,0.307617,0.112305,0.371094,1.206055,1
17/11/2017 07:43:17.000,0.12207,0.175781,0.307617,0.112305,0.371094,1.206055,1
17/11/2017 07:43:18.005,0.117187,0.175781,0.307617,0.112305,0.371094,1.206055,1
17/11/2017 07:43:19.004,0.12207,0.175781,0.307617,0.112305,0.371094,1.201172,1
17/11/2017 07:43:20.003,0.12207,0.175781,0.307617,0.112305,0.371094,1.201172,1
17/11/2017 07:43:21.002,0.12207,0.175781,0.307617,0.112305,0.371094,1.201172,1
17/11/2017 07:43:22.002,0.12207,0.175781,0.307617,0.112305,0.371094,1.201172,1
17/11/2017 07:43:23.005,0.12207,0.175781,0.307617,0.112305,0.371094,1.201172,1
17/11/2017 07:43:24.004,0.117187,0.175781,0.307617,0.112305,0.366211,1.201172,1
17/11/2017 07:43:25.003,0.117187,0.175781,0.307617,0.112305,0.366211,1.201172,1
17/11/2017 07:43:26.003,0.12207,0.175781,0.302734,0.112305,0.366211,1.201172,1
17/11/2017 07:43:27.001,0.12207,0.175781,0.302734,0.112305,0.366211,1.201172,1
17/11/2017 07:43:28.007,0.12207,0.175781,0.302734,0.112305,0.366211,1.201172,1
17/11/2017 07:43:29.005,0.117187,0.175781,0.307617,0.112305,0.366211,1.201172,1
17/11/2017 07:43:30.005,0.117187,0.175781,0.307617,0.112305,0.366211,1.201172,1
17/11/2017 07:43:31.003,0.117187,0.175781,0.302734,0.112305,0.366211,1.201172,1
17/11/2017 07:43:32.008,0.117187,0.175781,0.307617,0.112305,0.366211,1.201172,1
17/11/2017 07:43:33.007,0.117187,0.175781,0.302734,0.112305,0.366211,1.196289,1
17/11/2017 09:25:45.732,0.112305,0.15625,0.288086,0.112305,0.410156,0.839844,1
17/11/2017 09:25:46.732,0.112305,0.15625,0.288086,0.112305,0.410156,0.834961,1
17/11/2017 09:25:47.731,0.112305,0.151367,0.288086,0.112305,0.410156,0.834961,1
17/11/2017 09:25:48.731,0.112305,0.151367,0.288086,0.112305,0.410156,0.834961,1
17/11/2017 09:25:49.734,0.112305,0.151367,0.288086,0.112305,0.410156,0.834961,1
17/11/2017 09:25:50.732,0.112305,0.151367,0.288086,0.112305,0.410156,0.834961,1
17/11/2017 09:25:51.733,0.112305,0.15625,0.288086,0.112305,0.410156,0.834961,1
17/11/2017 09:25:52.732,0.112305,0.151367,0.288086,0.112305,0.410156,0.834961,1
17/11/2017 09:25:53.736,0.112305,0.151367,0.288086,0.112305,0.410156,0.834961,1
17/11/2017 09:25:54.735,0.112305,0.15625,0.288086,0.112305,0.410156,0.834961,1
17/11/2017 09:25:55.734,0.112305,0.151367,0.288086,0.112305,0.410156,0.834961,1
17/11/2017 09:25:56.734,0.112305,0.151367,0.288086,0.112305,0.410156,0.834961,1
17/11/2017 09:25:57.737,0.112305,0.15625,0.288086,0.112305,0.410156,0.834961,1
17/11/2017 09:25:58.737,0.112305,0.151367,0.288086,0.112305,0.410156,0.834961,1
17/11/2017 09:25:59.736,0.112305,0.151367,0.288086,0.112305,0.410156,0.834961,1
17/11/2017 09:26:00.739,0.112305,0.151367,0.288086,0.112305,0.410156,0.834961,1
17/11/2017 09:26:01.738,0.112305,0.151367,0.288086,0.112305,0.410156,0.834961,1
17/11/2017 09:26:02.738,0.112305,0.151367,0.288086,0.112305,0.410156,0.834961,1
17/11/2017 09:26:03.737,0.112305,0.151367,0.288086,0.112305,0.410156,0.834961,1
17/11/2017 09:26:04.737,0.112305,0.151367,0.288086,0.112305,0.410156,0.834961,1
17/11/2017 09:26:05.740,0.112305,0.151367,0.288086,0.112305,0.410156,0.834961,1
17/11/2017 09:26:06.739,0.112305,0.151367,0.288086,0.112305,0.410156,0.834961,1
17/11/2017 09:26:07.740,0.112305,0.151367,0.288086,0.112305,0.410156,0.834961,1
17/11/2017 09:26:08.739,0.112305,0.151367,0.288086,0.112305,0.405273,0.834961,1
17/11/2017 09:26:09.739,0.112305,0.151367,0.288086,0.112305,0.410156,0.830078,1
17/11/2017 09:26:10.737,0.112305,0.151367,0.288086,0.112305,0.405273,0.834961,1
17/11/2017 09:26:11.737,0.112305,0.15625,0.288086,0.112305,0.405273,0.834961,1
17/11/2017 09:26:12.739,0.112305,0.151367,0.288086,0.112305,0.410156,0.830078,1
17/11/2017 09:26:13.739,0.112305,0.151367,0.288086,0.112305,0.410156,0.830078,1
17/11/2017 09:26:14.738,0.112305,0.151367,0.288086,0.112305,0.405273,0.830078,1
17/11/2017 09:26:15.740,0.112305,0.151367,0.288086,0.112305,0.405273,0.830078,1
17/11/2017 09:26:16.737,0.112305,0.151367,0.288086,0.112305,0.410156,0.830078,1
17/11/2017 09:26:17.736,0.112305,0.151367,0.288086,0.112305,0.405273,0.830078,1
17/11/2017 09:26:18.741,0.112305,0.151367,0.288086,0.112305,0.410156,0.830078,1
17/11/2017 09:26:19.740,0.112305,0.151367,0.288086,0.112305,0.405273,0.830078,1
17/11/2017 09:26:20.740,0.112305,0.151367,0.288086,0.112305,0.405273,0.830078,1
17/11/2017 09:26:21.738,0.112305,0.151367,0.288086,0.112305,0.405273,0.830078,1
17/11/2017 09:26:22.737,0.112305,0.151367,0.288086,0.112305,0.405273,0.830078,1
17/11/2017 09:26:23.741,0.112305,0.151367,0.288086,0.112305,0.405273,0.830078,1
17/11/2017 09:26:24.740,0.112305,0.151367,0.288086,0.112305,0.410156,0.830078,1
17/11/2017 09:26:25.740,0.112305,0.151367,0.288086,0.112305,0.410156,0.830078,1
17/11/2017 09:26:26.739,0.112305,0.151367,0.288086,0.112305,0.410156,0.830078,1
17/11/2017 09:26:27.738,0.112305,0.151367,0.288086,0.112305,0.405273,0.830078,1
17/11/2017 09:26:28.739,0.112305,0.151367,0.288086,0.112305,0.405273,0.830078,1
17/11/2017 09:26:29.741,0.112305,0.151367,0.288086,0.112305,0.410156,0.830078,1
17/11/2017 09:26:30.740,0.112305,0.151367,0.288086,0.112305,0.410156,0.830078,1
17/11/2017 09:26:31.739,0.112305,0.151367,0.288086,0.112305,0.410156,0.830078,1
17/11/2017 09:26:32.739,0.112305,0.151367,0.288086,0.112305,0.405273,0.830078,1
17/11/2017 09:26:33.738,0.112305,0.151367,0.288086,0.112305,0.410156,0.830078,1
17/11/2017 09:26:34.738,0.112305,0.151367,0.288086,0.112305,0.405273,0.830078,1
17/11/2017 09:26:35.738,0.112305,0.151367,0.288086,0.112305,0.410156,0.830078,1
17/11/2017 09:26:36.742,0.112305,0.151367,0.288086,0.112305,0.405273,0.830078,1
17/11/2017 09:26:37.741,0.112305,0.151367,0.288086,0.112305,0.405273,0.830078,1
17/11/2017 09:26:38.739,0.112305,0.151367,0.288086,0.112305,0.405273,0.830078,1
17/11/2017 09:26:39.744,0.112305,0.151367,0.288086,0.112305,0.405273,0.830078,1
17/11/2017 09:26:40.742,0.112305,0.151367,0.288086,0.112305,0.405273,0.830078,1
17/11/2017 09:26:41.742,0.112305,0.151367,0.288086,0.112305,0.405273,0.830078,1
17/11/2017 09:26:42.746,0.112305,0.151367,0.288086,0.112305,0.405273,0.825195,1
17/11/2017 09:26:43.745,0.112305,0.151367,0.288086,0.112305,0.405273,0.830078,1
17/11/2017 09:26:44.744,0.112305,0.151367,0.288086,0.112305,0.410156,0.825195,1
17/11/2017 09:26:45.745,0.112305,0.151367,0.288086,0.112305,0.405273,0.825195,1
17/11/2017 09:26:46.744,0.112305,0.151367,0.288086,0.112305,0.405273,0.825195,1
17/11/2017 09:26:47.746,0.112305,0.151367,0.288086,0.112305,0.405273,0.825195,1
17/11/2017 09:26:48.747,0.112305,0.151367,0.288086,0.112305,0.405273,0.825195,1
17/11/2017 09:26:49.745,0.112305,0.151367,0.288086,0.112305,0.405273,0.825195,1
17/11/2017 09:26:50.745,0.112305,0.151367,0.288086,0.112305,0.405273,0.830078,1
17/11/2017 09:26:51.744,0.112305,0.151367,0.288086,0.112305,0.405273,0.825195,1
17/11/2017 09:26:52.747,0.112305,0.151367,0.288086,0.112305,0.405273,0.825195,1
17/11/2017 09:26:53.746,0.112305,0.151367,0.288086,0.112305,0.405273,0.825195,1
17/11/2017 09:26:54.746,0.112305,0.151367,0.288086,0.112305,0.405273,0.825195,1
17/11/2017 09:26:55.749,0.112305,0.151367,0.288086,0.112305,0.405273,0.825195,1
17/11/2017 09:26:56.749,0.112305,0.151367,0.288086,0.112305,0.405273,0.825195,1
17/11/2017 09:26:57.748,0.112305,0.151367,0.288086,0.112305,0.405273,0.825195,1
17/11/2017 09:26:58.752,0.112305,0.151367,0.288086,0.112305,0.405273,0.825195,1
17/11/2017 09:26:59.752,0.112305,0.151367,0.288086,0.112305,0.405273,0.825195,1
17/11/2017 09:27:00.751,0.112305,0.151367,0.288086,0.112305,0.405273,0.825195,1
17/11/2017 09:27:01.749,0.112305,0.151367,0.288086,0.112305,0.410156,0.825195,1
17/11/2017 09:27:02.749,0.112305,0.151367,0.288086,0.112305,0.405273,0.825195,1
17/11/2017 09:27:03.752,0.112305,0.151367,0.288086,0.112305,0.405273,0.825195,1
17/11/2017 09:27:04.751,0.112305,0.151367,0.288086,0.112305,0.405273,0.825195,1
17/11/2017 09:27:05.752,0.112305,0.151367,0.288086,0.112305,0.405273,0.825195,1
17/11/2017 09:27:06.750,0.112305,0.151367,0.288086,0.112305,0.405273,0.825195,1
17/11/2017 09:27:07.750,0.112305,0.151367,0.288086,0.112305,0.405273,0.825195,1
17/11/2017 09:27:08.749,0.112305,0.151367,0.288086,0.112305,0.405273,0.825195,1
17/11/2017 09:27:09.753,0.112305,0.151367,0.288086,0.112305,0.405273,0.825195,1
17/11/2017 09:27:10.754,0.112305,0.151367,0.288086,0.112305,0.405273,0.825195,1
17/11/2017 09:27:11.751,0.112305,0.151367,0.288086,0.112305,0.405273,0.825195,1
17/11/2017 09:27:12.752,0.112305,0.151367,0.288086,0.112305,0.405273,0.825195,1
17/11/2017 09:27:13.750,0.112305,0.151367,0.288086,0.112305,0.405273,0.825195,1
17/11/2017 09:27:14.753,0.112305,0.151367,0.288086,0.112305,0.405273,0.825195,1
17/11/2017 09:27:15.748,0.112305,0.151367,0.288086,0.112305,0.405273,0.825195,1
17/11/2017 09:27:16.752,0.112305,0.151367,0.292969,0.112305,0.405273,0.825195,1
17/11/2017 09:27:17.752,0.112305,0.151367,0.288086,0.112305,0.405273,0.825195,1
17/11/2017 09:27:18.751,0.112305,0.151367,0.288086,0.112305,0.405273,0.825195,1
17/11/2017 09:27:19.751,0.112305,0.151367,0.288086,0.112305,0.405273,0.825195,1
17/11/2017 09:27:20.754,0.112305,0.151367,0.288086,0.112305,0.405273,0.825195,1
17/11/2017 09:27:21.754,0.112305,0.151367,0.288086,0.112305,0.405273,0.825195,1
17/11/2017 09:27:22.752,0.112305,0.151367,0.288086,0.112305,0.410156,0.825195,1
17/11/2017 09:27:23.752,0.112305,0.151367,0.292969,0.112305,0.405273,0.825195,1
17/11/2017 09:27:24.751,0.112305,0.151367,0.292969,0.112305,0.405273,0.825195,1
17/11/2017 09:27:25.756,0.112305,0.151367,0.288086,0.112305,0.405273,0.825195,1
17/11/2017 09:27:26.754,0.112305,0.151367,0.292969,0.112305,0.405273,0.825195,1
17/11/2017 09:27:27.754,0.112305,0.151367,0.288086,0.112305,0.410156,0.839844,1
17/11/2017 09:27:28.753,0.117187,0.166016,0.302734,0.112305,0.419922,0.883789,1
17/11/2017 09:27:29.753,0.126953,0.185547,0.336914,0.117187,0.43457,0.942383,1
17/11/2017 09:27:30.752,0.136719,0.214844,0.371094,0.12207,0.449219,1.005859,1
17/11/2017 09:27:31.756,0.141602,0.239258,0.400391,0.126953,0.46875,1.069336,1
17/11/2017 09:27:32.754,0.151367,0.263672,0.429687,0.126953,0.483398,1.132812,1
17/11/2017 09:27:33.755,0.15625,0.283203,0.454102,0.131836,0.498047,1.196289,1
17/11/2017 09:27:34.754,0.161133,0.297852,0.473633,0.131836,0.507812,1.25,1
17/11/2017 09:27:35.756,0.166016,0.3125,0.493164,0.136719,0.522461,1.303711,1
17/11/2017 09:27:36.757,0.170898,0.322266,0.507812,0.136719,0.532227,1.357422,1
17/11/2017 09:27:37.757,0.175781,0.332031,0.522461,0.141602,0.541992,1.40625,1
17/11/2017 09:27:38.755,0.175781,0.341797,0.532227,0.141602,0.546875,1.450195,1
17/11/2017 09:27:39.754,0.180664,0.351562,0.541992,0.141602,0.556641,1.494141,1
17/11/2017 09:27:40.755,0.180664,0.356445,0.551758,0.146484,0.566406,1.533203,1
17/11/2017 09:27:41.753,0.185547,0.361328,0.561523,0.146484,0.571289,1.572266,1
17/11/2017 09:27:42.757,0.185547,0.366211,0.571289,0.146484,0.576172,1.611328,1
17/11/2017 09:27:43.755,0.19043,0.371094,0.576172,0.151367,0.585937,1.645508,1
17/11/2017 09:27:44.755,0.19043,0.380859,0.585937,0.151367,0.59082,1.679687,1
17/11/2017 09:27:45.754,0.195312,0.380859,0.59082,0.151367,0.595703,1.708984,1
17/11/2017 09:27:46.758,0.195312,0.385742,0.595703,0.151367,0.600586,1.743164,1
17/11/2017 09:27:47.758,0.195312,0.390625,0.600586,0.151367,0.605469,1.767578,1
17/11/2017 09:27:48.757,0.195312,0.395508,0.605469,0.15625,0.610352,1.796875,1
17/11/2017 09:27:49.757,0.200195,0.400391,0.610352,0.15625,0.615234,1.821289,1
17/11/2017 09:27:50.759,0.200195,0.405273,0.615234,0.15625,0.620117,1.845703,1
17/11/2017 09:27:51.759,0.200195,0.405273,0.620117,0.15625,0.625,1.865234,1
17/11/2017 09:27:52.759,0.200195,0.410156,0.625,0.15625,0.629883,1.889648,1
17/11/2017 09:27:53.757,0.205078,0.415039,0.625,0.161133,0.634766,1.90918,1
17/11/2017 09:27:54.756,0.205078,0.415039,0.629883,0.161133,0.639648,1.928711,1
17/11/2017 09:27:55.760,0.205078,0.419922,0.634766,0.161133,0.639648,1.948242,1
17/11/2017 09:27:56.759,0.205078,0.419922,0.634766,0.161133,0.644531,1.967773,1
17/11/2017 09:27:57.759,0.205078,0.424805,0.639648,0.161133,0.649414,1.982422,1
17/11/2017 09:27:58.759,0.209961,0.429687,0.644531,0.161133,0.654297,1.99707,1
17/11/2017 09:27:59.763,0.209961,0.429687,0.644531,0.161133,0.65918,2.011719,1
17/11/2017 09:28:00.762,0.209961,0.43457,0.649414,0.166016,0.65918,2.026367,1
17/11/2017 09:28:01.762,0.209961,0.43457,0.649414,0.166016,0.664062,2.041016,1
17/11/2017 09:28:02.761,0.209961,0.439453,0.654297,0.166016,0.668945,2.055664,1
17/11/2017 09:28:03.760,0.214844,0.439453,0.654297,0.166016,0.668945,2.06543,1
17/11/2017 09:28:04.763,0.209961,0.444336,0.654297,0.166016,0.673828,2.080078,1
17/11/2017 09:28:05.762,0.214844,0.449219,0.65918,0.166016,0.678711,2.089844,1
17/11/2017 09:28:06.767,0.214844,0.449219,0.65918,0.166016,0.678711,2.099609,1
17/11/2017 09:28:07.765,0.214844,0.454102,0.65918,0.170898,0.683594,2.114258,1
17/11/2017 09:28:08.764,0.214844,0.454102,0.664062,0.170898,0.683594,2.124023,1
17/11/2017 09:28:09.764,0.214844,0.458984,0.664062,0.170898,0.688477,2.133789,1
17/11/2017 09:28:10.768,0.214844,0.458984,0.664062,0.170898,0.693359,2.143555,1
17/11/2017 09:28:11.766,0.219727,0.463867,0.668945,0.170898,0.693359,2.148437,1
17/11/2017 09:28:12.765,0.219727,0.463867,0.668945,0.170898,0.698242,2.158203,1
17/11/2017 09:28:13.770,0.219727,0.46875,0.668945,0.170898,0.698242,2.167969,1
17/11/2017 09:28:14.768,0.219727,0.46875,0.668945,0.170898,0.703125,2.177734,1
17/11/2017 09:28:15.768,0.219727,0.46875,0.673828,0.170898,0.703125,2.182617,1
17/11/2017 09:28:16.767,0.219727,0.473633,0.673828,0.175781,0.708008,2.192383,1
17/11/2017 09:28:17.771,0.219727,0.473633,0.673828,0.170898,0.708008,2.197266,1
17/11/2017 09:28:18.770,0.219727,0.478516,0.673828,0.175781,0.708008,2.207031,1
17/11/2017 09:28:19.771,0.224609,0.478516,0.673828,0.175781,0.712891,2.211914,1
17/11/2017 09:28:20.770,0.219727,0.478516,0.673828,0.175781,0.712891,2.22168,1
17/11/2017 09:28:21.772,0.224609,0.483398,0.673828,0.175781,0.717773,2.226562,1
17/11/2017 09:28:22.772,0.224609,0.483398,0.678711,0.175781,0.717773,2.231445,1
17/11/2017 09:28:23.776,0.224609,0.488281,0.678711,0.175781,0.722656,2.236328,1
17/11/2017 09:28:24.775,0.224609,0.488281,0.678711,0.175781,0.722656,2.241211,1
17/11/2017 09:28:25.775,0.224609,0.493164,0.678711,0.175781,0.722656,2.246094,1
17/11/2017 09:28:26.773,0.224609,0.493164,0.678711,0.175781,0.727539,2.250977,1
17/11/2017 09:28:27.777,0.224609,0.493164,0.678711,0.180664,0.727539,2.255859,1
17/11/2017 09:28:28.776,0.224609,0.493164,0.678711,0.180664,0.727539,2.260742,1
17/11/2017 09:28:29.776,0.224609,0.498047,0.678711,0.180664,0.732422,2.265625,1
17/11/2017 09:28:30.779,0.224609,0.498047,0.678711,0.180664,0.732422,2.265625,1
17/11/2017 09:28:31.778,0.229492,0.50293,0.683594,0.180664,0.732422,2.270508,1
17/11/2017 09:28:32.779,0.229492,0.50293,0.683594,0.180664,0.737305,2.275391,1
17/11/2017 09:28:33.776,0.229492,0.50293,0.683594,0.180664,0.737305,2.280273,1
17/11/2017 09:28:34.776,0.229492,0.507812,0.683594,0.180664,0.737305,2.285156,1
17/11/2017 09:28:35.776,0.229492,0.507812,0.683594,0.180664,0.737305,2.285156,1
17/11/2017 09:28:36.779,0.229492,0.507812,0.683594,0.180664,0.742187,2.290039,1
17/11/2017 09:28:37.779,0.229492,0.512695,0.683594,0.180664,0.742187,2.294922,1
17/11/2017 09:28:38.778,0.229492,0.512695,0.683594,0.180664,0.742187,2.294922,1
17/11/2017 09:28:39.778,0.229492,0.512695,0.683594,0.185547,0.74707,2.299805,1
17/11/2017 09:28:40.783,0.229492,0.517578,0.688477,0.185547,0.74707,2.299805,1
17/11/2017 09:28:41.780,0.229492,0.517578,0.683594,0.185547,0.74707,2.304687,1
17/11/2017 09:28:42.779,0.234375,0.517578,0.688477,0.185547,0.74707,2.304687,1
17/11/2017 09:28:43.780,0.234375,0.517578,0.688477,0.185547,0.751953,2.30957,1
17/11/2017 09:28:44.783,0.234375,0.522461,0.688477,0.185547,0.751953,2.314453,1
17/11/2017 09:28:45.782,0.234375,0.522461,0.688477,0.185547,0.751953,2.314453,1
17/11/2017 09:28:46.780,0.234375,0.522461,0.688477,0.185547,0.751953,2.319336,1
17/11/2017 09:28:47.785,0.234375,0.527344,0.688477,0.185547,0.751953,2.319336,1
17/11/2017 09:28:48.784,0.234375,0.527344,0.688477,0.185547,0.756836,2.324219,1
17/11/2017 09:28:49.784,0.234375,0.527344,0.688477,0.185547,0.756836,2.324219,1
17/11/2017 09:28:50.784,0.234375,0.527344,0.688477,0.185547,0.756836,2.324219,1
17/11/2017 09:28:51.782,0.234375,0.532227,0.688477,0.19043,0.756836,2.329102,1
17/11/2017 09:28:52.785,0.234375,0.532227,0.688477,0.19043,0.761719,2.329102,1
17/11/2017 09:28:53.785,0.234375,0.532227,0.688477,0.19043,0.761719,2.333984,1
17/11/2017 09:28:54.784,0.234375,0.532227,0.688477,0.19043,0.761719,2.333984,1
17/11/2017 09:28:55.783,0.234375,0.537109,0.688477,0.19043,0.761719,2.333984,1
17/11/2017 09:28:56.786,0.239258,0.537109,0.688477,0.19043,0.761719,2.333984,1
17/11/2017 09:28:57.786,0.239258,0.537109,0.688477,0.19043,0.761719,2.338867,1
17/11/2017 09:28:58.786,0.239258,0.537109,0.693359,0.19043,0.766602,2.338867,1
17/11/2017 09:28:59.790,0.239258,0.541992,0.693359,0.19043,0.766602,2.338867,1
17/11/2017 09:29:00.789,0.239258,0.541992,0.693359,0.19043,0.766602,2.34375,1
17/11/2017 09:29:01.789,0.239258,0.541992,0.688477,0.19043,0.766602,2.34375,1
17/11/2017 09:29:02.792,0.239258,0.541992,0.688477,0.19043,0.766602,2.34375,1
17/11/2017 09:29:03.792,0.239258,0.546875,0.693359,0.19043,0.766602,2.348633,1
17/11/2017 09:29:04.791,0.239258,0.546875,0.693359,0.19043,0.766602,2.348633,1
17/11/2017 09:29:05.790,0.239258,0.546875,0.693359,0.195312,0.771484,2.348633,1
17/11/2017 09:29:06.793,0.239258,0.546875,0.693359,0.195312,0.771484,2.348633,1
17/11/2017 09:29:07.793,0.239258,0.546875,0.693359,0.195312,0.771484,2.353516,1
17/11/2017 09:29:08.792,0.239258,0.551758,0.693359,0.195312,0.771484,2.353516,1
17/11/2017 09:29:09.792,0.239258,0.551758,0.693359,0.195312,0.771484,2.353516,1
17/11/2017 09:29:10.791,0.239258,0.551758,0.693359,0.195312,0.771484,2.358398,1
17/11/2017 09:29:11.791,0.239258,0.551758,0.693359,0.195312,0.771484,2.358398,1
17/11/2017 09:29:12.793,0.239258,0.556641,0.693359,0.195312,0.776367,2.358398,1
17/11/2017 09:29:13.794,0.244141,0.556641,0.693359,0.195312,0.776367,2.358398,1
17/11/2017 09:29:14.792,0.244141,0.556641,0.693359,0.195312,0.776367,2.358398,1
17/11/2017 09:29:15.796,0.244141,0.556641,0.693359,0.195312,0.776367,2.363281,1
17/11/2017 09:29:16.796,0.244141,0.556641,0.693359,0.195312,0.776367,2.363281,1
17/11/2017 09:29:17.795,0.244141,0.561523,0.693359,0.195312,0.776367,2.363281,1
17/11/2017 09:29:18.795,0.244141,0.561523,0.693359,0.195312,0.776367,2.363281,1
17/11/2017 09:29:19.792,0.244141,0.561523,0.693359,0.195312,0.776367,2.363281,1
17/11/2017 09:29:20.793,0.244141,0.561523,0.693359,0.195312,0.776367,2.368164,1
17/11/2017 09:29:21.798,0.244141,0.561523,0.693359,0.195312,0.78125,2.368164,1
17/11/2017 09:29:22.796,0.244141,0.566406,0.693359,0.195312,0.776367,2.368164,1
17/11/2017 09:29:23.795,0.244141,0.566406,0.693359,0.195312,0.78125,2.368164,1
17/11/2017 09:29:24.795,0.244141,0.566406,0.693359,0.200195,0.78125,2.373047,1
17/11/2017 09:29:25.794,0.244141,0.566406,0.693359,0.200195,0.78125,2.373047,1
17/11/2017 09:29:26.792,0.249023,0.566406,0.693359,0.200195,0.78125,2.373047,1
17/11/2017 09:29:27.796,0.249023,0.566406,0.693359,0.200195,0.78125,2.373047,1
17/11/2017 09:29:28.796,0.249023,0.566406,0.693359,0.200195,0.78125,2.37793,1
17/11/2017 09:29:29.795,0.249023,0.571289,0.693359,0.200195,0.78125,2.37793,1
17/11/2017 09:29:30.795,0.249023,0.571289,0.693359,0.200195,0.78125,2.37793,1
17/11/2017 09:29:31.795,0.249023,0.571289,0.693359,0.200195,0.78125,2.37793,1
17/11/2017 09:29:32.794,0.249023,0.571289,0.693359,0.200195,0.786133,2.37793,1
17/11/2017 09:29:33.796,0.249023,0.571289,0.693359,0.200195,0.786133,2.37793,1
17/11/2017 09:29:34.797,0.249023,0.571289,0.693359,0.200195,0.786133,2.382812,1
17/11/2017 09:29:35.796,0.249023,0.576172,0.693359,0.200195,0.786133,2.382812,1
17/11/2017 09:29:36.795,0.249023,0.576172,0.693359,0.200195,0.786133,2.382812,1
17/11/2017 09:29:37.798,0.249023,0.576172,0.693359,0.200195,0.786133,2.382812,1
17/11/2017 09:29:38.797,0.249023,0.576172,0.693359,0.200195,0.786133,2.382812,1
17/11/2017 09:29:39.797,0.249023,0.576172,0.693359,0.200195,0.786133,2.382812,1
17/11/2017 09:29:40.801,0.249023,0.576172,0.693359,0.200195,0.786133,2.382812,1
17/11/2017 09:29:41.799,0.249023,0.581055,0.693359,0.200195,0.786133,2.382812,1
17/11/2017 09:29:42.799,0.249023,0.581055,0.693359,0.200195,0.786133,2.382812,1
17/11/2017 09:29:43.799,0.249023,0.581055,0.693359,0.200195,0.786133,2.382812,1
17/11/2017 09:29:44.797,0.249023,0.581055,0.693359,0.205078,0.786133,2.382812,1
17/11/2017 09:29:45.801,0.253906,0.581055,0.693359,0.200195,0.791016,2.382812,1
17/11/2017 09:29:46.800,0.253906,0.581055,0.693359,0.205078,0.786133,2.382812,1
17/11/2017 09:29:47.799,0.249023,0.581055,0.693359,0.205078,0.786133,2.382812,1
17/11/2017 09:29:48.804,0.253906,0.581055,0.693359,0.200195,0.791016,2.387695,1
17/11/2017 09:29:49.803,0.253906,0.585937,0.693359,0.205078,0.791016,2.387695,1
17/11/2017 09:29:50.802,0.253906,0.585937,0.693359,0.205078,0.791016,2.387695,1
17/11/2017 09:29:51.805,0.253906,0.585937,0.693359,0.205078,0.791016,2.387695,1
17/11/2017 09:29:52.805,0.253906,0.585937,0.698242,0.205078,0.791016,2.387695,1
17/11/2017 09:29:53.805,0.253906,0.585937,0.693359,0.205078,0.791016,2.392578,1
17/11/2017 09:29:54.803,0.253906,0.585937,0.698242,0.205078,0.791016,2.392578,1
17/11/2017 09:29:55.802,0.253906,0.59082,0.698242,0.205078,0.791016,2.392578,1
17/11/2017 09:29:56.803,0.253906,0.59082,0.698242,0.205078,0.791016,2.392578,1
17/11/2017 09:29:57.801,0.253906,0.59082,0.698242,0.205078,0.791016,2.392578,1
17/11/2017 09:29:58.806,0.253906,0.59082,0.698242,0.205078,0.791016,2.392578,1
17/11/2017 09:29:59.805,0.253906,0.59082,0.698242,0.205078,0.791016,2.392578,1
17/11/2017 09:30:00.803,0.253906,0.59082,0.698242,0.205078,0.791016,2.392578,1
17/11/2017 09:30:01.807,0.253906,0.59082,0.698242,0.205078,0.791016,2.392578,1
17/11/2017 09:30:02.808,0.253906,0.59082,0.698242,0.205078,0.791016,2.397461,1
17/11/2017 09:30:03.806,0.253906,0.59082,0.698242,0.205078,0.791016,2.397461,1
17/11/2017 09:30:04.806,0.253906,0.59082,0.698242,0.205078,0.791016,2.397461,1
17/11/2017 09:30:05.808,0.258789,0.595703,0.698242,0.205078,0.795898,2.397461,1
17/11/2017 09:30:06.808,0.258789,0.595703,0.698242,0.205078,0.795898,2.397461,1
17/11/2017 09:30:07.809,0.258789,0.595703,0.698242,0.205078,0.795898,2.402344,1
17/11/2017 09:30:08.811,0.258789,0.595703,0.698242,0.205078,0.795898,2.402344,1
17/11/2017 09:30:09.811,0.258789,0.595703,0.698242,0.205078,0.795898,2.402344,1
17/11/2017 09:30:10.810,0.258789,0.595703,0.698242,0.205078,0.795898,2.402344,1
17/11/2017 09:30:11.810,0.258789,0.595703,0.698242,0.209961,0.795898,2.402344,1
17/11/2017 09:30:12.809,0.258789,0.595703,0.698242,0.205078,0.795898,2.402344,1
17/11/2017 09:30:13.812,0.258789,0.600586,0.698242,0.209961,0.795898,2.402344,1
17/11/2017 09:30:14.812,0.258789,0.595703,0.698242,0.209961,0.795898,2.402344,1
17/11/2017 09:30:15.810,0.258789,0.600586,0.698242,0.209961,0.795898,2.402344,1
17/11/2017 09:30:16.811,0.258789,0.600586,0.698242,0.209961,0.795898,2.402344,1
17/11/2017 09:30:17.810,0.258789,0.600586,0.698242,0.209961,0.795898,2.402344,1
17/11/2017 09:30:18.812,0.258789,0.600586,0.698242,0.209961,0.795898,2.407227,1
17/11/2017 09:30:19.813,0.258789,0.600586,0.698242,0.209961,0.795898,2.407227,1
17/11/2017 09:30:20.811,0.258789,0.600586,0.698242,0.209961,0.795898,2.407227,1
17/11/2017 09:30:21.816,0.258789,0.600586,0.698242,0.209961,0.795898,2.407227,1
17/11/2017 09:30:22.816,0.258789,0.600586,0.698242,0.209961,0.800781,2.407227,1
17/11/2017 09:30:23.816,0.258789,0.605469,0.698242,0.209961,0.795898,2.407227,1
17/11/2017 09:30:24.813,0.258789,0.605469,0.698242,0.209961,0.800781,2.407227,1
17/11/2017 09:30:25.813,0.258789,0.605469,0.698242,0.209961,0.800781,2.407227,1
17/11/2017 09:30:26.816,0.258789,0.605469,0.698242,0.209961,0.800781,2.412109,1
17/11/2017 09:30:27.816,0.258789,0.605469,0.698242,0.209961,0.800781,2.412109,1
17/11/2017 09:30:28.815,0.258789,0.605469,0.698242,0.209961,0.800781,2.412109,1
17/11/2017 09:30:29.818,0.263672,0.605469,0.698242,0.209961,0.800781,2.412109,1
17/11/2017 09:30:30.818,0.263672,0.605469,0.698242,0.209961,0.800781,2.412109,1
17/11/2017 09:30:31.817,0.258789,0.605469,0.698242,0.209961,0.800781,2.412109,1
17/11/2017 09:30:32.817,0.263672,0.605469,0.698242,0.209961,0.800781,2.412109,1
17/11/2017 09:30:33.820,0.258789,0.610352,0.698242,0.209961,0.800781,2.412109,1
17/11/2017 09:30:34.819,0.263672,0.610352,0.703125,0.209961,0.800781,2.412109,1
17/11/2017 09:30:35.819,0.263672,0.610352,0.698242,0.209961,0.800781,2.416992,1
17/11/2017 09:30:36.818,0.263672,0.610352,0.698242,0.214844,0.800781,2.416992,1
17/11/2017 09:30:37.822,0.263672,0.610352,0.698242,0.209961,0.800781,2.416992,1
17/11/2017 09:30:38.821,0.263672,0.610352,0.698242,0.209961,0.800781,2.416992,1
17/11/2017 09:30:39.825,0.263672,0.610352,0.698242,0.214844,0.800781,2.416992,1
17/11/2017 09:30:40.824,0.263672,0.610352,0.698242,0.214844,0.800781,2.416992,1
17/11/2017 09:30:41.823,0.263672,0.610352,0.698242,0.214844,0.800781,2.416992,1
17/11/2017 09:30:42.826,0.263672,0.610352,0.703125,0.214844,0.800781,2.421875,1
17/11/2017 09:30:43.827,0.263672,0.615234,0.703125,0.214844,0.800781,2.421875,1
17/11/2017 09:30:44.826,0.263672,0.615234,0.698242,0.214844,0.800781,2.421875,1
17/11/2017 09:30:45.825,0.263672,0.610352,0.698242,0.214844,0.800781,2.421875,1
17/11/2017 09:30:46.824,0.263672,0.610352,0.698242,0.214844,0.800781,2.421875,1
17/11/2017 09:30:47.824,0.263672,0.615234,0.698242,0.214844,0.800781,2.421875,1
17/11/2017 09:30:48.827,0.263672,0.615234,0.703125,0.214844,0.805664,2.421875,1
17/11/2017 09:30:49.826,0.263672,0.615234,0.698242,0.214844,0.805664,2.421875,1
17/11/2017 09:30:50.826,0.263672,0.615234,0.698242,0.214844,0.805664,2.421875,1
17/11/2017 09:30:51.829,0.263672,0.615234,0.703125,0.214844,0.805664,2.426758,1
17/11/2017 09:30:52.828,0.263672,0.615234,0.703125,0.214844,0.805664,2.426758,1
17/11/2017 09:30:53.828,0.263672,0.615234,0.703125,0.214844,0.805664,2.426758,1
17/11/2017 09:30:54.826,0.263672,0.615234,0.698242,0.214844,0.805664,2.426758,1
17/11/2017 09:30:55.831,0.263672,0.615234,0.703125,0.214844,0.805664,2.426758,1
17/11/2017 09:30:56.826,0.263672,0.615234,0.698242,0.214844,0.805664,2.426758,1
17/11/2017 09:30:57.830,0.263672,0.615234,0.698242,0.214844,0.805664,2.426758,1
17/11/2017 09:30:58.830,0.263672,0.615234,0.703125,0.214844,0.805664,2.426758,1
17/11/2017 09:30:59.828,0.268555,0.615234,0.703125,0.214844,0.805664,2.426758,1
17/11/2017 09:31:00.831,0.268555,0.620117,0.698242,0.214844,0.805664,2.426758,1
17/11/2017 09:31:01.831,0.268555,0.620117,0.698242,0.214844,0.805664,2.426758,1
17/11/2017 09:31:02.829,0.268555,0.620117,0.698242,0.214844,0.805664,2.426758,1
17/11/2017 09:31:03.830,0.263672,0.620117,0.703125,0.214844,0.805664,2.426758,1
17/11/2017 09:31:04.829,0.268555,0.620117,0.698242,0.214844,0.805664,2.421875,1
17/11/2017 09:31:05.833,0.268555,0.620117,0.703125,0.214844,0.805664,2.421875,1
17/11/2017 09:31:06.831,0.268555,0.620117,0.698242,0.214844,0.805664,2.426758,1
17/11/2017 09:31:07.831,0.268555,0.620117,0.703125,0.214844,0.805664,2.426758,1
17/11/2017 09:31:08.830,0.268555,0.620117,0.698242,0.219727,0.805664,2.426758,1
17/11/2017 09:31:09.830,0.268555,0.620117,0.698242,0.214844,0.805664,2.426758,1
17/11/2017 09:31:10.833,0.268555,0.620117,0.698242,0.214844,0.805664,2.426758,1
17/11/2017 09:31:11.832,0.268555,0.620117,0.698242,0.214844,0.805664,2.426758,1
17/11/2017 09:31:12.836,0.268555,0.620117,0.703125,0.219727,0.805664,2.426758,1
17/11/2017 09:31:13.835,0.268555,0.625,0.703125,0.219727,0.805664,2.426758,1
17/11/2017 09:31:14.836,0.268555,0.620117,0.703125,0.219727,0.805664,2.426758,1
17/11/2017 09:31:15.835,0.268555,0.620117,0.703125,0.219727,0.805664,2.426758,1
17/11/2017 09:31:16.833,0.268555,0.625,0.703125,0.219727,0.805664,2.426758,1
17/11/2017 09:31:17.832,0.268555,0.625,0.703125,0.219727,0.805664,2.426758,1
17/11/2017 09:31:18.831,0.268555,0.625,0.703125,0.219727,0.805664,2.426758,1
17/11/2017 09:31:19.836,0.268555,0.625,0.703125,0.214844,0.805664,2.426758,1
17/11/2017 09:31:20.834,0.268555,0.625,0.703125,0.219727,0.805664,2.426758,1
17/11/2017 09:31:21.834,0.268555,0.625,0.703125,0.219727,0.805664,2.426758,1
17/11/2017 09:31:22.833,0.268555,0.625,0.703125,0.219727,0.805664,2.426758,1
17/11/2017 09:31:23.833,0.268555,0.625,0.703125,0.219727,0.805664,2.426758,1
17/11/2017 09:31:24.837,0.268555,0.625,0.703125,0.219727,0.805664,2.426758,1
17/11/2017 09:31:25.836,0.268555,0.625,0.703125,0.219727,0.805664,2.426758,1
17/11/2017 09:31:26.836,0.268555,0.625,0.703125,0.219727,0.810547,2.426758,1
17/11/2017 09:31:27.839,0.268555,0.625,0.703125,0.219727,0.805664,2.426758,1
17/11/2017 09:31:28.837,0.268555,0.625,0.703125,0.219727,0.805664,2.421875,1
17/11/2017 09:31:29.837,0.268555,0.625,0.703125,0.219727,0.805664,2.421875,1
17/11/2017 09:31:30.836,0.273437,0.625,0.703125,0.219727,0.810547,2.421875,1
17/11/2017 09:31:31.836,0.273437,0.625,0.703125,0.219727,0.805664,2.421875,1
17/11/2017 09:31:32.841,0.268555,0.625,0.703125,0.219727,0.810547,2.421875,1
17/11/2017 09:31:33.840,0.273437,0.625,0.703125,0.219727,0.805664,2.421875,1
17/11/2017 09:31:34.842,0.273437,0.625,0.703125,0.219727,0.805664,2.421875,1
17/11/2017 09:31:35.842,0.273437,0.625,0.703125,0.219727,0.810547,2.421875,1
17/11/2017 09:31:36.842,0.273437,0.625,0.703125,0.219727,0.810547,2.421875,1
17/11/2017 09:31:37.841,0.268555,0.625,0.703125,0.219727,0.810547,2.421875,1
17/11/2017 09:31:38.845,0.273437,0.625,0.703125,0.219727,0.810547,2.426758,1
17/11/2017 09:31:39.843,0.273437,0.625,0.703125,0.219727,0.810547,2.421875,1
17/11/2017 09:31:40.845,0.273437,0.629883,0.703125,0.219727,0.810547,2.426758,1
17/11/2017 09:31:41.842,0.273437,0.629883,0.703125,0.219727,0.810547,2.426758,1
17/11/2017 09:31:42.843,0.273437,0.629883,0.703125,0.219727,0.810547,2.426758,1
17/11/2017 09:31:43.840,0.273437,0.629883,0.703125,0.219727,0.810547,2.426758,1
17/11/2017 09:31:44.844,0.273437,0.629883,0.703125,0.219727,0.810547,2.426758,1
17/11/2017 09:31:45.844,0.273437,0.629883,0.703125,0.219727,0.810547,2.426758,1
17/11/2017 09:31:46.843,0.273437,0.629883,0.703125,0.219727,0.810547,2.426758,1
17/11/2017 09:31:47.847,0.273437,0.629883,0.703125,0.219727,0.810547,2.426758,1
17/11/2017 09:31:48.847,0.273437,0.629883,0.703125,0.219727,0.810547,2.426758,1
17/11/2017 09:31:49.846,0.273437,0.629883,0.703125,0.219727,0.810547,2.426758,1
17/11/2017 09:31:50.845,0.273437,0.629883,0.703125,0.219727,0.810547,2.426758,1
17/11/2017 09:31:51.843,0.273437,0.629883,0.703125,0.219727,0.810547,2.426758,1
17/11/2017 09:31:52.843,0.273437,0.629883,0.703125,0.219727,0.810547,2.426758,1
17/11/2017 09:31:53.847,0.273437,0.629883,0.703125,0.219727,0.810547,2.426758,1
17/11/2017 09:31:54.846,0.273437,0.629883,0.703125,0.219727,0.810547,2.426758,1
17/11/2017 09:31:55.847,0.273437,0.629883,0.703125,0.219727,0.810547,2.426758,1
17/11/2017 09:31:56.849,0.273437,0.629883,0.703125,0.219727,0.810547,2.426758,1
17/11/2017 09:31:57.849,0.273437,0.629883,0.703125,0.224609,0.810547,2.426758,1
17/11/2017 09:31:58.848,0.273437,0.629883,0.703125,0.219727,0.810547,2.426758,1
17/11/2017 09:31:59.847,0.273437,0.629883,0.703125,0.219727,0.810547,2.426758,1
17/11/2017 09:32:00.851,0.273437,0.629883,0.703125,0.219727,0.810547,2.426758,1
17/11/2017 09:32:01.851,0.273437,0.634766,0.703125,0.219727,0.810547,2.431641,1
17/11/2017 09:32:02.851,0.273437,0.634766,0.703125,0.219727,0.810547,2.426758,1
17/11/2017 09:32:03.848,0.273437,0.634766,0.703125,0.224609,0.810547,2.431641,1
17/11/2017 09:32:04.852,0.273437,0.634766,0.703125,0.219727,0.810547,2.431641,1
17/11/2017 09:32:05.852,0.273437,0.634766,0.703125,0.224609,0.810547,2.431641,1
17/11/2017 09:32:06.851,0.273437,0.634766,0.703125,0.224609,0.810547,2.431641,1
17/11/2017 09:32:07.850,0.273437,0.634766,0.703125,0.219727,0.810547,2.431641,1
17/11/2017 09:32:08.850,0.273437,0.634766,0.703125,0.219727,0.810547,2.431641,1
17/11/2017 09:32:09.854,0.273437,0.634766,0.703125,0.219727,0.810547,2.431641,1
17/11/2017 09:32:10.852,0.273437,0.634766,0.703125,0.224609,0.810547,2.426758,1
17/11/2017 09:32:11.853,0.273437,0.634766,0.703125,0.224609,0.810547,2.426758,1
17/11/2017 09:32:12.850,0.273437,0.634766,0.703125,0.224609,0.810547,2.426758,1
17/11/2017 09:32:13.851,0.273437,0.634766,0.703125,0.224609,0.810547,2.426758,1
17/11/2017 09:32:14.849,0.273437,0.634766,0.703125,0.224609,0.810547,2.426758,1
17/11/2017 09:32:15.850,0.273437,0.634766,0.703125,0.224609,0.810547,2.431641,1
17/11/2017 09:32:16.852,0.273437,0.634766,0.703125,0.224609,0.810547,2.431641,1
17/11/2017 09:32:17.853,0.273437,0.634766,0.703125,0.224609,0.810547,2.431641,1
17/11/2017 09:32:18.851,0.273437,0.634766,0.703125,0.224609,0.810547,2.431641,1
17/11/2017 09:32:19.851,0.273437,0.634766,0.703125,0.224609,0.810547,2.431641,1
17/11/2017 09:32:20.855,0.273437,0.634766,0.703125,0.224609,0.810547,2.431641,1
17/11/2017 09:32:21.854,0.273437,0.634766,0.703125,0.224609,0.81543,2.431641,1
17/11/2017 09:32:22.852,0.273437,0.634766,0.703125,0.224609,0.810547,2.431641,1
17/11/2017 09:32:23.853,0.27832,0.639648,0.703125,0.224609,0.81543,2.431641,1
17/11/2017 09:32:24.853,0.27832,0.634766,0.703125,0.224609,0.810547,2.431641,1
17/11/2017 09:32:25.852,0.27832,0.634766,0.703125,0.224609,0.81543,2.431641,1
17/11/2017 09:32:26.855,0.27832,0.639648,0.703125,0.224609,0.81543,2.431641,1
17/11/2017 09:32:27.854,0.27832,0.639648,0.703125,0.224609,0.81543,2.431641,1
17/11/2017 09:32:28.853,0.27832,0.639648,0.703125,0.224609,0.81543,2.431641,1
17/11/2017 09:32:29.858,0.27832,0.639648,0.703125,0.224609,0.81543,2.431641,1
17/11/2017 09:32:30.856,0.27832,0.639648,0.703125,0.224609,0.81543,2.431641,1
17/11/2017 09:32:31.856,0.27832,0.639648,0.703125,0.224609,0.81543,2.431641,1
17/11/2017 09:32:32.855,0.27832,0.639648,0.703125,0.224609,0.81543,2.431641,1
17/11/2017 09:32:33.855,0.27832,0.639648,0.703125,0.224609,0.81543,2.431641,1
17/11/2017 09:32:34.857,0.27832,0.639648,0.703125,0.224609,0.81543,2.431641,1
17/11/2017 09:32:35.858,0.27832,0.639648,0.703125,0.224609,0.81543,2.431641,1
17/11/2017 09:32:36.857,0.27832,0.639648,0.703125,0.224609,0.81543,2.431641,1
17/11/2017 09:32:37.857,0.27832,0.639648,0.703125,0.224609,0.81543,2.431641,1
17/11/2017 09:32:38.855,0.27832,0.639648,0.703125,0.224609,0.81543,2.431641,1
17/11/2017 09:32:39.854,0.27832,0.639648,0.703125,0.224609,0.81543,2.431641,1
17/11/2017 09:32:40.858,0.27832,0.639648,0.703125,0.224609,0.81543,2.431641,1
17/11/2017 09:32:41.857,0.27832,0.639648,0.703125,0.224609,0.81543,2.431641,1
17/11/2017 09:32:42.857,0.27832,0.639648,0.703125,0.224609,0.81543,2.431641,1
17/11/2017 09:32:43.860,0.27832,0.639648,0.703125,0.224609,0.81543,2.431641,1
17/11/2017 09:32:44.860,0.27832,0.639648,0.703125,0.224609,0.81543,2.431641,1
17/11/2017 09:32:45.859,0.27832,0.639648,0.703125,0.224609,0.81543,2.431641,1
17/11/2017 09:32:46.863,0.27832,0.639648,0.703125,0.224609,0.81543,2.431641,1
17/11/2017 09:32:47.863,0.27832,0.639648,0.703125,0.224609,0.81543,2.431641,1
17/11/2017 09:32:48.862,0.27832,0.639648,0.703125,0.224609,0.81543,2.436523,1
17/11/2017 09:32:49.860,0.27832,0.639648,0.703125,0.224609,0.81543,2.436523,1
17/11/2017 09:32:50.859,0.27832,0.639648,0.703125,0.224609,0.81543,2.436523,1
17/11/2017 09:32:51.863,0.27832,0.639648,0.703125,0.224609,0.81543,2.436523,1
17/11/2017 09:32:52.864,0.27832,0.639648,0.703125,0.224609,0.81543,2.436523,1
17/11/2017 09:32:53.863,0.27832,0.639648,0.703125,0.224609,0.81543,2.436523,1
17/11/2017 09:32:54.865,0.27832,0.639648,0.703125,0.224609,0.81543,2.436523,1
17/11/2017 09:32:55.861,0.27832,0.644531,0.703125,0.224609,0.81543,2.436523,1
17/11/2017 09:32:56.864,0.27832,0.639648,0.703125,0.224609,0.81543,2.436523,1
17/11/2017 09:32:57.864,0.27832,0.639648,0.703125,0.224609,0.81543,2.436523,1
17/11/2017 09:32:58.863,0.27832,0.639648,0.703125,0.224609,0.81543,2.431641,1
17/11/2017 09:32:59.867,0.27832,0.644531,0.703125,0.224609,0.81543,2.436523,1
17/11/2017 09:33:00.867,0.27832,0.639648,0.703125,0.224609,0.81543,2.436523,1
17/11/2017 09:33:01.864,0.27832,0.639648,0.703125,0.224609,0.81543,2.436523,1
17/11/2017 09:33:02.864,0.27832,0.644531,0.703125,0.224609,0.81543,2.436523,1
17/11/2017 09:33:03.865,0.27832,0.644531,0.703125,0.224609,0.81543,2.436523,1
17/11/2017 09:33:04.867,0.27832,0.644531,0.708008,0.224609,0.81543,2.436523,1
17/11/2017 09:33:05.866,0.27832,0.644531,0.703125,0.224609,0.81543,2.436523,1
17/11/2017 09:33:06.866,0.27832,0.644531,0.703125,0.224609,0.81543,2.436523,1
17/11/2017 09:33:07.865,0.27832,0.644531,0.703125,0.224609,0.81543,2.436523,1
17/11/2017 09:33:08.864,0.27832,0.644531,0.703125,0.224609,0.81543,2.436523,1
17/11/2017 09:33:09.865,0.27832,0.644531,0.703125,0.224609,0.81543,2.436523,1
17/11/2017 09:33:10.864,0.27832,0.644531,0.703125,0.224609,0.81543,2.436523,1
17/11/2017 09:33:11.868,0.27832,0.644531,0.703125,0.224609,0.81543,2.436523,1
17/11/2017 09:33:12.867,0.283203,0.644531,0.703125,0.229492,0.81543,2.436523,1
17/11/2017 09:33:13.865,0.27832,0.644531,0.703125,0.224609,0.81543,2.436523,1
17/11/2017 09:33:14.870,0.283203,0.644531,0.703125,0.224609,0.81543,2.436523,1
17/11/2017 09:33:15.869,0.283203,0.644531,0.703125,0.224609,0.81543,2.436523,1
17/11/2017 09:33:16.867,0.27832,0.644531,0.703125,0.224609,0.81543,2.436523,1
17/11/2017 09:33:17.868,0.283203,0.644531,0.703125,0.229492,0.81543,2.436523,1
17/11/2017 09:33:18.867,0.27832,0.644531,0.703125,0.224609,0.81543,2.436523,1
17/11/2017 09:33:19.871,0.283203,0.644531,0.703125,0.224609,0.81543,2.436523,1
17/11/2017 09:33:20.869,0.283203,0.644531,0.703125,0.229492,0.81543,2.436523,1
17/11/2017 09:33:21.869,0.27832,0.644531,0.703125,0.229492,0.81543,2.436523,1
17/11/2017 09:33:22.869,0.283203,0.644531,0.703125,0.224609,0.81543,2.436523,1
17/11/2017 09:33:23.871,0.27832,0.644531,0.703125,0.224609,0.81543,2.436523,1
17/11/2017 09:33:24.870,0.283203,0.644531,0.703125,0.229492,0.81543,2.436523,1
17/11/2017 09:33:25.870,0.283203,0.644531,0.703125,0.229492,0.81543,2.436523,1
17/11/2017 09:33:26.870,0.27832,0.644531,0.703125,0.229492,0.81543,2.436523,1
17/11/2017 09:33:27.869,0.283203,0.644531,0.703125,0.224609,0.81543,2.436523,1
17/11/2017 09:33:28.872,0.283203,0.644531,0.703125,0.229492,0.81543,2.436523,1
17/11/2017 09:33:29.872,0.283203,0.644531,0.708008,0.224609,0.81543,2.436523,1
17/11/2017 09:33:30.871,0.283203,0.644531,0.703125,0.229492,0.81543,2.436523,1
17/11/2017 09:33:31.870,0.283203,0.644531,0.703125,0.229492,0.81543,2.436523,1
17/11/2017 09:33:32.869,0.283203,0.644531,0.703125,0.229492,0.81543,2.436523,1
17/11/2017 09:33:33.874,0.283203,0.644531,0.708008,0.229492,0.81543,2.436523,1
17/11/2017 09:33:34.872,0.283203,0.644531,0.703125,0.229492,0.81543,2.436523,1
17/11/2017 09:33:35.872,0.283203,0.644531,0.703125,0.229492,0.81543,2.436523,1
17/11/2017 09:33:36.872,0.283203,0.644531,0.703125,0.229492,0.81543,2.436523,1
17/11/2017 09:33:37.870,0.283203,0.644531,0.703125,0.229492,0.81543,2.436523,1
17/11/2017 09:33:38.869,0.283203,0.644531,0.703125,0.229492,0.81543,2.436523,1
17/11/2017 09:33:39.873,0.283203,0.644531,0.708008,0.229492,0.81543,2.436523,1
17/11/2017 09:33:40.872,0.283203,0.644531,0.708008,0.229492,0.820312,2.436523,1
17/11/2017 09:33:41.873,0.283203,0.644531,0.708008,0.229492,0.81543,2.436523,1
17/11/2017 09:33:42.872,0.283203,0.644531,0.708008,0.229492,0.81543,2.436523,1
17/11/2017 09:33:43.871,0.283203,0.644531,0.708008,0.229492,0.81543,2.436523,1
17/11/2017 09:33:44.870,0.283203,0.644531,0.708008,0.229492,0.820312,2.436523,1
17/11/2017 09:33:45.874,0.283203,0.644531,0.708008,0.229492,0.820312,2.436523,1
17/11/2017 09:33:46.874,0.283203,0.644531,0.708008,0.229492,0.820312,2.436523,1
17/11/2017 09:33:47.873,0.283203,0.644531,0.708008,0.229492,0.820312,2.436523,1
17/11/2017 09:33:48.873,0.283203,0.644531,0.708008,0.229492,0.820312,2.436523,1
17/11/2017 09:33:49.875,0.283203,0.649414,0.708008,0.229492,0.820312,2.436523,1
17/11/2017 09:33:50.875,0.283203,0.644531,0.708008,0.229492,0.820312,2.436523,1
17/11/2017 09:33:51.874,0.283203,0.649414,0.708008,0.229492,0.81543,2.436523,1
17/11/2017 09:33:52.875,0.283203,0.644531,0.708008,0.229492,0.820312,2.436523,1
17/11/2017 09:33:53.873,0.283203,0.644531,0.708008,0.229492,0.820312,2.436523,1
17/11/2017 09:33:54.876,0.283203,0.649414,0.708008,0.229492,0.820312,2.436523,1
17/11/2017 09:33:55.876,0.283203,0.649414,0.708008,0.229492,0.820312,2.436523,1
17/11/2017 09:33:56.875,0.283203,0.649414,0.708008,0.229492,0.820312,2.436523,1
17/11/2017 09:33:57.876,0.283203,0.649414,0.708008,0.229492,0.820312,2.436523,1
17/11/2017 09:33:58.873,0.283203,0.649414,0.708008,0.229492,0.820312,2.436523,1
17/11/2017 09:33:59.877,0.283203,0.649414,0.708008,0.229492,0.820312,2.436523,1
17/11/2017 09:34:00.877,0.283203,0.649414,0.708008,0.229492,0.820312,2.436523,1
17/11/2017 09:34:01.877,0.283203,0.649414,0.708008,0.229492,0.820312,2.436523,1
17/11/2017 09:34:02.876,0.283203,0.649414,0.708008,0.229492,0.820312,2.436523,1
17/11/2017 09:34:03.880,0.283203,0.649414,0.703125,0.229492,0.820312,2.436523,1
17/11/2017 09:34:04.879,0.283203,0.649414,0.708008,0.229492,0.820312,2.436523,1
17/11/2017 09:34:05.878,0.283203,0.649414,0.708008,0.229492,0.820312,2.436523,1
17/11/2017 09:34:06.881,0.283203,0.649414,0.708008,0.229492,0.820312,2.436523,1
17/11/2017 09:34:07.880,0.283203,0.649414,0.708008,0.229492,0.820312,2.436523,1
17/11/2017 09:34:08.881,0.283203,0.649414,0.708008,0.229492,0.820312,2.436523,1
17/11/2017 09:34:09.879,0.283203,0.649414,0.708008,0.229492,0.820312,2.436523,1
17/11/2017 09:34:10.878,0.283203,0.649414,0.708008,0.229492,0.820312,2.436523,1
17/11/2017 09:34:11.883,0.283203,0.649414,0.708008,0.229492,0.820312,2.431641,1
17/11/2017 09:34:12.881,0.283203,0.649414,0.708008,0.229492,0.820312,2.431641,1
17/11/2017 09:34:13.881,0.283203,0.649414,0.708008,0.229492,0.820312,2.431641,1
17/11/2017 09:34:14.880,0.283203,0.649414,0.708008,0.229492,0.820312,2.431641,1
17/11/2017 09:34:15.881,0.283203,0.649414,0.708008,0.229492,0.820312,2.431641,1
17/11/2017 09:34:16.879,0.283203,0.649414,0.708008,0.229492,0.820312,2.431641,1
17/11/2017 09:34:17.882,0.283203,0.649414,0.708008,0.229492,0.820312,2.431641,1
17/11/2017 09:34:18.883,0.283203,0.649414,0.708008,0.229492,0.820312,2.431641,1
17/11/2017 09:34:19.885,0.283203,0.649414,0.708008,0.229492,0.820312,2.431641,1
17/11/2017 09:34:20.885,0.283203,0.649414,0.708008,0.229492,0.820312,2.431641,1
17/11/2017 09:34:21.886,0.283203,0.649414,0.708008,0.229492,0.820312,2.431641,1
17/11/2017 09:34:22.883,0.288086,0.649414,0.708008,0.229492,0.820312,2.431641,1
17/11/2017 09:34:23.882,0.283203,0.649414,0.708008,0.229492,0.820312,2.431641,1
17/11/2017 09:34:24.886,0.283203,0.649414,0.708008,0.229492,0.820312,2.431641,1
17/11/2017 09:34:25.885,0.283203,0.649414,0.708008,0.229492,0.820312,2.426758,1
17/11/2017 09:34:26.886,0.283203,0.649414,0.708008,0.229492,0.820312,2.431641,1
17/11/2017 09:34:27.884,0.288086,0.649414,0.708008,0.229492,0.820312,2.426758,1
17/11/2017 09:34:28.885,0.283203,0.649414,0.708008,0.229492,0.820312,2.426758,1
17/11/2017 09:34:29.883,0.283203,0.649414,0.708008,0.229492,0.820312,2.426758,1
17/11/2017 09:34:30.882,0.288086,0.649414,0.708008,0.229492,0.820312,2.426758,1
17/11/2017 09:34:31.886,0.283203,0.649414,0.708008,0.229492,0.820312,2.426758,1
17/11/2017 09:34:32.885,0.283203,0.649414,0.708008,0.229492,0.820312,2.426758,1
17/11/2017 09:34:33.885,0.283203,0.649414,0.708008,0.229492,0.820312,2.426758,1
17/11/2017 09:34:34.885,0.288086,0.649414,0.708008,0.229492,0.820312,2.426758,1
17/11/2017 09:34:35.884,0.283203,0.649414,0.708008,0.229492,0.820312,2.426758,1
17/11/2017 09:34:36.882,0.283203,0.649414,0.708008,0.229492,0.820312,2.426758,1
17/11/2017 09:34:37.887,0.288086,0.649414,0.708008,0.229492,0.820312,2.426758,1
17/11/2017 09:34:38.886,0.283203,0.649414,0.708008,0.229492,0.820312,2.426758,1
17/11/2017 09:34:39.885,0.283203,0.649414,0.708008,0.229492,0.820312,2.426758,1
17/11/2017 09:34:40.888,0.283203,0.649414,0.708008,0.229492,0.820312,2.426758,1
17/11/2017 09:34:41.888,0.288086,0.649414,0.708008,0.229492,0.820312,2.426758,1
17/11/2017 09:34:42.887,0.288086,0.649414,0.708008,0.229492,0.820312,2.426758,1
17/11/2017 09:34:43.887,0.288086,0.649414,0.708008,0.229492,0.820312,2.426758,1
17/11/2017 09:34:44.886,0.288086,0.654297,0.708008,0.229492,0.820312,2.426758,1
17/11/2017 09:34:45.889,0.283203,0.649414,0.708008,0.229492,0.820312,2.431641,1
17/11/2017 09:34:46.889,0.283203,0.649414,0.708008,0.229492,0.820312,2.431641,1
17/11/2017 09:34:47.888,0.288086,0.649414,0.708008,0.229492,0.820312,2.431641,1
17/11/2017 09:34:48.888,0.288086,0.649414,0.708008,0.229492,0.820312,2.431641,1
17/11/2017 09:34:49.892,0.288086,0.649414,0.708008,0.229492,0.820312,2.431641,1
17/11/2017 09:34:50.891,0.288086,0.654297,0.708008,0.229492,0.820312,2.431641,1
17/11/2017 09:34:51.891,0.288086,0.654297,0.708008,0.229492,0.820312,2.431641,1
17/11/2017 09:34:52.889,0.288086,0.649414,0.708008,0.229492,0.820312,2.431641,1
17/11/2017 09:34:53.888,0.288086,0.654297,0.708008,0.229492,0.820312,2.431641,1
17/11/2017 09:34:54.887,0.288086,0.649414,0.708008,0.229492,0.820312,2.431641,1
17/11/2017 09:34:55.891,0.288086,0.654297,0.708008,0.229492,0.820312,2.431641,1
17/11/2017 09:34:56.891,0.288086,0.654297,0.708008,0.229492,0.820312,2.431641,1
17/11/2017 09:34:57.890,0.288086,0.649414,0.708008,0.229492,0.820312,2.431641,1
17/11/2017 09:34:58.888,0.288086,0.654297,0.708008,0.229492,0.820312,2.431641,1
17/11/2017 09:34:59.889,0.288086,0.649414,0.708008,0.229492,0.820312,2.431641,1
17/11/2017 09:35:00.892,0.288086,0.649414,0.708008,0.229492,0.820312,2.431641,1
17/11/2017 09:35:01.891,0.288086,0.649414,0.708008,0.229492,0.825195,2.431641,1
17/11/2017 09:35:02.891,0.288086,0.654297,0.708008,0.229492,0.820312,2.431641,1
17/11/2017 09:35:03.895,0.288086,0.654297,0.708008,0.229492,0.820312,2.431641,1
17/11/2017 09:35:04.893,0.288086,0.654297,0.708008,0.229492,0.820312,2.431641,1
17/11/2017 09:35:05.894,0.288086,0.649414,0.708008,0.229492,0.820312,2.431641,1
17/11/2017 09:35:06.892,0.288086,0.654297,0.708008,0.229492,0.820312,2.431641,1
17/11/2017 09:35:07.892,0.288086,0.654297,0.708008,0.229492,0.825195,2.431641,1
17/11/2017 09:35:08.890,0.288086,0.654297,0.708008,0.229492,0.820312,2.431641,1
17/11/2017 09:35:09.894,0.288086,0.654297,0.708008,0.229492,0.820312,2.431641,1
17/11/2017 09:35:10.893,0.288086,0.654297,0.708008,0.229492,0.820312,2.431641,1
17/11/2017 09:35:11.894,0.288086,0.654297,0.708008,0.229492,0.820312,2.431641,1
17/11/2017 09:35:12.897,0.288086,0.654297,0.708008,0.229492,0.820312,2.431641,1
17/11/2017 09:35:13.895,0.288086,0.654297,0.708008,0.229492,0.820312,2.431641,1
17/11/2017 09:35:14.896,0.288086,0.654297,0.708008,0.229492,0.825195,2.431641,1
17/11/2017 09:35:15.895,0.288086,0.654297,0.708008,0.229492,0.820312,2.431641,1
17/11/2017 09:35:16.894,0.288086,0.654297,0.708008,0.229492,0.820312,2.431641,1
17/11/2017 09:35:17.894,0.288086,0.654297,0.708008,0.229492,0.820312,2.431641,1
17/11/2017 09:35:18.893,0.288086,0.654297,0.708008,0.229492,0.820312,2.431641,1
17/11/2017 09:35:19.897,0.288086,0.654297,0.708008,0.229492,0.820312,2.431641,1
17/11/2017 09:35:20.896,0.288086,0.654297,0.708008,0.229492,0.825195,2.431641,1
17/11/2017 09:35:21.900,0.288086,0.654297,0.708008,0.229492,0.825195,2.436523,1
17/11/2017 09:35:22.899,0.288086,0.654297,0.708008,0.229492,0.820312,2.431641,1
17/11/2017 09:35:23.899,0.288086,0.654297,0.708008,0.229492,0.825195,2.436523,1
17/11/2017 09:35:24.897,0.288086,0.654297,0.708008,0.229492,0.820312,2.436523,1
17/11/2017 09:35:25.896,0.288086,0.654297,0.708008,0.229492,0.820312,2.436523,1
17/11/2017 09:35:26.901,0.288086,0.654297,0.708008,0.229492,0.820312,2.436523,1
17/11/2017 09:35:27.899,0.288086,0.654297,0.708008,0.229492,0.820312,2.436523,1
17/11/2017 09:35:28.900,0.288086,0.654297,0.708008,0.229492,0.825195,2.436523,1
17/11/2017 09:35:29.897,0.288086,0.654297,0.708008,0.229492,0.820312,2.436523,1
17/11/2017 09:35:30.901,0.288086,0.654297,0.708008,0.229492,0.825195,2.431641,1
17/11/2017 09:35:31.901,0.288086,0.654297,0.708008,0.229492,0.820312,2.431641,1
17/11/2017 09:35:32.901,0.288086,0.654297,0.708008,0.229492,0.825195,2.431641,1
17/11/2017 09:35:33.904,0.288086,0.654297,0.708008,0.229492,0.825195,2.431641,1
17/11/2017 09:35:34.904,0.288086,0.654297,0.708008,0.229492,0.825195,2.431641,1
17/11/2017 09:35:35.902,0.288086,0.654297,0.708008,0.229492,0.825195,2.431641,1
17/11/2017 09:35:36.901,0.288086,0.654297,0.708008,0.229492,0.825195,2.431641,1
17/11/2017 09:35:37.901,0.288086,0.654297,0.708008,0.229492,0.820312,2.431641,1
17/11/2017 09:35:38.905,0.288086,0.654297,0.708008,0.229492,0.825195,2.431641,1
17/11/2017 09:35:39.905,0.288086,0.654297,0.708008,0.229492,0.825195,2.431641,1
17/11/2017 09:35:40.904,0.288086,0.654297,0.708008,0.229492,0.825195,2.431641,1
17/11/2017 09:35:41.907,0.288086,0.654297,0.708008,0.229492,0.825195,2.431641,1
17/11/2017 09:35:42.907,0.288086,0.654297,0.708008,0.229492,0.825195,2.431641,1
17/11/2017 09:35:43.905,0.288086,0.654297,0.708008,0.229492,0.825195,2.431641,1
17/11/2017 09:35:44.905,0.288086,0.654297,0.708008,0.229492,0.825195,2.431641,1
17/11/2017 09:35:45.908,0.288086,0.654297,0.708008,0.229492,0.825195,2.426758,1
17/11/2017 09:35:46.907,0.288086,0.654297,0.708008,0.229492,0.825195,2.426758,1
17/11/2017 09:35:47.912,0.288086,0.654297,0.708008,0.229492,0.825195,2.426758,1
17/11/2017 09:35:48.910,0.288086,0.654297,0.708008,0.229492,0.825195,2.426758,1
17/11/2017 09:35:49.910,0.288086,0.654297,0.708008,0.229492,0.825195,2.426758,1
17/11/2017 09:35:50.910,0.288086,0.654297,0.708008,0.229492,0.825195,2.431641,1
17/11/2017 09:35:51.908,0.288086,0.654297,0.708008,0.229492,0.825195,2.431641,1
17/11/2017 09:35:52.907,0.288086,0.654297,0.708008,0.229492,0.825195,2.431641,1
17/11/2017 09:35:53.911,0.288086,0.654297,0.708008,0.229492,0.825195,2.431641,1
17/11/2017 09:35:54.911,0.288086,0.654297,0.708008,0.229492,0.825195,2.431641,1
17/11/2017 09:35:55.911,0.288086,0.654297,0.708008,0.229492,0.825195,2.431641,1
17/11/2017 09:35:56.911,0.288086,0.654297,0.708008,0.229492,0.825195,2.431641,1
17/11/2017 09:35:57.908,0.288086,0.654297,0.708008,0.229492,0.825195,2.431641,1
17/11/2017 09:35:58.912,0.288086,0.654297,0.708008,0.229492,0.825195,2.431641,1
17/11/2017 09:35:59.912,0.288086,0.654297,0.708008,0.229492,0.825195,2.431641,1
17/11/2017 09:36:00.911,0.288086,0.654297,0.708008,0.229492,0.825195,2.431641,1
17/11/2017 09:36:01.911,0.288086,0.654297,0.708008,0.229492,0.825195,2.431641,1
17/11/2017 09:36:02.915,0.288086,0.654297,0.708008,0.229492,0.825195,2.431641,1
17/11/2017 09:36:03.914,0.288086,0.654297,0.708008,0.229492,0.825195,2.431641,1
17/11/2017 09:36:04.913,0.288086,0.654297,0.708008,0.229492,0.825195,2.431641,1
17/11/2017 09:36:05.916,0.288086,0.654297,0.708008,0.229492,0.825195,2.431641,1
17/11/2017 09:36:06.915,0.288086,0.654297,0.708008,0.229492,0.825195,2.431641,1
17/11/2017 09:36:07.914,0.288086,0.654297,0.708008,0.229492,0.825195,2.426758,1
17/11/2017 09:36:08.914,0.288086,0.654297,0.708008,0.229492,0.825195,2.426758,1
17/11/2017 09:36:09.918,0.288086,0.654297,0.708008,0.229492,0.825195,2.426758,1
17/11/2017 09:36:10.918,0.288086,0.654297,0.708008,0.229492,0.825195,2.426758,1
17/11/2017 09:36:11.917,0.288086,0.654297,0.708008,0.229492,0.825195,2.426758,1
17/11/2017 09:36:12.921,0.288086,0.654297,0.708008,0.229492,0.825195,2.426758,1
17/11/2017 09:36:13.919,0.288086,0.654297,0.708008,0.229492,0.825195,2.426758,1
17/11/2017 09:36:14.920,0.288086,0.654297,0.708008,0.229492,0.825195,2.426758,1
17/11/2017 09:36:15.919,0.288086,0.654297,0.712891,0.234375,0.825195,2.426758,1
17/11/2017 09:36:16.918,0.288086,0.654297,0.708008,0.229492,0.825195,2.426758,1
17/11/2017 09:36:17.916,0.288086,0.65918,0.708008,0.234375,0.825195,2.431641,1
17/11/2017 09:36:18.920,0.288086,0.654297,0.712891,0.234375,0.825195,2.431641,1
17/11/2017 09:36:19.919,0.288086,0.654297,0.708008,0.234375,0.825195,2.431641,1
17/11/2017 09:36:20.918,0.288086,0.654297,0.708008,0.229492,0.825195,2.431641,1
17/11/2017 09:36:21.922,0.288086,0.65918,0.712891,0.229492,0.825195,2.431641,1
17/11/2017 09:36:22.922,0.288086,0.65918,0.708008,0.234375,0.825195,2.426758,1
17/11/2017 09:36:23.922,0.288086,0.65918,0.708008,0.229492,0.825195,2.426758,1
17/11/2017 09:36:24.924,0.288086,0.65918,0.708008,0.229492,0.825195,2.431641,1
17/11/2017 09:36:25.925,0.288086,0.65918,0.712891,0.229492,0.825195,2.431641,1
17/11/2017 09:36:26.924,0.288086,0.65918,0.712891,0.234375,0.825195,2.431641,1
17/11/2017 09:36:27.924,0.288086,0.65918,0.708008,0.229492,0.825195,2.431641,1
17/11/2017 09:36:28.924,0.288086,0.65918,0.708008,0.229492,0.825195,2.431641,1
17/11/2017 09:36:29.921,0.288086,0.65918,0.708008,0.229492,0.825195,2.431641,1
17/11/2017 09:36:30.921,0.288086,0.65918,0.712891,0.229492,0.825195,2.431641,1
17/11/2017 09:36:31.925,0.288086,0.65918,0.708008,0.234375,0.825195,2.431641,1
17/11/2017 09:36:32.924,0.288086,0.65918,0.712891,0.229492,0.825195,2.431641,1
17/11/2017 09:36:33.924,0.288086,0.65918,0.708008,0.234375,0.825195,2.431641,1
17/11/2017 09:36:34.922,0.288086,0.65918,0.712891,0.229492,0.825195,2.431641,1
17/11/2017 09:36:35.925,0.288086,0.65918,0.712891,0.229492,0.825195,2.431641,1
17/11/2017 09:36:36.925,0.292969,0.65918,0.712891,0.234375,0.825195,2.431641,1
17/11/2017 09:36:37.928,0.288086,0.65918,0.712891,0.229492,0.825195,2.431641,1
17/11/2017 09:36:38.929,0.288086,0.65918,0.712891,0.234375,0.825195,2.431641,1
17/11/2017 09:36:39.928,0.288086,0.65918,0.712891,0.234375,0.825195,2.431641,1
17/11/2017 09:36:40.926,0.292969,0.65918,0.708008,0.229492,0.825195,2.431641,1
17/11/2017 09:36:41.931,0.292969,0.65918,0.712891,0.229492,0.825195,2.431641,1
17/11/2017 09:36:42.930,0.292969,0.65918,0.708008,0.234375,0.825195,2.431641,1
17/11/2017 09:36:43.929,0.292969,0.65918,0.708008,0.234375,0.825195,2.431641,1
17/11/2017 09:36:44.928,0.292969,0.65918,0.708008,0.234375,0.825195,2.431641,1
17/11/2017 09:36:45.928,0.292969,0.65918,0.712891,0.229492,0.825195,2.431641,1
17/11/2017 09:36:46.930,0.292969,0.65918,0.712891,0.234375,0.825195,2.431641,1
17/11/2017 09:36:47.930,0.292969,0.65918,0.708008,0.234375,0.825195,2.431641,1
17/11/2017 09:36:48.930,0.292969,0.65918,0.708008,0.234375,0.825195,2.431641,1
17/11/2017 09:36:49.934,0.292969,0.65918,0.712891,0.234375,0.825195,2.431641,1
17/11/2017 09:36:50.933,0.292969,0.65918,0.708008,0.234375,0.825195,2.431641,1
17/11/2017 09:36:51.933,0.292969,0.65918,0.712891,0.234375,0.825195,2.431641,1
17/11/2017 09:36:52.931,0.292969,0.65918,0.712891,0.234375,0.825195,2.426758,1
17/11/2017 09:36:53.931,0.292969,0.65918,0.712891,0.234375,0.825195,2.426758,1
17/11/2017 09:36:54.935,0.292969,0.65918,0.712891,0.234375,0.825195,2.431641,1
17/11/2017 09:36:55.935,0.288086,0.65918,0.712891,0.234375,0.825195,2.431641,1
17/11/2017 09:36:56.933,0.292969,0.65918,0.712891,0.234375,0.825195,2.431641,1
17/11/2017 09:36:57.932,0.292969,0.65918,0.712891,0.234375,0.825195,2.426758,1
17/11/2017 09:36:58.933,0.292969,0.65918,0.712891,0.229492,0.825195,2.426758,1
17/11/2017 09:36:59.931,0.292969,0.65918,0.712891,0.234375,0.825195,2.426758,1
17/11/2017 09:37:00.935,0.292969,0.65918,0.708008,0.234375,0.825195,2.426758,1
17/11/2017 09:37:01.934,0.292969,0.65918,0.712891,0.234375,0.825195,2.426758,1
17/11/2017 09:37:02.933,0.292969,0.65918,0.712891,0.234375,0.825195,2.426758,1
17/11/2017 09:37:03.933,0.292969,0.65918,0.712891,0.234375,0.825195,2.426758,1
17/11/2017 09:37:04.932,0.292969,0.65918,0.712891,0.234375,0.825195,2.426758,1
17/11/2017 09:37:05.937,0.292969,0.65918,0.708008,0.234375,0.825195,2.426758,1
17/11/2017 09:37:06.935,0.292969,0.65918,0.712891,0.234375,0.825195,2.426758,1
17/11/2017 09:37:07.934,0.292969,0.65918,0.708008,0.234375,0.825195,2.426758,1
17/11/2017 09:37:08.938,0.288086,0.65918,0.712891,0.234375,0.825195,2.426758,1
17/11/2017 09:37:09.937,0.292969,0.65918,0.712891,0.234375,0.825195,2.426758,1
17/11/2017 09:37:10.936,0.292969,0.65918,0.712891,0.229492,0.825195,2.426758,1
17/11/2017 09:37:11.937,0.292969,0.65918,0.712891,0.234375,0.825195,2.426758,1
17/11/2017 09:37:12.939,0.292969,0.65918,0.712891,0.234375,0.825195,2.426758,1
17/11/2017 09:37:13.938,0.292969,0.65918,0.712891,0.234375,0.825195,2.426758,1
17/11/2017 09:37:14.938,0.292969,0.65918,0.712891,0.234375,0.825195,2.426758,1
17/11/2017 09:37:15.938,0.292969,0.65918,0.712891,0.234375,0.825195,2.426758,1
17/11/2017 09:37:16.936,0.292969,0.65918,0.712891,0.234375,0.825195,2.426758,1
17/11/2017 09:37:17.940,0.292969,0.65918,0.712891,0.234375,0.825195,2.426758,1
17/11/2017 09:37:18.939,0.292969,0.65918,0.712891,0.234375,0.825195,2.421875,1
17/11/2017 09:37:19.938,0.292969,0.65918,0.712891,0.234375,0.825195,2.421875,1
17/11/2017 09:37:20.943,0.292969,0.65918,0.712891,0.234375,0.825195,2.421875,1
17/11/2017 09:37:21.942,0.292969,0.65918,0.712891,0.234375,0.825195,2.421875,1
17/11/2017 09:37:22.941,0.292969,0.65918,0.712891,0.234375,0.825195,2.421875,1
17/11/2017 09:37:23.940,0.292969,0.65918,0.712891,0.234375,0.825195,2.421875,1
17/11/2017 09:37:24.941,0.292969,0.65918,0.712891,0.234375,0.825195,2.421875,1
17/11/2017 09:37:25.939,0.292969,0.65918,0.708008,0.234375,0.825195,2.421875,1
17/11/2017 09:37:26.943,0.292969,0.65918,0.712891,0.234375,0.825195,2.421875,1
17/11/2017 09:37:27.942,0.288086,0.654297,0.708008,0.234375,0.805664,2.416992,1
17/11/2017 09:37:28.942,0.288086,0.644531,0.703125,0.229492,0.78125,2.412109,1
17/11/2017 09:37:29.941,0.288086,0.634766,0.698242,0.229492,0.761719,2.402344,1
17/11/2017 09:37:30.941,0.283203,0.625,0.688477,0.229492,0.751953,2.387695,1
17/11/2017 09:37:31.943,0.27832,0.615234,0.678711,0.224609,0.737305,2.373047,1
17/11/2017 09:37:32.942,0.27832,0.610352,0.664062,0.224609,0.727539,2.353516,1
17/11/2017 09:37:33.943,0.273437,0.600586,0.654297,0.224609,0.717773,2.333984,1
17/11/2017 09:37:34.942,0.273437,0.595703,0.644531,0.219727,0.708008,2.314453,1
17/11/2017 09:37:35.942,0.268555,0.585937,0.634766,0.219727,0.703125,2.294922,1
17/11/2017 09:37:36.940,0.263672,0.581055,0.625,0.219727,0.693359,2.270508,1
17/11/2017 09:37:37.945,0.263672,0.576172,0.615234,0.214844,0.688477,2.250977,1
17/11/2017 09:37:38.944,0.258789,0.571289,0.605469,0.214844,0.683594,2.226562,1
17/11/2017 09:37:39.942,0.258789,0.561523,0.595703,0.214844,0.673828,2.207031,1
17/11/2017 09:37:40.945,0.253906,0.556641,0.585937,0.209961,0.668945,2.182617,1
17/11/2017 09:37:41.946,0.253906,0.551758,0.581055,0.209961,0.664062,2.163086,1
17/11/2017 09:37:42.946,0.253906,0.546875,0.571289,0.209961,0.65918,2.138672,1
17/11/2017 09:37:43.945,0.249023,0.541992,0.566406,0.205078,0.654297,2.119141,1
17/11/2017 09:37:44.944,0.249023,0.537109,0.556641,0.205078,0.649414,2.094727,1
17/11/2017 09:37:45.947,0.244141,0.532227,0.551758,0.205078,0.644531,2.075195,1
17/11/2017 09:37:46.946,0.244141,0.527344,0.546875,0.205078,0.639648,2.055664,1
17/11/2017 09:37:47.946,0.244141,0.522461,0.537109,0.205078,0.634766,2.036133,1
17/11/2017 09:37:48.945,0.239258,0.517578,0.532227,0.200195,0.629883,2.016602,1
17/11/2017 09:37:49.945,0.239258,0.512695,0.527344,0.200195,0.625,1.99707,1
17/11/2017 09:37:50.949,0.239258,0.507812,0.522461,0.200195,0.620117,1.977539,1
17/11/2017 09:37:51.948,0.234375,0.50293,0.517578,0.200195,0.615234,1.958008,1
17/11/2017 09:37:52.947,0.234375,0.498047,0.512695,0.195312,0.610352,1.943359,1
17/11/2017 09:37:53.947,0.234375,0.493164,0.507812,0.195312,0.610352,1.923828,1
17/11/2017 09:37:54.950,0.234375,0.488281,0.50293,0.195312,0.605469,1.90918,1
17/11/2017 09:37:55.949,0.229492,0.483398,0.50293,0.195312,0.600586,1.889648,1
17/11/2017 09:37:56.948,0.229492,0.478516,0.498047,0.195312,0.595703,1.875,1
17/11/2017 09:37:57.947,0.229492,0.473633,0.493164,0.195312,0.595703,1.860352,1
17/11/2017 09:37:58.950,0.229492,0.473633,0.488281,0.19043,0.59082,1.845703,1
17/11/2017 09:37:59.950,0.224609,0.46875,0.488281,0.19043,0.585937,1.835937,1
17/11/2017 09:38:00.949,0.224609,0.463867,0.483398,0.19043,0.585937,1.821289,1
17/11/2017 09:38:01.948,0.224609,0.458984,0.483398,0.19043,0.581055,1.806641,1
17/11/2017 09:38:02.953,0.224609,0.458984,0.478516,0.19043,0.576172,1.796875,1
17/11/2017 09:38:03.952,0.219727,0.454102,0.473633,0.19043,0.576172,1.782227,1
17/11/2017 09:38:04.951,0.219727,0.449219,0.473633,0.185547,0.571289,1.772461,1
17/11/2017 09:38:05.950,0.219727,0.444336,0.46875,0.185547,0.571289,1.757812,1
17/11/2017 09:38:06.950,0.219727,0.439453,0.46875,0.185547,0.566406,1.748047,1
17/11/2017 09:38:07.954,0.219727,0.43457,0.463867,0.185547,0.566406,1.738281,1
17/11/2017 09:38:08.953,0.219727,0.43457,0.463867,0.185547,0.561523,1.728516,1
17/11/2017 09:38:09.952,0.214844,0.429687,0.463867,0.185547,0.561523,1.71875,1
17/11/2017 09:38:10.952,0.214844,0.429687,0.458984,0.185547,0.556641,1.708984,1
17/11/2017 09:38:11.956,0.214844,0.424805,0.458984,0.185547,0.556641,1.699219,1
17/11/2017 09:38:12.956,0.214844,0.419922,0.454102,0.180664,0.551758,1.689453,1
17/11/2017 09:38:13.955,0.214844,0.415039,0.454102,0.180664,0.551758,1.679687,1
17/11/2017 09:38:14.954,0.214844,0.415039,0.454102,0.180664,0.546875,1.674805,1
17/11/2017 09:38:15.952,0.214844,0.410156,0.449219,0.180664,0.546875,1.665039,1
17/11/2017 09:38:16.956,0.209961,0.405273,0.449219,0.180664,0.541992,1.660156,1
17/11/2017 09:38:17.954,0.209961,0.405273,0.449219,0.180664,0.541992,1.650391,1
17/11/2017 09:38:18.955,0.209961,0.400391,0.444336,0.180664,0.541992,1.645508,1
17/11/2017 09:38:19.953,0.209961,0.400391,0.444336,0.180664,0.537109,1.635742,1
17/11/2017 09:38:20.957,0.209961,0.395508,0.444336,0.175781,0.537109,1.630859,1
17/11/2017 09:38:21.958,0.209961,0.390625,0.444336,0.175781,0.537109,1.625977,1
17/11/2017 09:38:22.957,0.209961,0.390625,0.439453,0.175781,0.532227,1.616211,1
17/11/2017 09:38:23.955,0.205078,0.385742,0.439453,0.175781,0.532227,1.611328,1
17/11/2017 09:38:24.956,0.205078,0.385742,0.439453,0.175781,0.532227,1.606445,1
17/11/2017 09:38:25.959,0.205078,0.380859,0.439453,0.175781,0.527344,1.601562,1
17/11/2017 09:38:26.957,0.205078,0.375977,0.439453,0.175781,0.527344,1.591797,1
17/11/2017 09:38:27.957,0.205078,0.375977,0.43457,0.175781,0.527344,1.586914,1
17/11/2017 09:38:28.960,0.205078,0.371094,0.43457,0.175781,0.522461,1.582031,1
17/11/2017 09:38:29.959,0.205078,0.371094,0.43457,0.170898,0.522461,1.577148,1
17/11/2017 09:38:30.959,0.205078,0.366211,0.43457,0.175781,0.522461,1.572266,1
17/11/2017 09:38:31.963,0.205078,0.366211,0.43457,0.170898,0.517578,1.567383,1
17/11/2017 09:38:32.958,0.200195,0.361328,0.429687,0.170898,0.517578,1.567383,1
17/11/2017 09:38:33.962,0.200195,0.361328,0.429687,0.170898,0.517578,1.5625,1
17/11/2017 09:38:34.962,0.200195,0.361328,0.429687,0.170898,0.517578,1.557617,1
17/11/2017 09:38:35.960,0.200195,0.356445,0.429687,0.170898,0.517578,1.552734,1
17/11/2017 09:38:36.964,0.200195,0.351562,0.429687,0.170898,0.512695,1.547852,1
17/11/2017 09:38:37.959,0.200195,0.351562,0.429687,0.170898,0.512695,1.547852,1
17/11/2017 09:38:38.962,0.200195,0.34668,0.424805,0.170898,0.512695,1.542969,1
17/11/2017 09:38:39.962,0.200195,0.34668,0.424805,0.170898,0.507812,1.538086,1
17/11/2017 09:38:40.962,0.200195,0.34668,0.424805,0.170898,0.507812,1.538086,1
17/11/2017 09:38:41.960,0.200195,0.341797,0.424805,0.166016,0.507812,1.533203,1
17/11/2017 09:38:42.961,0.195312,0.341797,0.424805,0.166016,0.507812,1.52832,1
17/11/2017 09:38:43.963,0.195312,0.336914,0.424805,0.166016,0.50293,1.523437,1
17/11/2017 09:38:44.962,0.195312,0.336914,0.424805,0.166016,0.50293,1.523437,1
17/11/2017 09:38:45.962,0.195312,0.336914,0.419922,0.166016,0.50293,1.518555,1
17/11/2017 09:38:46.961,0.195312,0.332031,0.419922,0.166016,0.50293,1.513672,1
17/11/2017 09:38:47.966,0.195312,0.332031,0.419922,0.166016,0.50293,1.513672,1
17/11/2017 09:38:48.965,0.195312,0.327148,0.419922,0.166016,0.498047,1.508789,1
17/11/2017 09:38:49.963,0.195312,0.327148,0.419922,0.166016,0.498047,1.508789,1
17/11/2017 09:38:50.963,0.195312,0.327148,0.419922,0.166016,0.498047,1.503906,1
17/11/2017 09:38:51.964,0.195312,0.322266,0.419922,0.166016,0.498047,1.503906,1
17/11/2017 09:38:52.966,0.195312,0.322266,0.415039,0.166016,0.498047,1.499023,1
17/11/2017 09:38:53.966,0.19043,0.322266,0.419922,0.161133,0.493164,1.494141,1
17/11/2017 09:38:54.968,0.19043,0.322266,0.415039,0.161133,0.493164,1.494141,1
17/11/2017 09:38:55.968,0.19043,0.317383,0.415039,0.161133,0.493164,1.489258,1
17/11/2017 09:38:56.967,0.19043,0.317383,0.415039,0.161133,0.493164,1.489258,1
17/11/2017 09:38:57.968,0.19043,0.317383,0.415039,0.161133,0.493164,1.489258,1
17/11/2017 09:38:58.967,0.19043,0.3125,0.415039,0.161133,0.493164,1.484375,1
17/11/2017 09:38:59.969,0.19043,0.3125,0.415039,0.161133,0.493164,1.484375,1
17/11/2017 09:39:00.968,0.19043,0.3125,0.415039,0.161133,0.488281,1.479492,1
17/11/2017 09:39:01.968,0.19043,0.307617,0.415039,0.161133,0.488281,1.479492,1
17/11/2017 09:39:02.968,0.19043,0.307617,0.415039,0.161133,0.488281,1.479492,1
17/11/2017 09:39:03.968,0.19043,0.307617,0.410156,0.161133,0.488281,1.474609,1
17/11/2017 09:39:04.966,0.19043,0.307617,0.410156,0.161133,0.488281,1.474609,1
17/11/2017 09:39:05.971,0.19043,0.302734,0.410156,0.161133,0.488281,1.469727,1
17/11/2017 09:39:06.970,0.19043,0.302734,0.410156,0.15625,0.483398,1.469727,1
17/11/2017 09:39:07.969,0.19043,0.302734,0.410156,0.15625,0.483398,1.469727,1
17/11/2017 09:39:08.968,0.185547,0.297852,0.410156,0.15625,0.483398,1.464844,1
17/11/2017 09:39:09.971,0.185547,0.297852,0.410156,0.15625,0.483398,1.464844,1
17/11/2017 09:39:10.971,0.185547,0.297852,0.410156,0.15625,0.483398,1.464844,1
17/11/2017 09:39:11.969,0.185547,0.297852,0.410156,0.15625,0.483398,1.459961,1
17/11/2017 09:39:12.970,0.185547,0.292969,0.405273,0.15625,0.483398,1.459961,1
17/11/2017 09:39:13.969,0.185547,0.292969,0.405273,0.15625,0.478516,1.459961,1
17/11/2017 09:39:14.968,0.185547,0.292969,0.405273,0.15625,0.478516,1.455078,1
17/11/2017 09:39:15.971,0.185547,0.292969,0.405273,0.15625,0.478516,1.455078,1
17/11/2017 09:39:16.971,0.185547,0.288086,0.405273,0.15625,0.478516,1.455078,1
17/11/2017 09:39:17.970,0.185547,0.288086,0.405273,0.15625,0.478516,1.450195,1
17/11/2017 09:39:18.969,0.185547,0.288086,0.405273,0.15625,0.478516,1.450195,1
17/11/2017 09:39:19.974,0.185547,0.288086,0.405273,0.15625,0.478516,1.450195,1
17/11/2017 09:39:20.973,0.185547,0.288086,0.405273,0.15625,0.478516,1.450195,1
17/11/2017 09:39:21.972,0.185547,0.283203,0.405273,0.15625,0.478516,1.445312,1
17/11/2017 09:39:22.972,0.185547,0.283203,0.405273,0.15625,0.478516,1.445312,1
17/11/2017 09:39:23.976,0.185547,0.283203,0.405273,0.15625,0.478516,1.445312,1
17/11/2017 09:39:24.974,0.180664,0.283203,0.405273,0.151367,0.473633,1.445312,1
17/11/2017 09:39:25.973,0.180664,0.283203,0.405273,0.151367,0.473633,1.44043,1
17/11/2017 09:39:26.973,0.180664,0.27832,0.400391,0.15625,0.473633,1.44043,1
17/11/2017 09:39:27.972,0.180664,0.27832,0.400391,0.151367,0.473633,1.44043,1
17/11/2017 09:39:28.976,0.180664,0.27832,0.400391,0.151367,0.473633,1.44043,1
17/11/2017 09:39:29.975,0.180664,0.27832,0.400391,0.151367,0.473633,1.435547,1
17/11/2017 09:39:30.975,0.180664,0.27832,0.400391,0.151367,0.473633,1.435547,1
17/11/2017 09:39:31.973,0.180664,0.27832,0.400391,0.151367,0.473633,1.435547,1
17/11/2017 09:39:32.978,0.180664,0.273437,0.400391,0.151367,0.473633,1.435547,1
17/11/2017 09:39:33.977,0.180664,0.273437,0.400391,0.151367,0.46875,1.435547,1
17/11/2017 09:39:34.977,0.180664,0.273437,0.400391,0.151367,0.46875,1.430664,1
17/11/2017 09:39:35.977,0.180664,0.273437,0.400391,0.151367,0.46875,1.430664,1
17/11/2017 09:39:36.977,0.180664,0.273437,0.400391,0.151367,0.46875,1.430664,1
17/11/2017 09:39:37.975,0.180664,0.273437,0.400391,0.151367,0.46875,1.430664,1
17/11/2017 09:39:38.979,0.180664,0.268555,0.395508,0.151367,0.46875,1.425781,1
17/11/2017 09:39:39.978,0.180664,0.268555,0.395508,0.151367,0.46875,1.425781,1
17/11/2017 09:39:40.977,0.180664,0.268555,0.400391,0.151367,0.46875,1.425781,1
17/11/2017 09:39:41.981,0.180664,0.268555,0.395508,0.151367,0.46875,1.425781,1
17/11/2017 09:39:42.979,0.180664,0.268555,0.395508,0.146484,0.46875,1.425781,1
17/11/2017 09:39:43.980,0.175781,0.268555,0.395508,0.146484,0.46875,1.420898,1
17/11/2017 09:39:44.978,0.180664,0.263672,0.395508,0.146484,0.46875,1.420898,1
17/11/2017 09:39:45.978,0.175781,0.263672,0.395508,0.146484,0.463867,1.420898,1
17/11/2017 09:39:46.980,0.175781,0.263672,0.395508,0.146484,0.46875,1.420898,1
17/11/2017 09:39:47.981,0.175781,0.263672,0.395508,0.146484,0.463867,1.420898,1
17/11/2017 09:39:48.979,0.175781,0.263672,0.395508,0.146484,0.463867,1.420898,1
17/11/2017 09:39:49.979,0.175781,0.263672,0.395508,0.146484,0.463867,1.416016,1
17/11/2017 09:39:50.977,0.175781,0.258789,0.395508,0.146484,0.463867,1.416016,1
17/11/2017 09:39:51.977,0.175781,0.258789,0.395508,0.146484,0.463867,1.416016,1
17/11/2017 09:39:52.981,0.175781,0.258789,0.395508,0.146484,0.463867,1.416016,1
17/11/2017 09:39:53.980,0.175781,0.258789,0.395508,0.146484,0.463867,1.416016,1
17/11/2017 09:39:54.980,0.175781,0.258789,0.390625,0.146484,0.463867,1.416016,1
17/11/2017 09:39:55.980,0.175781,0.258789,0.390625,0.146484,0.463867,1.416016,1
17/11/2017 09:39:56.978,0.175781,0.258789,0.390625,0.146484,0.463867,1.411133,1
17/11/2017 09:39:57.982,0.175781,0.258789,0.390625,0.146484,0.458984,1.411133,1
17/11/2017 09:39:58.981,0.175781,0.253906,0.390625,0.146484,0.458984,1.411133,1
17/11/2017 09:39:59.981,0.175781,0.253906,0.390625,0.146484,0.458984,1.411133,1
17/11/2017 09:40:00.983,0.175781,0.253906,0.390625,0.146484,0.458984,1.411133,1
17/11/2017 09:40:01.984,0.175781,0.253906,0.390625,0.146484,0.458984,1.411133,1
17/11/2017 09:40:02.984,0.175781,0.253906,0.390625,0.146484,0.458984,1.40625,1
17/11/2017 09:40:03.982,0.175781,0.253906,0.390625,0.141602,0.458984,1.40625,1
17/11/2017 09:40:04.986,0.170898,0.253906,0.390625,0.141602,0.458984,1.40625,1
17/11/2017 09:40:05.986,0.175781,0.253906,0.390625,0.141602,0.458984,1.40625,1
17/11/2017 09:40:06.984,0.170898,0.253906,0.390625,0.141602,0.458984,1.40625,1
17/11/2017 09:40:07.984,0.170898,0.253906,0.390625,0.141602,0.458984,1.40625,1
17/11/2017 09:40:08.987,0.170898,0.253906,0.390625,0.141602,0.458984,1.40625,1
17/11/2017 09:40:09.987,0.170898,0.249023,0.390625,0.141602,0.458984,1.401367,1
17/11/2017 09:40:10.986,0.170898,0.249023,0.390625,0.141602,0.458984,1.401367,1
17/11/2017 09:40:11.985,0.170898,0.249023,0.385742,0.141602,0.458984,1.401367,1
17/11/2017 09:40:12.985,0.170898,0.249023,0.390625,0.141602,0.458984,1.401367,1
17/11/2017 09:40:13.988,0.170898,0.249023,0.385742,0.141602,0.458984,1.401367,1
17/11/2017 09:40:14.987,0.170898,0.249023,0.385742,0.141602,0.454102,1.401367,1
17/11/2017 09:40:15.988,0.170898,0.249023,0.385742,0.141602,0.454102,1.401367,1
17/11/2017 09:40:16.987,0.170898,0.249023,0.385742,0.141602,0.454102,1.396484,1
17/11/2017 09:40:17.986,0.170898,0.249023,0.385742,0.141602,0.454102,1.396484,1
17/11/2017 09:40:18.985,0.170898,0.244141,0.385742,0.141602,0.454102,1.396484,1
17/11/2017 09:40:19.989,0.170898,0.244141,0.385742,0.141602,0.454102,1.396484,1
17/11/2017 09:40:20.988,0.170898,0.244141,0.385742,0.141602,0.454102,1.396484,1
17/11/2017 09:40:21.992,0.170898,0.244141,0.385742,0.141602,0.454102,1.396484,1
17/11/2017 09:40:22.991,0.170898,0.244141,0.385742,0.141602,0.454102,1.396484,1
17/11/2017 09:40:23.991,0.170898,0.244141,0.385742,0.141602,0.454102,1.391602,1
17/11/2017 09:40:24.990,0.166016,0.244141,0.385742,0.141602,0.454102,1.391602,1
17/11/2017 09:40:25.990,0.166016,0.244141,0.385742,0.141602,0.454102,1.391602,1
17/11/2017 09:40:26.992,0.170898,0.244141,0.385742,0.141602,0.454102,1.391602,1
17/11/2017 09:40:27.992,0.170898,0.239258,0.385742,0.141602,0.454102,1.391602,1
17/11/2017 09:40:28.991,0.170898,0.239258,0.385742,0.141602,0.454102,1.391602,1
17/11/2017 09:40:29.990,0.170898,0.239258,0.385742,0.141602,0.449219,1.391602,1
17/11/2017 09:40:30.989,0.166016,0.239258,0.380859,0.136719,0.449219,1.386719,1
17/11/2017 09:40:31.994,0.166016,0.239258,0.380859,0.141602,0.449219,1.386719,1
17/11/2017 09:40:32.994,0.170898,0.239258,0.380859,0.141602,0.449219,1.386719,1
17/11/2017 09:40:33.991,0.166016,0.239258,0.380859,0.136719,0.449219,1.386719,1
17/11/2017 09:40:34.992,0.166016,0.239258,0.380859,0.136719,0.449219,1.386719,1
17/11/2017 09:40:35.990,0.166016,0.239258,0.380859,0.136719,0.449219,1.386719,1
17/11/2017 09:40:36.994,0.166016,0.239258,0.380859,0.136719,0.449219,1.386719,1
17/11/2017 09:40:37.993,0.166016,0.239258,0.380859,0.136719,0.449219,1.386719,1
17/11/2017 09:40:38.992,0.166016,0.239258,0.380859,0.136719,0.449219,1.381836,1
17/11/2017 09:40:39.997,0.166016,0.239258,0.380859,0.136719,0.449219,1.386719,1
17/11/2017 09:40:40.995,0.166016,0.234375,0.380859,0.136719,0.449219,1.381836,1
17/11/2017 09:40:41.997,0.166016,0.234375,0.380859,0.136719,0.449219,1.381836,1
17/11/2017 09:40:42.994,0.166016,0.234375,0.380859,0.136719,0.449219,1.381836,1
17/11/2017 09:40:43.998,0.166016,0.234375,0.380859,0.136719,0.449219,1.381836,1
17/11/2017 09:40:44.998,0.166016,0.234375,0.380859,0.136719,0.449219,1.381836,1
17/11/2017 09:40:45.997,0.166016,0.234375,0.380859,0.136719,0.449219,1.381836,1
17/11/2017 09:40:46.999,0.166016,0.234375,0.380859,0.136719,0.444336,1.376953,1
17/11/2017 09:40:47.999,0.166016,0.234375,0.375977,0.136719,0.449219,1.381836,1
17/11/2017 09:40:48.998,0.166016,0.234375,0.375977,0.136719,0.444336,1.376953,1
17/11/2017 09:40:49.997,0.166016,0.234375,0.375977,0.136719,0.444336,1.376953,1
17/11/2017 09:40:50.997,0.166016,0.234375,0.375977,0.136719,0.444336,1.376953,1
17/11/2017 09:40:52.001,0.166016,0.234375,0.375977,0.136719,0.444336,1.376953,1
17/11/2017 09:40:53.000,0.166016,0.234375,0.375977,0.136719,0.444336,1.376953,1
17/11/2017 09:40:54.000,0.166016,0.234375,0.375977,0.136719,0.444336,1.376953,1
17/11/2017 09:40:55.002,0.166016,0.234375,0.375977,0.136719,0.444336,1.37207,1
17/11/2017 09:40:56.002,0.161133,0.234375,0.375977,0.136719,0.444336,1.37207,1
17/11/2017 09:40:57.002,0.161133,0.234375,0.375977,0.136719,0.444336,1.37207,1
17/11/2017 09:40:58.002,0.161133,0.234375,0.375977,0.136719,0.444336,1.37207,1
17/11/2017 09:40:59.005,0.166016,0.229492,0.375977,0.136719,0.444336,1.37207,1
17/11/2017 09:41:00.005,0.161133,0.229492,0.375977,0.136719,0.444336,1.37207,1
17/11/2017 09:41:01.004,0.161133,0.229492,0.375977,0.136719,0.444336,1.37207,1
17/11/2017 09:41:02.003,0.161133,0.229492,0.375977,0.136719,0.444336,1.37207,1
17/11/2017 09:41:03.006,0.161133,0.229492,0.375977,0.131836,0.444336,1.37207,1
17/11/2017 09:41:04.005,0.161133,0.229492,0.375977,0.136719,0.444336,1.367187,1
17/11/2017 09:41:05.004,0.161133,0.229492,0.375977,0.131836,0.444336,1.367187,1
17/11/2017 09:41:06.005,0.161133,0.229492,0.375977,0.136719,0.444336,1.367187,1
17/11/2017 09:41:07.004,0.161133,0.229492,0.375977,0.131836,0.444336,1.367187,1
17/11/2017 09:41:08.007,0.161133,0.229492,0.375977,0.131836,0.444336,1.367187,1
17/11/2017 09:41:09.007,0.161133,0.229492,0.375977,0.131836,0.444336,1.367187,1
17/11/2017 09:41:10.005,0.161133,0.229492,0.371094,0.131836,0.439453,1.367187,1
17/11/2017 09:41:11.005,0.161133,0.229492,0.371094,0.131836,0.439453,1.367187,1
17/11/2017 09:41:12.009,0.161133,0.229492,0.371094,0.131836,0.439453,1.367187,1
17/11/2017 09:41:13.008,0.161133,0.229492,0.371094,0.131836,0.439453,1.367187,1
17/11/2017 09:41:14.007,0.161133,0.229492,0.371094,0.131836,0.439453,1.367187,1
17/11/2017 09:41:15.007,0.161133,0.224609,0.371094,0.131836,0.439453,1.362305,1
17/11/2017 09:41:16.006,0.161133,0.224609,0.371094,0.131836,0.439453,1.362305,1
17/11/2017 09:41:17.006,0.161133,0.224609,0.371094,0.131836,0.439453,1.362305,1
17/11/2017 09:41:18.009,0.161133,0.224609,0.371094,0.131836,0.439453,1.362305,1
17/11/2017 09:41:19.008,0.161133,0.224609,0.371094,0.131836,0.439453,1.362305,1
17/11/2017 09:41:20.007,0.161133,0.224609,0.371094,0.131836,0.439453,1.362305,1
17/11/2017 09:41:21.006,0.161133,0.224609,0.371094,0.131836,0.439453,1.362305,1
17/11/2017 09:41:22.011,0.161133,0.224609,0.371094,0.131836,0.439453,1.362305,1
17/11/2017 09:41:23.010,0.161133,0.224609,0.371094,0.131836,0.439453,1.362305,1
17/11/2017 09:41:24.009,0.161133,0.224609,0.371094,0.131836,0.439453,1.357422,1
17/11/2017 09:41:25.008,0.161133,0.224609,0.371094,0.131836,0.439453,1.362305,1
17/11/2017 09:41:26.012,0.161133,0.224609,0.371094,0.131836,0.439453,1.357422,1
17/11/2017 09:41:27.012,0.161133,0.224609,0.371094,0.131836,0.439453,1.357422,1
17/11/2017 09:41:28.011,0.161133,0.224609,0.371094,0.131836,0.439453,1.357422,1
17/11/2017 09:41:29.015,0.161133,0.224609,0.371094,0.131836,0.439453,1.357422,1
17/11/2017 09:41:30.014,0.15625,0.224609,0.366211,0.131836,0.439453,1.357422,1
17/11/2017 09:41:31.013,0.15625,0.224609,0.366211,0.131836,0.439453,1.357422,1
17/11/2017 09:41:32.013,0.161133,0.224609,0.366211,0.131836,0.43457,1.357422,1
17/11/2017 09:41:33.011,0.15625,0.224609,0.371094,0.131836,0.43457,1.357422,1
17/11/2017 09:41:34.015,0.15625,0.224609,0.366211,0.131836,0.43457,1.357422,1
17/11/2017 09:41:35.015,0.15625,0.224609,0.366211,0.131836,0.43457,1.357422,1
17/11/2017 10:02:04.828,0.092773,0.151367,0.244141,0.097656,0.366211,0.830078,1
17/11/2017 10:02:05.828,0.092773,0.151367,0.244141,0.097656,0.366211,0.830078,1
17/11/2017 10:02:06.826,0.087891,0.151367,0.244141,0.097656,0.366211,0.830078,1
17/11/2017 10:02:07.825,0.092773,0.151367,0.244141,0.097656,0.366211,0.830078,1
17/11/2017 10:02:08.825,0.092773,0.151367,0.244141,0.097656,0.366211,0.830078,1
17/11/2017 10:02:09.829,0.092773,0.151367,0.244141,0.097656,0.366211,0.830078,1
17/11/2017 10:02:10.829,0.092773,0.151367,0.244141,0.097656,0.366211,0.830078,1
17/11/2017 10:02:11.831,0.092773,0.151367,0.244141,0.097656,0.366211,0.830078,1
17/11/2017 10:02:12.832,0.092773,0.151367,0.244141,0.097656,0.366211,0.830078,1
17/11/2017 10:02:13.835,0.092773,0.151367,0.244141,0.097656,0.366211,0.830078,1
17/11/2017 10:02:14.835,0.092773,0.151367,0.244141,0.097656,0.366211,0.830078,1
17/11/2017 10:02:15.833,0.092773,0.151367,0.244141,0.097656,0.366211,0.830078,1
17/11/2017 10:02:16.833,0.092773,0.151367,0.244141,0.097656,0.366211,0.830078,1
17/11/2017 10:02:17.833,0.092773,0.151367,0.244141,0.097656,0.366211,0.830078,1
17/11/2017 10:02:18.831,0.092773,0.151367,0.244141,0.097656,0.366211,0.830078,1
17/11/2017 10:02:19.830,0.092773,0.151367,0.244141,0.097656,0.366211,0.830078,1
17/11/2017 10:02:20.835,0.092773,0.151367,0.244141,0.097656,0.366211,0.830078,1
17/11/2017 10:02:21.833,0.087891,0.151367,0.244141,0.097656,0.366211,0.830078,1
17/11/2017 10:02:22.833,0.092773,0.15625,0.244141,0.097656,0.366211,0.830078,1
17/11/2017 10:02:23.831,0.092773,0.151367,0.244141,0.097656,0.366211,0.830078,1
17/11/2017 10:02:24.832,0.092773,0.151367,0.244141,0.097656,0.366211,0.830078,1
17/11/2017 10:02:25.832,0.092773,0.151367,0.244141,0.097656,0.366211,0.830078,1
17/11/2017 10:02:26.830,0.092773,0.151367,0.244141,0.097656,0.366211,0.830078,1
17/11/2017 10:02:27.834,0.092773,0.151367,0.244141,0.097656,0.366211,0.830078,1
17/11/2017 10:02:28.834,0.092773,0.151367,0.244141,0.097656,0.366211,0.830078,1
17/11/2017 10:02:29.836,0.092773,0.151367,0.244141,0.097656,0.366211,0.830078,1
17/11/2017 10:02:30.836,0.087891,0.151367,0.244141,0.097656,0.366211,0.830078,1
17/11/2017 10:02:31.840,0.092773,0.151367,0.244141,0.097656,0.366211,0.830078,1
17/11/2017 10:02:32.838,0.092773,0.151367,0.244141,0.097656,0.366211,0.830078,1
17/11/2017 10:02:33.837,0.087891,0.151367,0.244141,0.097656,0.366211,0.830078,1
17/11/2017 10:02:34.837,0.092773,0.151367,0.244141,0.097656,0.366211,0.830078,1
17/11/2017 10:02:35.837,0.087891,0.15625,0.244141,0.097656,0.366211,0.830078,1
17/11/2017 10:02:36.835,0.092773,0.15625,0.244141,0.097656,0.366211,0.830078,1
17/11/2017 10:02:37.840,0.092773,0.151367,0.244141,0.097656,0.366211,0.830078,1
17/11/2017 10:02:38.841,0.092773,0.151367,0.244141,0.097656,0.366211,0.830078,1
17/11/2017 10:02:39.839,0.092773,0.151367,0.244141,0.097656,0.366211,0.830078,1
17/11/2017 10:02:40.838,0.087891,0.151367,0.244141,0.097656,0.366211,0.830078,1
17/11/2017 10:02:41.838,0.087891,0.151367,0.244141,0.097656,0.366211,0.830078,1
17/11/2017 10:02:42.843,0.092773,0.15625,0.244141,0.097656,0.366211,0.830078,1
17/11/2017 10:02:43.842,0.092773,0.151367,0.244141,0.097656,0.366211,0.830078,1
17/11/2017 10:02:44.839,0.092773,0.15625,0.244141,0.097656,0.366211,0.830078,1
17/11/2017 10:02:45.839,0.092773,0.151367,0.244141,0.097656,0.366211,0.830078,1
17/11/2017 10:02:46.842,0.092773,0.15625,0.244141,0.097656,0.366211,0.830078,1
17/11/2017 10:02:47.843,0.092773,0.151367,0.249023,0.097656,0.366211,0.830078,1
17/11/2017 10:02:48.841,0.092773,0.15625,0.249023,0.097656,0.366211,0.830078,1
17/11/2017 10:02:49.841,0.087891,0.151367,0.249023,0.097656,0.366211,0.830078,1
17/11/2017 10:02:50.840,0.092773,0.15625,0.244141,0.097656,0.366211,0.830078,1
17/11/2017 10:02:51.844,0.092773,0.15625,0.249023,0.097656,0.366211,0.830078,1
17/11/2017 10:02:52.843,0.092773,0.15625,0.244141,0.097656,0.366211,0.830078,1
17/11/2017 10:02:53.841,0.092773,0.15625,0.244141,0.097656,0.366211,0.830078,1
17/11/2017 10:02:54.841,0.092773,0.151367,0.249023,0.097656,0.366211,0.830078,1
17/11/2017 10:02:55.840,0.092773,0.151367,0.249023,0.097656,0.366211,0.830078,1
17/11/2017 10:02:56.844,0.092773,0.151367,0.249023,0.097656,0.366211,0.830078,1
17/11/2017 10:02:57.844,0.092773,0.15625,0.249023,0.097656,0.366211,0.830078,1
17/11/2017 10:02:58.843,0.087891,0.15625,0.249023,0.097656,0.366211,0.830078,1
17/11/2017 10:02:59.842,0.092773,0.15625,0.249023,0.097656,0.366211,0.830078,1
17/11/2017 10:03:00.841,0.092773,0.15625,0.249023,0.097656,0.366211,0.830078,1
17/11/2017 10:03:01.841,0.087891,0.15625,0.249023,0.097656,0.366211,0.830078,1
17/11/2017 10:03:02.844,0.092773,0.15625,0.249023,0.097656,0.366211,0.830078,1
17/11/2017 10:03:03.845,0.092773,0.15625,0.249023,0.097656,0.366211,0.830078,1
17/11/2017 10:03:04.843,0.092773,0.15625,0.249023,0.097656,0.366211,0.830078,1
17/11/2017 10:03:05.846,0.092773,0.15625,0.249023,0.097656,0.366211,0.830078,1
17/11/2017 10:03:06.847,0.087891,0.15625,0.249023,0.097656,0.366211,0.830078,1
17/11/2017 10:03:07.845,0.092773,0.15625,0.249023,0.097656,0.366211,0.830078,1
17/11/2017 10:03:08.846,0.092773,0.151367,0.249023,0.097656,0.366211,0.830078,1
17/11/2017 10:03:09.849,0.092773,0.15625,0.249023,0.097656,0.366211,0.830078,1
17/11/2017 10:03:10.847,0.092773,0.15625,0.249023,0.097656,0.366211,0.830078,1
17/11/2017 10:03:11.847,0.092773,0.15625,0.249023,0.097656,0.366211,0.830078,1
17/11/2017 10:03:12.846,0.092773,0.15625,0.249023,0.097656,0.366211,0.830078,1
17/11/2017 10:03:13.850,0.092773,0.15625,0.249023,0.097656,0.366211,0.830078,1
17/11/2017 10:03:14.848,0.092773,0.15625,0.249023,0.097656,0.366211,0.830078,1
17/11/2017 10:03:15.849,0.092773,0.15625,0.249023,0.097656,0.366211,0.830078,1
17/11/2017 10:03:16.848,0.092773,0.15625,0.249023,0.097656,0.366211,0.830078,1
17/11/2017 10:03:17.848,0.092773,0.15625,0.249023,0.097656,0.366211,0.830078,1
17/11/2017 10:03:18.846,0.092773,0.15625,0.249023,0.097656,0.366211,0.830078,1
17/11/2017 10:03:19.850,0.092773,0.15625,0.249023,0.097656,0.366211,0.830078,1
17/11/2017 10:03:20.849,0.092773,0.15625,0.249023,0.097656,0.366211,0.830078,1
17/11/2017 10:03:21.849,0.092773,0.15625,0.249023,0.097656,0.371094,0.830078,1
17/11/2017 10:03:22.849,0.092773,0.15625,0.249023,0.097656,0.366211,0.830078,1
17/11/2017 10:03:23.852,0.092773,0.15625,0.249023,0.097656,0.366211,0.830078,1
17/11/2017 10:03:24.850,0.092773,0.15625,0.249023,0.097656,0.366211,0.830078,1
17/11/2017 10:03:25.851,0.092773,0.15625,0.249023,0.097656,0.366211,0.830078,1
17/11/2017 10:03:26.850,0.092773,0.15625,0.249023,0.097656,0.366211,0.830078,1
17/11/2017 10:03:27.849,0.092773,0.15625,0.249023,0.097656,0.366211,0.830078,1
17/11/2017 10:03:28.852,0.092773,0.15625,0.249023,0.097656,0.366211,0.830078,1
17/11/2017 10:03:29.853,0.092773,0.15625,0.249023,0.097656,0.366211,0.830078,1
17/11/2017 10:03:30.852,0.092773,0.15625,0.249023,0.097656,0.371094,0.830078,1
17/11/2017 10:03:31.851,0.092773,0.15625,0.249023,0.097656,0.366211,0.830078,1
17/11/2017 10:03:32.850,0.092773,0.15625,0.249023,0.097656,0.366211,0.830078,1
17/11/2017 10:03:33.854,0.092773,0.15625,0.249023,0.097656,0.371094,0.830078,1
17/11/2017 10:03:34.852,0.092773,0.15625,0.249023,0.097656,0.371094,0.830078,1
17/11/2017 10:03:35.852,0.092773,0.15625,0.249023,0.097656,0.371094,0.830078,1
17/11/2017 10:03:36.855,0.092773,0.15625,0.249023,0.097656,0.371094,0.830078,1
17/11/2017 10:03:37.855,0.092773,0.15625,0.249023,0.097656,0.366211,0.830078,1
17/11/2017 10:03:38.855,0.092773,0.15625,0.249023,0.097656,0.366211,0.830078,1
17/11/2017 10:03:39.855,0.092773,0.15625,0.249023,0.097656,0.371094,0.830078,1
17/11/2017 10:03:40.854,0.092773,0.15625,0.249023,0.097656,0.371094,0.830078,1
17/11/2017 10:03:41.857,0.092773,0.15625,0.249023,0.097656,0.371094,0.830078,1
17/11/2017 10:03:42.857,0.092773,0.15625,0.253906,0.097656,0.371094,0.830078,1
17/11/2017 10:03:43.856,0.092773,0.15625,0.253906,0.097656,0.371094,0.830078,1
17/11/2017 10:03:44.855,0.092773,0.15625,0.253906,0.097656,0.371094,0.830078,1
17/11/2017 10:03:45.855,0.092773,0.15625,0.249023,0.097656,0.371094,0.830078,1
17/11/2017 10:03:46.854,0.092773,0.15625,0.253906,0.097656,0.371094,0.844727,1
17/11/2017 10:03:47.857,0.097656,0.166016,0.263672,0.097656,0.380859,0.893555,1
17/11/2017 10:03:48.856,0.102539,0.19043,0.292969,0.102539,0.395508,0.952148,1
17/11/2017 10:03:49.855,0.112305,0.214844,0.322266,0.107422,0.410156,1.015625,1
17/11/2017 10:03:50.855,0.117187,0.244141,0.351562,0.107422,0.424805,1.079102,1
17/11/2017 10:03:51.855,0.12207,0.263672,0.380859,0.112305,0.439453,1.142578,1
17/11/2017 10:03:52.858,0.126953,0.283203,0.400391,0.117187,0.454102,1.206055,1
17/11/2017 10:03:53.854,0.131836,0.302734,0.419922,0.12207,0.463867,1.264648,1
17/11/2017 10:03:54.856,0.136719,0.317383,0.43457,0.12207,0.478516,1.318359,1
17/11/2017 10:03:55.855,0.141602,0.327148,0.449219,0.12207,0.488281,1.37207,1
17/11/2017 10:03:56.860,0.141602,0.336914,0.458984,0.126953,0.493164,1.420898,1
17/11/2017 10:03:57.859,0.146484,0.34668,0.46875,0.126953,0.50293,1.469727,1
17/11/2017 10:03:58.858,0.146484,0.356445,0.478516,0.131836,0.512695,1.513672,1
17/11/2017 10:03:59.858,0.151367,0.361328,0.488281,0.131836,0.517578,1.552734,1
17/11/2017 10:04:00.858,0.151367,0.366211,0.498047,0.131836,0.522461,1.591797,1
17/11/2017 10:04:01.861,0.15625,0.371094,0.50293,0.131836,0.532227,1.625977,1
17/11/2017 10:04:02.859,0.15625,0.375977,0.512695,0.136719,0.537109,1.660156,1
17/11/2017 10:04:03.859,0.15625,0.385742,0.517578,0.136719,0.541992,1.694336,1
17/11/2017 10:04:04.858,0.161133,0.390625,0.522461,0.136719,0.546875,1.723633,1
17/11/2017 10:04:05.863,0.161133,0.390625,0.527344,0.136719,0.551758,1.75293,1
17/11/2017 10:04:06.861,0.161133,0.395508,0.532227,0.136719,0.556641,1.782227,1
17/11/2017 10:04:07.864,0.166016,0.400391,0.537109,0.141602,0.561523,1.806641,1
17/11/2017 10:04:08.864,0.166016,0.405273,0.541992,0.141602,0.566406,1.831055,1
17/11/2017 10:04:09.863,0.166016,0.410156,0.546875,0.141602,0.571289,1.850586,1
17/11/2017 10:04:10.862,0.166016,0.410156,0.546875,0.141602,0.576172,1.875,1
17/11/2017 10:04:11.865,0.166016,0.415039,0.551758,0.146484,0.581055,1.894531,1
17/11/2017 10:04:12.866,0.166016,0.419922,0.556641,0.146484,0.581055,1.914062,1
17/11/2017 10:04:13.865,0.170898,0.419922,0.556641,0.146484,0.585937,1.928711,1
17/11/2017 10:04:14.863,0.170898,0.424805,0.561523,0.146484,0.59082,1.948242,1
17/11/2017 10:04:15.867,0.170898,0.429687,0.561523,0.146484,0.595703,1.962891,1
17/11/2017 10:04:16.868,0.170898,0.429687,0.566406,0.146484,0.595703,1.982422,1
17/11/2017 10:04:17.867,0.170898,0.43457,0.566406,0.146484,0.600586,1.99707,1
17/11/2017 10:04:18.867,0.175781,0.43457,0.571289,0.146484,0.605469,2.011719,1
17/11/2017 10:04:19.865,0.175781,0.439453,0.571289,0.151367,0.610352,2.021484,1
17/11/2017 10:04:20.865,0.175781,0.439453,0.571289,0.151367,0.610352,2.036133,1
17/11/2017 10:04:21.864,0.175781,0.444336,0.576172,0.151367,0.615234,2.045898,1
17/11/2017 10:04:22.868,0.175781,0.444336,0.576172,0.151367,0.615234,2.060547,1
17/11/2017 10:04:23.866,0.175781,0.449219,0.581055,0.151367,0.620117,2.070312,1
17/11/2017 10:04:24.866,0.175781,0.454102,0.581055,0.151367,0.625,2.080078,1
17/11/2017 10:04:25.866,0.180664,0.454102,0.581055,0.151367,0.625,2.094727,1
17/11/2017 10:04:26.864,0.180664,0.458984,0.581055,0.15625,0.629883,2.104492,1
17/11/2017 10:04:27.864,0.180664,0.458984,0.585937,0.15625,0.629883,2.109375,1
17/11/2017 10:04:28.863,0.180664,0.463867,0.585937,0.15625,0.634766,2.119141,1
17/11/2017 10:04:29.862,0.180664,0.463867,0.585937,0.15625,0.634766,2.128906,1
17/11/2017 10:04:30.866,0.180664,0.46875,0.585937,0.15625,0.639648,2.133789,1
17/11/2017 10:04:31.865,0.180664,0.46875,0.59082,0.15625,0.639648,2.143555,1
17/11/2017 10:04:32.865,0.180664,0.46875,0.59082,0.15625,0.644531,2.15332,1
17/11/2017 10:04:33.869,0.180664,0.473633,0.59082,0.15625,0.644531,2.158203,1
17/11/2017 10:04:34.869,0.185547,0.473633,0.59082,0.15625,0.649414,2.163086,1
17/11/2017 10:04:35.868,0.180664,0.473633,0.595703,0.161133,0.649414,2.172852,1
17/11/2017 10:04:36.866,0.185547,0.478516,0.595703,0.15625,0.649414,2.177734,1
17/11/2017 10:04:37.871,0.185547,0.478516,0.595703,0.161133,0.654297,2.182617,1
17/11/2017 10:04:38.869,0.185547,0.483398,0.595703,0.161133,0.654297,2.192383,1
17/11/2017 10:04:39.870,0.185547,0.483398,0.595703,0.161133,0.65918,2.197266,1
17/11/2017 10:04:40.869,0.185547,0.483398,0.595703,0.161133,0.65918,2.202148,1
17/11/2017 10:04:41.867,0.185547,0.488281,0.595703,0.161133,0.65918,2.207031,1
17/11/2017 10:04:42.868,0.185547,0.488281,0.600586,0.161133,0.65918,2.211914,1
17/11/2017 10:04:43.869,0.185547,0.488281,0.600586,0.161133,0.664062,2.216797,1
17/11/2017 10:04:44.869,0.185547,0.493164,0.600586,0.161133,0.664062,2.22168,1
17/11/2017 10:04:45.869,0.185547,0.493164,0.600586,0.161133,0.668945,2.226562,1
17/11/2017 10:04:46.869,0.185547,0.493164,0.600586,0.161133,0.668945,2.231445,1
17/11/2017 10:04:47.873,0.19043,0.498047,0.600586,0.166016,0.668945,2.231445,1
17/11/2017 10:04:48.872,0.19043,0.498047,0.600586,0.166016,0.673828,2.236328,1
17/11/2017 10:04:49.870,0.19043,0.50293,0.600586,0.166016,0.673828,2.241211,1
17/11/2017 10:04:50.871,0.19043,0.50293,0.600586,0.166016,0.673828,2.241211,1
17/11/2017 10:04:51.869,0.19043,0.50293,0.600586,0.166016,0.673828,2.246094,1
17/11/2017 10:04:52.873,0.19043,0.507812,0.605469,0.166016,0.678711,2.250977,1
17/11/2017 10:04:53.872,0.19043,0.507812,0.605469,0.166016,0.678711,2.250977,1
17/11/2017 10:04:54.872,0.19043,0.507812,0.605469,0.166016,0.678711,2.255859,1
17/11/2017 10:04:55.870,0.19043,0.507812,0.605469,0.166016,0.678711,2.255859,1
17/11/2017 10:04:56.875,0.19043,0.512695,0.605469,0.166016,0.683594,2.260742,1
17/11/2017 10:04:57.874,0.19043,0.512695,0.605469,0.166016,0.683594,2.260742,1
17/11/2017 10:04:58.873,0.195312,0.512695,0.605469,0.166016,0.683594,2.265625,1
17/11/2017 10:04:59.872,0.195312,0.517578,0.605469,0.170898,0.683594,2.265625,1
17/11/2017 10:05:00.871,0.195312,0.517578,0.605469,0.170898,0.683594,2.270508,1
17/11/2017 10:05:01.875,0.195312,0.517578,0.605469,0.170898,0.688477,2.275391,1
17/11/2017 10:05:02.875,0.195312,0.517578,0.605469,0.170898,0.688477,2.275391,1
17/11/2017 10:05:03.874,0.195312,0.522461,0.605469,0.170898,0.688477,2.275391,1
17/11/2017 10:05:04.875,0.195312,0.522461,0.605469,0.170898,0.688477,2.280273,1
17/11/2017 10:05:05.873,0.195312,0.522461,0.605469,0.170898,0.693359,2.280273,1
17/11/2017 10:05:06.876,0.195312,0.522461,0.610352,0.170898,0.693359,2.285156,1
17/11/2017 10:05:07.876,0.195312,0.527344,0.610352,0.170898,0.693359,2.285156,1
17/11/2017 10:05:08.876,0.195312,0.527344,0.610352,0.170898,0.693359,2.290039,1
17/11/2017 10:05:09.875,0.195312,0.527344,0.610352,0.170898,0.698242,2.290039,1
17/11/2017 10:05:10.874,0.195312,0.527344,0.610352,0.170898,0.698242,2.290039,1
17/11/2017 10:05:11.878,0.195312,0.532227,0.610352,0.175781,0.698242,2.294922,1
17/11/2017 10:05:12.877,0.200195,0.532227,0.610352,0.175781,0.698242,2.294922,1
17/11/2017 10:05:13.878,0.200195,0.532227,0.610352,0.175781,0.698242,2.299805,1
17/11/2017 10:05:14.879,0.200195,0.532227,0.610352,0.175781,0.698242,2.299805,1
17/11/2017 10:05:15.878,0.200195,0.537109,0.610352,0.175781,0.703125,2.299805,1
17/11/2017 10:05:16.879,0.200195,0.537109,0.610352,0.175781,0.703125,2.304687,1
17/11/2017 10:05:17.878,0.200195,0.537109,0.610352,0.175781,0.703125,2.304687,1
17/11/2017 10:05:18.878,0.200195,0.537109,0.610352,0.175781,0.703125,2.304687,1
17/11/2017 10:05:19.876,0.200195,0.537109,0.610352,0.175781,0.703125,2.30957,1
17/11/2017 10:05:20.875,0.200195,0.541992,0.610352,0.175781,0.703125,2.30957,1
17/11/2017 10:05:21.878,0.200195,0.541992,0.610352,0.175781,0.703125,2.30957,1
17/11/2017 10:05:22.879,0.200195,0.541992,0.610352,0.175781,0.703125,2.30957,1
17/11/2017 10:05:23.878,0.200195,0.541992,0.610352,0.180664,0.703125,2.30957,1
17/11/2017 10:05:24.877,0.200195,0.541992,0.610352,0.175781,0.708008,2.314453,1
17/11/2017 10:05:25.881,0.200195,0.546875,0.615234,0.175781,0.708008,2.314453,1
17/11/2017 10:05:26.880,0.200195,0.546875,0.615234,0.180664,0.708008,2.314453,1
17/11/2017 10:05:27.878,0.200195,0.546875,0.615234,0.175781,0.708008,2.319336,1
17/11/2017 10:05:28.879,0.200195,0.546875,0.615234,0.175781,0.708008,2.319336,1
17/11/2017 10:05:29.878,0.200195,0.546875,0.615234,0.180664,0.708008,2.319336,1
17/11/2017 10:05:30.881,0.205078,0.551758,0.615234,0.180664,0.708008,2.319336,1
17/11/2017 10:05:31.881,0.200195,0.551758,0.615234,0.180664,0.712891,2.319336,1
17/11/2017 10:05:32.880,0.205078,0.551758,0.615234,0.180664,0.712891,2.324219,1
17/11/2017 10:05:33.879,0.205078,0.551758,0.615234,0.180664,0.712891,2.324219,1
17/11/2017 10:05:34.884,0.205078,0.551758,0.615234,0.180664,0.712891,2.324219,1
17/11/2017 10:05:35.883,0.205078,0.551758,0.615234,0.180664,0.712891,2.324219,1
17/11/2017 10:05:36.882,0.205078,0.556641,0.615234,0.180664,0.712891,2.324219,1
17/11/2017 10:05:37.881,0.205078,0.556641,0.615234,0.180664,0.712891,2.324219,1
17/11/2017 10:05:38.880,0.205078,0.556641,0.615234,0.180664,0.712891,2.324219,1
17/11/2017 10:05:39.884,0.205078,0.556641,0.615234,0.180664,0.712891,2.324219,1
17/11/2017 10:05:40.883,0.205078,0.556641,0.615234,0.180664,0.712891,2.324219,1
17/11/2017 10:05:41.882,0.205078,0.556641,0.615234,0.185547,0.712891,2.324219,1
17/11/2017 10:05:42.882,0.205078,0.556641,0.615234,0.185547,0.717773,2.329102,1
17/11/2017 10:05:43.882,0.205078,0.561523,0.615234,0.185547,0.717773,2.329102,1
17/11/2017 10:05:44.880,0.205078,0.561523,0.615234,0.185547,0.717773,2.329102,1
17/11/2017 10:05:45.884,0.205078,0.561523,0.615234,0.185547,0.717773,2.329102,1
17/11/2017 10:05:46.884,0.205078,0.561523,0.615234,0.185547,0.717773,2.329102,1
17/11/2017 10:05:47.883,0.205078,0.561523,0.615234,0.185547,0.717773,2.333984,1
17/11/2017 10:05:48.882,0.209961,0.561523,0.615234,0.185547,0.717773,2.333984,1
17/11/2017 10:05:49.881,0.205078,0.561523,0.615234,0.185547,0.717773,2.333984,1
17/11/2017 10:05:50.886,0.205078,0.566406,0.615234,0.185547,0.717773,2.333984,1
17/11/2017 10:05:51.884,0.209961,0.566406,0.620117,0.185547,0.717773,2.333984,1
17/11/2017 10:05:52.884,0.209961,0.566406,0.615234,0.185547,0.717773,2.333984,1
17/11/2017 10:05:53.883,0.209961,0.566406,0.615234,0.185547,0.717773,2.333984,1
17/11/2017 10:05:54.887,0.209961,0.566406,0.620117,0.185547,0.722656,2.333984,1
17/11/2017 10:05:55.885,0.209961,0.566406,0.615234,0.185547,0.722656,2.338867,1
17/11/2017 10:05:56.886,0.209961,0.571289,0.620117,0.185547,0.722656,2.338867,1
17/11/2017 10:05:57.885,0.209961,0.571289,0.620117,0.185547,0.722656,2.338867,1
17/11/2017 10:05:58.883,0.209961,0.571289,0.620117,0.185547,0.722656,2.338867,1
17/11/2017 10:05:59.883,0.209961,0.571289,0.620117,0.185547,0.722656,2.338867,1
17/11/2017 10:06:00.886,0.209961,0.571289,0.620117,0.185547,0.722656,2.338867,1
17/11/2017 10:06:01.885,0.209961,0.571289,0.620117,0.185547,0.722656,2.338867,1
17/11/2017 10:06:02.886,0.209961,0.571289,0.620117,0.185547,0.722656,2.338867,1
17/11/2017 10:06:03.886,0.209961,0.576172,0.620117,0.185547,0.722656,2.34375,1
17/11/2017 10:06:04.889,0.209961,0.571289,0.620117,0.185547,0.722656,2.34375,1
17/11/2017 10:06:05.887,0.209961,0.576172,0.620117,0.19043,0.722656,2.34375,1
17/11/2017 10:06:06.888,0.209961,0.576172,0.620117,0.19043,0.722656,2.34375,1
17/11/2017 10:06:07.890,0.209961,0.576172,0.620117,0.19043,0.727539,2.34375,1
17/11/2017 10:06:08.890,0.209961,0.576172,0.620117,0.19043,0.722656,2.34375,1
17/11/2017 10:06:09.890,0.209961,0.576172,0.620117,0.185547,0.727539,2.34375,1
17/11/2017 10:06:10.893,0.209961,0.576172,0.620117,0.19043,0.727539,2.34375,1
17/11/2017 10:06:11.894,0.209961,0.576172,0.620117,0.19043,0.727539,2.34375,1
17/11/2017 10:06:12.892,0.209961,0.576172,0.620117,0.19043,0.727539,2.34375,1
17/11/2017 10:06:13.891,0.209961,0.576172,0.620117,0.19043,0.727539,2.34375,1
17/11/2017 10:06:14.890,0.214844,0.581055,0.620117,0.19043,0.727539,2.34375,1
17/11/2017 10:06:15.893,0.214844,0.581055,0.620117,0.19043,0.727539,2.348633,1
17/11/2017 10:06:16.894,0.214844,0.581055,0.620117,0.19043,0.727539,2.348633,1
17/11/2017 10:06:17.892,0.214844,0.581055,0.620117,0.19043,0.727539,2.348633,1
17/11/2017 10:06:18.892,0.214844,0.581055,0.620117,0.19043,0.727539,2.348633,1
17/11/2017 10:06:19.890,0.214844,0.581055,0.620117,0.19043,0.727539,2.348633,1
17/11/2017 10:06:20.890,0.214844,0.581055,0.620117,0.19043,0.727539,2.348633,1
17/11/2017 10:06:21.893,0.214844,0.581055,0.620117,0.19043,0.727539,2.348633,1
17/11/2017 10:06:22.893,0.214844,0.585937,0.620117,0.19043,0.727539,2.348633,1
17/11/2017 10:06:23.897,0.214844,0.585937,0.620117,0.19043,0.727539,2.348633,1
17/11/2017 10:06:24.896,0.214844,0.585937,0.620117,0.19043,0.727539,2.348633,1
17/11/2017 10:06:25.896,0.214844,0.585937,0.620117,0.195312,0.732422,2.348633,1
17/11/2017 10:06:26.897,0.214844,0.585937,0.620117,0.19043,0.732422,2.348633,1
17/11/2017 10:06:27.894,0.214844,0.585937,0.620117,0.19043,0.732422,2.348633,1
17/11/2017 10:06:28.897,0.214844,0.585937,0.620117,0.19043,0.732422,2.348633,1
17/11/2017 10:06:29.899,0.214844,0.585937,0.620117,0.19043,0.732422,2.348633,1
17/11/2017 10:06:30.897,0.214844,0.585937,0.620117,0.195312,0.732422,2.348633,1
17/11/2017 10:06:31.895,0.214844,0.585937,0.620117,0.19043,0.732422,2.348633,1
17/11/2017 10:06:32.895,0.214844,0.585937,0.620117,0.19043,0.732422,2.353516,1
17/11/2017 10:06:33.899,0.214844,0.585937,0.620117,0.195312,0.732422,2.353516,1
17/11/2017 10:06:34.897,0.214844,0.585937,0.620117,0.195312,0.732422,2.348633,1
17/11/2017 10:06:35.897,0.214844,0.59082,0.620117,0.195312,0.732422,2.348633,1
17/11/2017 10:06:36.896,0.214844,0.59082,0.620117,0.19043,0.732422,2.348633,1
17/11/2017 10:06:37.901,0.214844,0.59082,0.620117,0.195312,0.732422,2.348633,1
17/11/2017 10:06:38.900,0.214844,0.59082,0.620117,0.195312,0.732422,2.348633,1
17/11/2017 10:06:39.899,0.214844,0.59082,0.620117,0.195312,0.732422,2.348633,1
17/11/2017 10:06:40.902,0.214844,0.59082,0.620117,0.195312,0.732422,2.348633,1
17/11/2017 10:06:41.903,0.219727,0.59082,0.620117,0.195312,0.732422,2.348633,1
17/11/2017 10:06:42.901,0.214844,0.59082,0.625,0.195312,0.732422,2.348633,1
17/11/2017 10:06:43.900,0.219727,0.59082,0.620117,0.195312,0.732422,2.348633,1
17/11/2017 10:06:44.904,0.219727,0.59082,0.625,0.195312,0.732422,2.348633,1
17/11/2017 10:06:45.904,0.219727,0.59082,0.620117,0.195312,0.737305,2.348633,1
17/11/2017 10:06:46.903,0.219727,0.59082,0.620117,0.195312,0.732422,2.348633,1
17/11/2017 10:06:47.902,0.219727,0.59082,0.620117,0.195312,0.737305,2.348633,1
17/11/2017 10:06:48.902,0.219727,0.59082,0.620117,0.195312,0.732422,2.348633,1
17/11/2017 10:06:49.905,0.219727,0.595703,0.625,0.195312,0.732422,2.348633,1
17/11/2017 10:06:50.904,0.219727,0.595703,0.620117,0.195312,0.737305,2.348633,1
17/11/2017 10:06:51.904,0.219727,0.595703,0.625,0.195312,0.737305,2.348633,1
17/11/2017 10:06:52.908,0.219727,0.595703,0.620117,0.195312,0.737305,2.348633,1
17/11/2017 10:06:53.906,0.219727,0.595703,0.625,0.195312,0.737305,2.348633,1
17/11/2017 10:06:54.906,0.219727,0.595703,0.625,0.195312,0.737305,2.348633,1
17/11/2017 10:06:55.905,0.219727,0.595703,0.620117,0.195312,0.737305,2.348633,1
17/11/2017 10:06:56.904,0.219727,0.595703,0.625,0.195312,0.737305,2.353516,1
17/11/2017 10:06:57.908,0.219727,0.595703,0.625,0.195312,0.737305,2.353516,1
17/11/2017 10:06:58.907,0.219727,0.595703,0.625,0.195312,0.737305,2.353516,1
17/11/2017 10:06:59.907,0.219727,0.595703,0.625,0.195312,0.737305,2.353516,1
17/11/2017 10:07:00.906,0.219727,0.600586,0.625,0.195312,0.737305,2.353516,1
17/11/2017 10:07:01.906,0.219727,0.595703,0.625,0.195312,0.737305,2.358398,1
17/11/2017 10:07:02.910,0.219727,0.595703,0.625,0.195312,0.737305,2.358398,1
17/11/2017 10:07:03.908,0.219727,0.595703,0.625,0.195312,0.737305,2.358398,1
17/11/2017 10:07:04.908,0.219727,0.600586,0.625,0.195312,0.737305,2.358398,1
17/11/2017 10:07:05.906,0.219727,0.600586,0.625,0.200195,0.737305,2.358398,1
17/11/2017 10:07:06.906,0.224609,0.600586,0.625,0.200195,0.737305,2.358398,1
17/11/2017 10:07:07.911,0.219727,0.600586,0.625,0.200195,0.737305,2.358398,1
17/11/2017 10:07:08.910,0.219727,0.600586,0.625,0.200195,0.737305,2.358398,1
17/11/2017 10:07:09.909,0.224609,0.600586,0.625,0.200195,0.737305,2.358398,1
17/11/2017 10:07:10.909,0.219727,0.600586,0.625,0.200195,0.737305,2.363281,1
17/11/2017 10:07:11.911,0.224609,0.600586,0.625,0.200195,0.737305,2.358398,1
17/11/2017 10:07:12.910,0.224609,0.600586,0.625,0.200195,0.737305,2.358398,1
17/11/2017 10:07:13.910,0.224609,0.600586,0.625,0.200195,0.737305,2.358398,1
17/11/2017 10:07:14.910,0.224609,0.600586,0.625,0.200195,0.737305,2.358398,1
17/11/2017 10:07:15.908,0.224609,0.600586,0.625,0.200195,0.737305,2.358398,1
17/11/2017 10:07:16.912,0.224609,0.600586,0.625,0.200195,0.737305,2.358398,1
17/11/2017 10:07:17.912,0.224609,0.600586,0.625,0.200195,0.737305,2.358398,1
17/11/2017 10:07:18.911,0.224609,0.600586,0.625,0.200195,0.737305,2.358398,1
17/11/2017 10:07:19.911,0.224609,0.600586,0.625,0.200195,0.737305,2.363281,1
17/11/2017 10:07:20.911,0.224609,0.600586,0.625,0.200195,0.737305,2.363281,1
17/11/2017 10:07:21.914,0.224609,0.600586,0.625,0.200195,0.737305,2.363281,1
17/11/2017 10:07:22.912,0.224609,0.605469,0.625,0.200195,0.737305,2.363281,1
17/11/2017 10:07:23.913,0.224609,0.605469,0.625,0.200195,0.737305,2.363281,1
17/11/2017 10:07:24.911,0.224609,0.600586,0.625,0.200195,0.737305,2.363281,1
17/11/2017 10:07:25.911,0.224609,0.605469,0.625,0.200195,0.737305,2.363281,1
17/11/2017 10:07:26.914,0.224609,0.605469,0.625,0.200195,0.742187,2.363281,1
17/11/2017 10:07:27.913,0.224609,0.605469,0.625,0.200195,0.737305,2.363281,1
17/11/2017 10:07:28.913,0.224609,0.605469,0.625,0.200195,0.737305,2.363281,1
17/11/2017 10:07:29.913,0.224609,0.605469,0.625,0.200195,0.742187,2.363281,1
17/11/2017 10:07:30.911,0.224609,0.605469,0.625,0.200195,0.737305,2.363281,1
17/11/2017 10:07:31.915,0.224609,0.605469,0.625,0.200195,0.742187,2.363281,1
17/11/2017 10:07:32.914,0.224609,0.605469,0.625,0.200195,0.742187,2.363281,1
17/11/2017 10:07:33.914,0.224609,0.605469,0.625,0.200195,0.742187,2.363281,1
17/11/2017 10:07:34.914,0.224609,0.605469,0.625,0.200195,0.742187,2.363281,1
17/11/2017 10:07:35.914,0.224609,0.605469,0.625,0.200195,0.742187,2.363281,1
17/11/2017 10:07:36.916,0.224609,0.605469,0.625,0.200195,0.742187,2.363281,1
17/11/2017 10:07:37.915,0.224609,0.605469,0.625,0.200195,0.742187,2.363281,1
17/11/2017 10:07:38.915,0.224609,0.605469,0.625,0.200195,0.742187,2.363281,1
17/11/2017 10:07:39.913,0.224609,0.605469,0.625,0.200195,0.742187,2.368164,1
17/11/2017 10:07:40.918,0.224609,0.605469,0.625,0.200195,0.742187,2.363281,1
17/11/2017 10:07:41.917,0.224609,0.605469,0.625,0.200195,0.742187,2.363281,1
17/11/2017 10:07:42.916,0.224609,0.605469,0.625,0.200195,0.742187,2.363281,1
17/11/2017 10:07:43.916,0.224609,0.605469,0.625,0.200195,0.742187,2.363281,1
17/11/2017 10:07:44.915,0.229492,0.605469,0.625,0.200195,0.742187,2.363281,1
17/11/2017 10:07:45.919,0.224609,0.605469,0.625,0.200195,0.742187,2.363281,1
17/11/2017 10:07:46.919,0.224609,0.605469,0.625,0.200195,0.742187,2.363281,1
17/11/2017 10:07:47.922,0.229492,0.610352,0.625,0.200195,0.742187,2.363281,1
17/11/2017 10:07:48.922,0.224609,0.610352,0.629883,0.200195,0.742187,2.363281,1
17/11/2017 10:07:49.920,0.229492,0.610352,0.629883,0.205078,0.742187,2.363281,1
17/11/2017 10:07:50.919,0.229492,0.610352,0.629883,0.205078,0.742187,2.363281,1
17/11/2017 10:07:51.920,0.229492,0.610352,0.629883,0.205078,0.742187,2.363281,1
17/11/2017 10:07:52.918,0.224609,0.610352,0.629883,0.200195,0.742187,2.368164,1
17/11/2017 10:07:53.921,0.229492,0.610352,0.629883,0.205078,0.742187,2.363281,1
17/11/2017 10:07:54.920,0.229492,0.610352,0.629883,0.205078,0.742187,2.368164,1
17/11/2017 10:07:55.921,0.229492,0.610352,0.629883,0.200195,0.742187,2.363281,1
17/11/2017 10:07:56.924,0.229492,0.610352,0.629883,0.200195,0.742187,2.363281,1
17/11/2017 10:07:57.922,0.229492,0.610352,0.629883,0.205078,0.742187,2.363281,1
17/11/2017 10:07:58.923,0.229492,0.610352,0.629883,0.200195,0.742187,2.363281,1
17/11/2017 10:07:59.922,0.229492,0.610352,0.629883,0.205078,0.742187,2.363281,1
17/11/2017 10:08:00.922,0.229492,0.610352,0.629883,0.205078,0.742187,2.363281,1
17/11/2017 10:08:01.921,0.229492,0.610352,0.629883,0.205078,0.742187,2.363281,1
17/11/2017 10:08:02.920,0.229492,0.610352,0.629883,0.205078,0.742187,2.363281,1
17/11/2017 10:08:03.923,0.229492,0.610352,0.629883,0.205078,0.742187,2.363281,1
17/11/2017 10:08:04.924,0.229492,0.610352,0.629883,0.205078,0.74707,2.363281,1
17/11/2017 10:08:05.924,0.229492,0.610352,0.629883,0.205078,0.74707,2.363281,1
17/11/2017 10:08:06.921,0.229492,0.610352,0.629883,0.205078,0.74707,2.363281,1
17/11/2017 10:08:07.925,0.229492,0.610352,0.629883,0.205078,0.74707,2.363281,1
17/11/2017 10:08:08.925,0.229492,0.610352,0.629883,0.205078,0.74707,2.363281,1
17/11/2017 10:08:09.923,0.229492,0.610352,0.629883,0.205078,0.74707,2.363281,1
17/11/2017 10:08:10.923,0.229492,0.610352,0.629883,0.205078,0.74707,2.363281,1
17/11/2017 10:08:11.922,0.229492,0.610352,0.629883,0.205078,0.74707,2.363281,1
17/11/2017 10:08:12.927,0.229492,0.610352,0.629883,0.205078,0.74707,2.363281,1
17/11/2017 10:08:13.926,0.229492,0.610352,0.629883,0.205078,0.74707,2.363281,1
17/11/2017 10:08:14.925,0.229492,0.610352,0.629883,0.205078,0.74707,2.363281,1
17/11/2017 10:08:15.925,0.229492,0.615234,0.629883,0.205078,0.74707,2.363281,1
17/11/2017 10:08:16.928,0.229492,0.615234,0.629883,0.205078,0.74707,2.363281,1
17/11/2017 10:08:17.927,0.229492,0.615234,0.629883,0.205078,0.74707,2.363281,1
17/11/2017 10:08:18.927,0.229492,0.615234,0.629883,0.205078,0.74707,2.363281,1
17/11/2017 10:08:19.925,0.229492,0.610352,0.629883,0.205078,0.74707,2.363281,1
17/11/2017 10:08:20.928,0.229492,0.615234,0.629883,0.205078,0.74707,2.363281,1
17/11/2017 10:08:21.928,0.229492,0.615234,0.629883,0.205078,0.74707,2.363281,1
17/11/2017 10:08:22.928,0.229492,0.610352,0.629883,0.205078,0.74707,2.363281,1
17/11/2017 10:08:23.928,0.229492,0.615234,0.629883,0.205078,0.74707,2.363281,1
17/11/2017 10:08:24.927,0.229492,0.615234,0.629883,0.205078,0.74707,2.363281,1
17/11/2017 10:08:25.930,0.229492,0.615234,0.629883,0.205078,0.74707,2.363281,1
17/11/2017 10:08:26.930,0.229492,0.615234,0.629883,0.205078,0.74707,2.363281,1
17/11/2017 10:08:27.930,0.234375,0.615234,0.629883,0.205078,0.74707,2.363281,1
17/11/2017 10:08:28.929,0.229492,0.615234,0.629883,0.205078,0.74707,2.363281,1
17/11/2017 10:08:29.928,0.229492,0.615234,0.629883,0.205078,0.74707,2.363281,1
17/11/2017 10:08:30.931,0.229492,0.615234,0.629883,0.205078,0.74707,2.363281,1
17/11/2017 10:08:31.930,0.234375,0.615234,0.629883,0.205078,0.74707,2.363281,1
17/11/2017 10:08:32.930,0.229492,0.615234,0.629883,0.205078,0.74707,2.363281,1
17/11/2017 10:08:33.934,0.234375,0.615234,0.629883,0.205078,0.74707,2.363281,1
17/11/2017 10:08:34.933,0.229492,0.615234,0.629883,0.205078,0.74707,2.363281,1
17/11/2017 10:08:35.932,0.234375,0.615234,0.629883,0.205078,0.74707,2.363281,1
17/11/2017 10:08:36.932,0.234375,0.615234,0.629883,0.205078,0.74707,2.363281,1
17/11/2017 10:08:37.931,0.234375,0.615234,0.629883,0.205078,0.74707,2.363281,1
17/11/2017 10:08:38.933,0.234375,0.615234,0.629883,0.205078,0.74707,2.368164,1
17/11/2017 10:08:39.934,0.234375,0.615234,0.629883,0.205078,0.74707,2.368164,1
17/11/2017 10:08:40.932,0.234375,0.615234,0.629883,0.205078,0.74707,2.368164,1
17/11/2017 10:08:41.932,0.234375,0.615234,0.629883,0.205078,0.74707,2.368164,1
17/11/2017 10:08:42.932,0.234375,0.615234,0.629883,0.205078,0.74707,2.368164,1
17/11/2017 10:08:43.931,0.234375,0.615234,0.629883,0.205078,0.74707,2.363281,1
17/11/2017 10:08:44.931,0.234375,0.615234,0.629883,0.205078,0.74707,2.368164,1
17/11/2017 10:08:45.934,0.234375,0.615234,0.629883,0.205078,0.74707,2.368164,1
17/11/2017 10:08:46.933,0.234375,0.615234,0.629883,0.205078,0.74707,2.368164,1
17/11/2017 10:08:47.932,0.234375,0.615234,0.629883,0.205078,0.74707,2.368164,1
17/11/2017 10:08:48.931,0.234375,0.615234,0.629883,0.205078,0.74707,2.368164,1
17/11/2017 10:08:49.932,0.234375,0.615234,0.629883,0.205078,0.74707,2.368164,1
17/11/2017 10:08:50.935,0.234375,0.615234,0.629883,0.205078,0.74707,2.368164,1
17/11/2017 10:08:51.935,0.234375,0.615234,0.629883,0.205078,0.74707,2.368164,1
17/11/2017 10:08:52.933,0.234375,0.615234,0.634766,0.205078,0.74707,2.368164,1
17/11/2017 10:08:53.933,0.234375,0.615234,0.629883,0.205078,0.74707,2.368164,1
17/11/2017 10:08:54.937,0.234375,0.615234,0.634766,0.205078,0.74707,2.368164,1
17/11/2017 10:08:55.935,0.234375,0.615234,0.634766,0.209961,0.74707,2.368164,1
17/11/2017 10:08:56.939,0.234375,0.615234,0.634766,0.205078,0.74707,2.368164,1
17/11/2017 10:08:57.939,0.234375,0.615234,0.634766,0.209961,0.74707,2.368164,1
17/11/2017 10:08:58.939,0.234375,0.615234,0.634766,0.209961,0.74707,2.368164,1
17/11/2017 10:08:59.938,0.234375,0.620117,0.634766,0.209961,0.751953,2.368164,1
17/11/2017 10:09:00.941,0.234375,0.615234,0.629883,0.209961,0.74707,2.368164,1
17/11/2017 10:09:01.941,0.234375,0.620117,0.629883,0.209961,0.74707,2.368164,1
17/11/2017 10:09:02.939,0.234375,0.620117,0.634766,0.209961,0.751953,2.368164,1
17/11/2017 10:09:03.939,0.234375,0.620117,0.634766,0.205078,0.751953,2.368164,1
17/11/2017 10:09:04.938,0.234375,0.620117,0.629883,0.209961,0.751953,2.368164,1
17/11/2017 10:09:05.937,0.234375,0.620117,0.634766,0.209961,0.751953,2.368164,1
17/11/2017 10:09:06.940,0.234375,0.620117,0.634766,0.209961,0.751953,2.368164,1
17/11/2017 10:09:07.940,0.234375,0.620117,0.634766,0.209961,0.751953,2.368164,1
17/11/2017 10:09:08.939,0.234375,0.620117,0.634766,0.209961,0.751953,2.368164,1
17/11/2017 10:09:09.940,0.234375,0.620117,0.634766,0.209961,0.751953,2.368164,1
17/11/2017 10:09:10.939,0.234375,0.620117,0.629883,0.209961,0.751953,2.368164,1
17/11/2017 10:09:11.942,0.234375,0.620117,0.634766,0.209961,0.751953,2.368164,1
17/11/2017 10:09:12.941,0.234375,0.620117,0.634766,0.209961,0.751953,2.368164,1
17/11/2017 10:09:13.942,0.234375,0.620117,0.634766,0.209961,0.751953,2.368164,1
17/11/2017 10:09:14.941,0.234375,0.620117,0.634766,0.209961,0.751953,2.368164,1
17/11/2017 10:09:15.943,0.234375,0.620117,0.634766,0.209961,0.751953,2.368164,1
17/11/2017 10:09:16.944,0.234375,0.620117,0.634766,0.209961,0.751953,2.368164,1
17/11/2017 10:09:17.942,0.234375,0.620117,0.634766,0.209961,0.751953,2.368164,1
17/11/2017 10:09:18.941,0.234375,0.620117,0.634766,0.209961,0.751953,2.368164,1
17/11/2017 10:09:19.945,0.234375,0.620117,0.634766,0.209961,0.751953,2.368164,1
17/11/2017 10:09:20.944,0.234375,0.620117,0.634766,0.209961,0.751953,2.368164,1
17/11/2017 10:09:21.944,0.234375,0.620117,0.634766,0.209961,0.751953,2.368164,1
17/11/2017 10:09:22.943,0.234375,0.620117,0.634766,0.209961,0.751953,2.368164,1
17/11/2017 10:09:23.946,0.234375,0.620117,0.634766,0.209961,0.751953,2.368164,1
17/11/2017 10:09:24.948,0.234375,0.620117,0.634766,0.209961,0.751953,2.368164,1
17/11/2017 10:09:25.945,0.234375,0.620117,0.634766,0.209961,0.751953,2.368164,1
17/11/2017 10:09:26.944,0.234375,0.620117,0.634766,0.209961,0.751953,2.368164,1
17/11/2017 10:09:27.945,0.234375,0.620117,0.634766,0.209961,0.751953,2.368164,1
17/11/2017 10:09:28.947,0.239258,0.620117,0.634766,0.209961,0.751953,2.368164,1
17/11/2017 10:09:29.947,0.234375,0.620117,0.634766,0.209961,0.751953,2.368164,1
17/11/2017 10:09:30.946,0.239258,0.620117,0.634766,0.209961,0.751953,2.368164,1
17/11/2017 10:09:31.951,0.239258,0.620117,0.634766,0.209961,0.751953,2.368164,1
17/11/2017 10:09:32.949,0.239258,0.620117,0.634766,0.209961,0.751953,2.368164,1
17/11/2017 10:09:33.949,0.234375,0.620117,0.634766,0.209961,0.751953,2.368164,1
17/11/2017 10:09:34.953,0.239258,0.620117,0.634766,0.209961,0.751953,2.368164,1
17/11/2017 10:09:35.951,0.239258,0.620117,0.634766,0.209961,0.751953,2.368164,1
17/11/2017 10:09:36.951,0.239258,0.620117,0.634766,0.209961,0.751953,2.368164,1
17/11/2017 10:09:37.949,0.239258,0.620117,0.634766,0.209961,0.751953,2.368164,1
17/11/2017 10:09:38.953,0.239258,0.620117,0.634766,0.209961,0.751953,2.368164,1
17/11/2017 10:09:39.952,0.239258,0.620117,0.634766,0.209961,0.751953,2.368164,1
17/11/2017 10:09:40.952,0.239258,0.620117,0.634766,0.209961,0.751953,2.368164,1
17/11/2017 10:09:41.951,0.239258,0.620117,0.634766,0.209961,0.751953,2.368164,1
17/11/2017 10:09:42.951,0.239258,0.620117,0.634766,0.209961,0.751953,2.368164,1
17/11/2017 10:09:43.954,0.239258,0.620117,0.634766,0.209961,0.751953,2.368164,1
17/11/2017 10:09:44.954,0.239258,0.620117,0.634766,0.209961,0.751953,2.368164,1
17/11/2017 10:09:45.953,0.239258,0.620117,0.634766,0.209961,0.751953,2.368164,1
17/11/2017 10:09:46.953,0.239258,0.620117,0.634766,0.209961,0.751953,2.368164,1
17/11/2017 10:09:47.953,0.239258,0.620117,0.634766,0.209961,0.751953,2.368164,1
17/11/2017 10:09:48.950,0.239258,0.620117,0.634766,0.209961,0.751953,2.368164,1
17/11/2017 10:09:49.955,0.239258,0.620117,0.634766,0.209961,0.751953,2.368164,1
17/11/2017 10:09:50.955,0.239258,0.620117,0.634766,0.209961,0.751953,2.368164,1
17/11/2017 10:09:51.954,0.239258,0.620117,0.634766,0.209961,0.751953,2.368164,1
17/11/2017 10:09:52.954,0.239258,0.620117,0.634766,0.209961,0.751953,2.368164,1
17/11/2017 10:09:53.953,0.239258,0.620117,0.634766,0.209961,0.751953,2.368164,1
17/11/2017 10:09:54.956,0.239258,0.620117,0.634766,0.209961,0.751953,2.368164,1
17/11/2017 10:09:55.956,0.239258,0.620117,0.634766,0.209961,0.751953,2.368164,1
17/11/2017 10:09:56.955,0.239258,0.620117,0.634766,0.209961,0.751953,2.368164,1
17/11/2017 10:09:57.954,0.239258,0.625,0.634766,0.209961,0.751953,2.368164,1
17/11/2017 10:09:58.956,0.239258,0.620117,0.634766,0.209961,0.751953,2.368164,1
17/11/2017 10:09:59.956,0.239258,0.625,0.634766,0.209961,0.751953,2.368164,1
17/11/2017 10:10:00.956,0.239258,0.625,0.634766,0.209961,0.751953,2.368164,1
17/11/2017 10:10:01.955,0.239258,0.620117,0.639648,0.209961,0.751953,2.368164,1
17/11/2017 10:10:02.958,0.239258,0.620117,0.634766,0.209961,0.751953,2.368164,1
17/11/2017 10:10:03.959,0.239258,0.625,0.634766,0.209961,0.751953,2.368164,1
17/11/2017 10:10:04.958,0.239258,0.625,0.634766,0.209961,0.751953,2.368164,1
17/11/2017 10:10:05.958,0.239258,0.625,0.634766,0.209961,0.751953,2.368164,1
17/11/2017 10:10:06.961,0.239258,0.625,0.634766,0.209961,0.751953,2.368164,1
17/11/2017 10:10:07.959,0.239258,0.625,0.634766,0.209961,0.751953,2.368164,1
17/11/2017 10:10:08.958,0.239258,0.625,0.634766,0.209961,0.751953,2.368164,1
17/11/2017 10:10:09.958,0.239258,0.625,0.634766,0.209961,0.751953,2.368164,1
17/11/2017 10:10:10.957,0.239258,0.625,0.639648,0.209961,0.751953,2.368164,1
17/11/2017 10:10:11.957,0.239258,0.625,0.634766,0.209961,0.756836,2.368164,1
17/11/2017 10:10:12.960,0.239258,0.625,0.634766,0.209961,0.751953,2.368164,1
17/11/2017 10:10:13.960,0.239258,0.625,0.634766,0.209961,0.756836,2.368164,1
17/11/2017 10:10:14.960,0.239258,0.625,0.634766,0.209961,0.751953,2.363281,1
17/11/2017 10:10:15.959,0.239258,0.625,0.634766,0.209961,0.751953,2.363281,1
17/11/2017 10:10:16.962,0.239258,0.625,0.639648,0.209961,0.751953,2.363281,1
17/11/2017 10:10:17.961,0.239258,0.625,0.634766,0.209961,0.751953,2.363281,1
17/11/2017 10:10:18.961,0.239258,0.625,0.634766,0.209961,0.751953,2.363281,1
17/11/2017 10:10:19.960,0.239258,0.625,0.634766,0.209961,0.751953,2.363281,1
17/11/2017 10:10:20.960,0.239258,0.625,0.639648,0.209961,0.751953,2.363281,1
17/11/2017 10:10:21.963,0.239258,0.625,0.634766,0.209961,0.751953,2.363281,1
17/11/2017 10:10:22.962,0.239258,0.625,0.639648,0.209961,0.751953,2.363281,1
17/11/2017 10:10:23.962,0.239258,0.625,0.639648,0.209961,0.751953,2.363281,1
17/11/2017 10:10:24.962,0.239258,0.625,0.639648,0.209961,0.751953,2.363281,1
17/11/2017 10:10:25.961,0.239258,0.625,0.639648,0.209961,0.756836,2.363281,1
17/11/2017 10:10:26.960,0.239258,0.625,0.639648,0.209961,0.756836,2.363281,1
17/11/2017 10:10:27.964,0.244141,0.625,0.639648,0.209961,0.756836,2.363281,1
17/11/2017 10:10:28.964,0.239258,0.625,0.639648,0.209961,0.756836,2.363281,1
17/11/2017 10:10:29.962,0.239258,0.625,0.634766,0.209961,0.756836,2.363281,1
17/11/2017 10:10:30.961,0.244141,0.625,0.639648,0.209961,0.756836,2.363281,1
17/11/2017 10:10:31.960,0.239258,0.625,0.639648,0.209961,0.756836,2.363281,1
17/11/2017 10:10:32.964,0.239258,0.625,0.639648,0.209961,0.756836,2.363281,1
17/11/2017 10:10:33.964,0.239258,0.625,0.639648,0.209961,0.756836,2.363281,1
17/11/2017 10:10:34.963,0.239258,0.625,0.639648,0.209961,0.756836,2.363281,1
17/11/2017 10:10:35.967,0.239258,0.625,0.639648,0.209961,0.756836,2.363281,1
17/11/2017 10:10:36.966,0.239258,0.625,0.639648,0.209961,0.756836,2.358398,1
17/11/2017 10:10:37.969,0.239258,0.625,0.639648,0.209961,0.756836,2.358398,1
17/11/2017 10:10:38.970,0.244141,0.625,0.639648,0.209961,0.756836,2.358398,1
17/11/2017 10:10:39.968,0.239258,0.625,0.639648,0.214844,0.756836,2.358398,1
17/11/2017 10:10:40.968,0.239258,0.625,0.639648,0.209961,0.756836,2.358398,1
17/11/2017 10:10:41.966,0.239258,0.625,0.639648,0.209961,0.756836,2.363281,1
17/11/2017 10:10:42.971,0.239258,0.625,0.639648,0.209961,0.756836,2.358398,1
17/11/2017 10:10:43.969,0.239258,0.625,0.639648,0.209961,0.756836,2.358398,1
17/11/2017 10:10:44.968,0.239258,0.625,0.639648,0.209961,0.756836,2.358398,1
17/11/2017 10:10:45.968,0.239258,0.625,0.639648,0.209961,0.756836,2.358398,1
17/11/2017 10:10:46.969,0.244141,0.625,0.639648,0.209961,0.756836,2.363281,1
17/11/2017 10:10:47.968,0.244141,0.625,0.639648,0.209961,0.756836,2.358398,1
17/11/2017 10:10:48.970,0.239258,0.625,0.639648,0.214844,0.756836,2.358398,1
17/11/2017 10:10:49.971,0.239258,0.625,0.639648,0.209961,0.756836,2.358398,1
17/11/2017 10:10:50.970,0.244141,0.625,0.639648,0.209961,0.756836,2.358398,1
17/11/2017 10:10:51.968,0.244141,0.625,0.639648,0.214844,0.756836,2.358398,1
17/11/2017 10:10:52.969,0.244141,0.625,0.639648,0.209961,0.756836,2.358398,1
17/11/2017 10:10:53.968,0.244141,0.625,0.639648,0.214844,0.756836,2.358398,1
17/11/2017 10:10:54.970,0.239258,0.625,0.639648,0.209961,0.756836,2.358398,1
17/11/2017 10:10:55.969,0.244141,0.625,0.639648,0.209961,0.756836,2.363281,1
17/11/2017 10:10:56.970,0.244141,0.625,0.639648,0.214844,0.756836,2.363281,1
17/11/2017 10:10:57.969,0.244141,0.625,0.639648,0.214844,0.756836,2.363281,1
17/11/2017 10:10:58.972,0.244141,0.625,0.639648,0.209961,0.756836,2.363281,1
17/11/2017 10:10:59.972,0.244141,0.625,0.639648,0.209961,0.756836,2.363281,1
17/11/2017 10:11:00.971,0.244141,0.625,0.639648,0.214844,0.756836,2.363281,1
17/11/2017 10:11:01.970,0.244141,0.625,0.639648,0.214844,0.756836,2.363281,1
17/11/2017 10:11:02.974,0.244141,0.625,0.639648,0.214844,0.756836,2.363281,1
17/11/2017 10:11:03.974,0.244141,0.625,0.639648,0.209961,0.756836,2.363281,1
17/11/2017 10:11:04.972,0.244141,0.625,0.639648,0.209961,0.756836,2.363281,1
17/11/2017 10:11:05.972,0.244141,0.625,0.639648,0.214844,0.756836,2.363281,1
17/11/2017 10:11:06.975,0.244141,0.625,0.639648,0.214844,0.756836,2.363281,1
17/11/2017 10:11:07.975,0.244141,0.625,0.639648,0.214844,0.756836,2.363281,1
17/11/2017 10:11:08.973,0.244141,0.625,0.639648,0.214844,0.756836,2.363281,1
17/11/2017 10:11:09.974,0.244141,0.625,0.639648,0.214844,0.756836,2.363281,1
17/11/2017 10:11:10.973,0.244141,0.625,0.639648,0.214844,0.756836,2.363281,1
17/11/2017 10:11:11.972,0.244141,0.625,0.639648,0.209961,0.756836,2.363281,1
17/11/2017 10:11:12.971,0.244141,0.625,0.639648,0.214844,0.756836,2.363281,1
17/11/2017 10:11:13.975,0.244141,0.625,0.639648,0.214844,0.756836,2.363281,1
17/11/2017 10:11:14.975,0.244141,0.625,0.639648,0.214844,0.756836,2.363281,1
17/11/2017 10:11:15.973,0.244141,0.625,0.639648,0.214844,0.756836,2.363281,1
17/11/2017 10:11:16.977,0.244141,0.625,0.639648,0.214844,0.756836,2.363281,1
17/11/2017 10:11:17.977,0.244141,0.625,0.639648,0.214844,0.756836,2.363281,1
17/11/2017 10:11:18.976,0.244141,0.625,0.639648,0.214844,0.756836,2.363281,1
17/11/2017 10:11:19.976,0.244141,0.625,0.639648,0.214844,0.756836,2.363281,1
17/11/2017 10:11:20.975,0.244141,0.625,0.639648,0.214844,0.756836,2.363281,1
17/11/2017 10:11:21.975,0.244141,0.625,0.639648,0.214844,0.756836,2.358398,1
17/11/2017 10:11:22.977,0.244141,0.625,0.639648,0.214844,0.756836,2.358398,1
17/11/2017 10:11:23.977,0.244141,0.625,0.639648,0.214844,0.756836,2.358398,1
17/11/2017 10:11:24.976,0.244141,0.625,0.644531,0.214844,0.756836,2.358398,1
17/11/2017 10:11:25.975,0.244141,0.625,0.639648,0.214844,0.756836,2.358398,1
17/11/2017 10:11:26.979,0.244141,0.625,0.639648,0.214844,0.756836,2.358398,1
17/11/2017 10:11:27.979,0.244141,0.625,0.639648,0.214844,0.756836,2.358398,1
17/11/2017 10:11:28.978,0.244141,0.625,0.639648,0.214844,0.756836,2.358398,1
17/11/2017 10:11:29.978,0.244141,0.625,0.644531,0.214844,0.756836,2.358398,1
17/11/2017 10:11:30.977,0.244141,0.625,0.644531,0.214844,0.756836,2.358398,1
17/11/2017 10:11:31.976,0.244141,0.625,0.639648,0.214844,0.756836,2.358398,1
17/11/2017 10:11:32.979,0.244141,0.629883,0.644531,0.214844,0.756836,2.358398,1
17/11/2017 10:11:33.979,0.244141,0.625,0.639648,0.214844,0.756836,2.358398,1
17/11/2017 10:11:34.977,0.244141,0.629883,0.639648,0.214844,0.756836,2.358398,1
17/11/2017 10:11:35.978,0.244141,0.625,0.644531,0.214844,0.756836,2.358398,1
17/11/2017 10:11:36.980,0.244141,0.629883,0.644531,0.214844,0.756836,2.358398,1
17/11/2017 10:11:37.980,0.244141,0.629883,0.644531,0.214844,0.756836,2.358398,1
17/11/2017 10:11:38.985,0.244141,0.625,0.644531,0.214844,0.761719,2.358398,1
17/11/2017 10:11:39.984,0.244141,0.629883,0.644531,0.214844,0.756836,2.358398,1
17/11/2017 10:11:40.982,0.244141,0.625,0.644531,0.214844,0.756836,2.358398,1
17/11/2017 10:11:41.982,0.244141,0.625,0.644531,0.214844,0.756836,2.358398,1
17/11/2017 10:11:42.981,0.244141,0.629883,0.644531,0.214844,0.761719,2.358398,1
17/11/2017 10:11:43.985,0.244141,0.629883,0.644531,0.214844,0.756836,2.358398,1
17/11/2017 10:11:44.985,0.244141,0.629883,0.644531,0.214844,0.761719,2.358398,1
17/11/2017 10:11:45.984,0.244141,0.625,0.644531,0.214844,0.761719,2.358398,1
17/11/2017 10:11:46.982,0.244141,0.625,0.644531,0.214844,0.761719,2.358398,1
17/11/2017 10:11:47.987,0.244141,0.625,0.644531,0.214844,0.761719,2.358398,1
17/11/2017 10:11:48.987,0.244141,0.629883,0.644531,0.214844,0.761719,2.358398,1
17/11/2017 10:11:49.985,0.244141,0.629883,0.644531,0.214844,0.761719,2.358398,1
17/11/2017 10:11:50.985,0.244141,0.629883,0.644531,0.214844,0.761719,2.358398,1
17/11/2017 10:11:51.988,0.244141,0.629883,0.644531,0.214844,0.761719,2.358398,1
17/11/2017 10:11:52.987,0.244141,0.629883,0.644531,0.214844,0.761719,2.358398,1
17/11/2017 10:11:53.986,0.249023,0.629883,0.644531,0.214844,0.761719,2.358398,1
17/11/2017 10:11:54.989,0.244141,0.629883,0.644531,0.214844,0.761719,2.358398,1
17/11/2017 10:11:55.990,0.244141,0.629883,0.644531,0.214844,0.761719,2.358398,1
17/11/2017 10:11:56.988,0.244141,0.629883,0.644531,0.214844,0.761719,2.358398,1
17/11/2017 10:11:57.992,0.244141,0.629883,0.644531,0.214844,0.761719,2.358398,1
17/11/2017 10:11:58.992,0.244141,0.629883,0.644531,0.214844,0.761719,2.358398,1
17/11/2017 10:11:59.991,0.244141,0.629883,0.644531,0.214844,0.761719,2.358398,1
17/11/2017 10:12:00.990,0.244141,0.629883,0.644531,0.214844,0.761719,2.358398,1
17/11/2017 10:12:01.991,0.249023,0.629883,0.644531,0.214844,0.761719,2.358398,1
17/11/2017 10:12:02.990,0.249023,0.629883,0.644531,0.214844,0.761719,2.358398,1
17/11/2017 10:12:03.992,0.249023,0.629883,0.644531,0.214844,0.761719,2.358398,1
17/11/2017 10:12:04.992,0.249023,0.629883,0.644531,0.214844,0.761719,2.358398,1
17/11/2017 10:12:05.992,0.249023,0.629883,0.644531,0.214844,0.761719,2.363281,1
17/11/2017 10:12:06.991,0.244141,0.629883,0.644531,0.214844,0.761719,2.358398,1
17/11/2017 10:12:07.995,0.249023,0.629883,0.644531,0.214844,0.761719,2.363281,1
17/11/2017 10:12:08.993,0.249023,0.629883,0.644531,0.214844,0.761719,2.363281,1
17/11/2017 10:12:09.994,0.249023,0.629883,0.644531,0.214844,0.761719,2.363281,1
17/11/2017 10:12:10.991,0.249023,0.629883,0.644531,0.214844,0.761719,2.358398,1
17/11/2017 10:12:11.995,0.249023,0.629883,0.644531,0.214844,0.761719,2.363281,1
17/11/2017 10:12:12.996,0.249023,0.629883,0.644531,0.214844,0.761719,2.358398,1
17/11/2017 10:12:13.995,0.244141,0.629883,0.644531,0.214844,0.761719,2.358398,1
17/11/2017 10:12:14.994,0.249023,0.629883,0.644531,0.214844,0.761719,2.358398,1
17/11/2017 10:12:15.998,0.249023,0.629883,0.644531,0.214844,0.761719,2.358398,1
17/11/2017 10:12:16.996,0.249023,0.629883,0.644531,0.214844,0.761719,2.358398,1
17/11/2017 10:12:17.996,0.249023,0.629883,0.644531,0.214844,0.761719,2.358398,1
17/11/2017 10:12:19.000,0.249023,0.629883,0.644531,0.214844,0.761719,2.358398,1
17/11/2017 10:12:19.998,0.249023,0.629883,0.644531,0.214844,0.761719,2.358398,1
17/11/2017 10:12:20.999,0.249023,0.629883,0.644531,0.214844,0.761719,2.358398,1
17/11/2017 10:12:21.998,0.249023,0.629883,0.644531,0.214844,0.761719,2.358398,1
17/11/2017 10:12:22.998,0.249023,0.629883,0.644531,0.214844,0.761719,2.358398,1
17/11/2017 10:12:24.001,0.249023,0.629883,0.644531,0.214844,0.761719,2.358398,1
17/11/2017 10:12:25.000,0.249023,0.629883,0.644531,0.214844,0.761719,2.358398,1
17/11/2017 10:12:25.999,0.249023,0.629883,0.644531,0.214844,0.761719,2.358398,1
17/11/2017 10:12:26.999,0.249023,0.629883,0.644531,0.214844,0.761719,2.358398,1
17/11/2017 10:12:27.997,0.249023,0.629883,0.644531,0.214844,0.761719,2.358398,1
17/11/2017 10:12:29.001,0.249023,0.629883,0.644531,0.214844,0.761719,2.358398,1
17/11/2017 10:12:30.000,0.249023,0.629883,0.644531,0.214844,0.761719,2.358398,1
17/11/2017 10:12:31.000,0.249023,0.629883,0.644531,0.214844,0.761719,2.358398,1
17/11/2017 10:12:32.000,0.249023,0.629883,0.644531,0.214844,0.761719,2.358398,1
17/11/2017 10:12:32.998,0.249023,0.629883,0.644531,0.214844,0.761719,2.358398,1
17/11/2017 10:12:34.003,0.249023,0.629883,0.644531,0.214844,0.761719,2.358398,1
17/11/2017 10:12:35.002,0.249023,0.629883,0.644531,0.214844,0.761719,2.358398,1
17/11/2017 10:12:36.000,0.249023,0.629883,0.644531,0.214844,0.761719,2.358398,1
17/11/2017 10:12:37.001,0.249023,0.629883,0.644531,0.214844,0.761719,2.358398,1
17/11/2017 10:12:38.001,0.249023,0.629883,0.649414,0.214844,0.761719,2.358398,1
17/11/2017 10:12:38.999,0.249023,0.629883,0.644531,0.214844,0.761719,2.358398,1
17/11/2017 10:12:39.998,0.249023,0.629883,0.649414,0.214844,0.761719,2.358398,1
17/11/2017 10:12:41.003,0.249023,0.629883,0.644531,0.214844,0.761719,2.358398,1
17/11/2017 10:12:42.001,0.249023,0.629883,0.649414,0.214844,0.761719,2.358398,1
17/11/2017 10:12:43.001,0.249023,0.629883,0.644531,0.214844,0.761719,2.358398,1
17/11/2017 10:12:44.003,0.249023,0.629883,0.644531,0.214844,0.761719,2.358398,1
17/11/2017 10:12:45.003,0.249023,0.629883,0.649414,0.214844,0.761719,2.358398,1
17/11/2017 10:12:46.003,0.249023,0.629883,0.649414,0.214844,0.761719,2.358398,1
17/11/2017 10:12:47.006,0.249023,0.629883,0.644531,0.214844,0.761719,2.358398,1
17/11/2017 10:12:48.005,0.249023,0.629883,0.649414,0.214844,0.761719,2.358398,1
17/11/2017 10:12:49.005,0.249023,0.629883,0.649414,0.214844,0.761719,2.358398,1
17/11/2017 10:12:50.009,0.249023,0.629883,0.649414,0.214844,0.761719,2.358398,1
17/11/2017 10:12:51.007,0.249023,0.629883,0.649414,0.214844,0.761719,2.358398,1
17/11/2017 10:12:52.008,0.249023,0.629883,0.649414,0.214844,0.761719,2.358398,1
17/11/2017 10:12:53.011,0.249023,0.629883,0.649414,0.214844,0.761719,2.358398,1
17/11/2017 10:12:54.010,0.249023,0.629883,0.649414,0.214844,0.761719,2.358398,1
17/11/2017 10:12:55.010,0.249023,0.629883,0.649414,0.214844,0.761719,2.358398,1
17/11/2017 10:12:56.009,0.249023,0.629883,0.649414,0.214844,0.761719,2.358398,1
17/11/2017 10:12:57.008,0.249023,0.629883,0.649414,0.214844,0.761719,2.358398,1
17/11/2017 10:12:58.008,0.249023,0.629883,0.649414,0.214844,0.761719,2.358398,1
17/11/2017 10:12:59.006,0.249023,0.629883,0.649414,0.214844,0.761719,2.358398,1
17/11/2017 10:13:00.010,0.249023,0.629883,0.649414,0.214844,0.761719,2.358398,1
17/11/2017 10:13:01.009,0.249023,0.629883,0.649414,0.214844,0.761719,2.358398,1
17/11/2017 10:13:02.008,0.249023,0.629883,0.649414,0.214844,0.761719,2.358398,1
17/11/2017 10:13:03.013,0.249023,0.629883,0.649414,0.214844,0.761719,2.358398,1
17/11/2017 10:13:04.011,0.249023,0.629883,0.649414,0.214844,0.761719,2.358398,1
17/11/2017 10:13:05.011,0.249023,0.629883,0.649414,0.214844,0.761719,2.358398,1
17/11/2017 10:13:06.010,0.249023,0.629883,0.649414,0.214844,0.761719,2.358398,1
17/11/2017 10:13:07.011,0.249023,0.629883,0.649414,0.214844,0.761719,2.358398,1
17/11/2017 10:13:08.010,0.249023,0.629883,0.649414,0.214844,0.761719,2.358398,1
17/11/2017 10:13:09.009,0.249023,0.629883,0.649414,0.214844,0.761719,2.358398,1
17/11/2017 10:13:10.013,0.249023,0.629883,0.649414,0.214844,0.761719,2.358398,1
17/11/2017 10:13:11.011,0.249023,0.629883,0.649414,0.214844,0.761719,2.358398,1
17/11/2017 10:13:12.012,0.249023,0.629883,0.649414,0.214844,0.761719,2.358398,1
17/11/2017 10:13:13.015,0.249023,0.629883,0.649414,0.214844,0.761719,2.358398,1
17/11/2017 10:13:14.014,0.249023,0.629883,0.649414,0.214844,0.761719,2.358398,1
17/11/2017 10:13:15.014,0.249023,0.629883,0.649414,0.214844,0.761719,2.358398,1
17/11/2017 10:13:16.012,0.249023,0.629883,0.649414,0.214844,0.761719,2.358398,1
17/11/2017 10:13:17.011,0.249023,0.629883,0.649414,0.214844,0.761719,2.358398,1
17/11/2017 10:13:18.010,0.249023,0.629883,0.649414,0.214844,0.761719,2.358398,1
17/11/2017 10:13:19.015,0.249023,0.629883,0.649414,0.214844,0.761719,2.358398,1
17/11/2017 10:13:20.015,0.249023,0.629883,0.649414,0.214844,0.761719,2.358398,1
17/11/2017 10:13:21.013,0.249023,0.629883,0.649414,0.214844,0.761719,2.358398,1
17/11/2017 10:13:22.012,0.249023,0.629883,0.649414,0.214844,0.761719,2.358398,1
17/11/2017 10:13:23.016,0.249023,0.629883,0.649414,0.214844,0.761719,2.363281,1
17/11/2017 10:13:24.016,0.249023,0.629883,0.649414,0.214844,0.761719,2.363281,1
17/11/2017 10:13:25.015,0.249023,0.629883,0.649414,0.214844,0.761719,2.363281,1
17/11/2017 10:13:26.019,0.249023,0.629883,0.649414,0.214844,0.761719,2.363281,1
17/11/2017 10:13:27.018,0.249023,0.629883,0.649414,0.214844,0.761719,2.363281,1
17/11/2017 10:13:28.018,0.249023,0.629883,0.649414,0.214844,0.761719,2.358398,1
17/11/2017 10:13:29.016,0.249023,0.629883,0.649414,0.214844,0.761719,2.363281,1
17/11/2017 10:13:30.016,0.249023,0.629883,0.649414,0.214844,0.761719,2.358398,1
17/11/2017 10:13:31.015,0.249023,0.629883,0.649414,0.214844,0.761719,2.358398,1
17/11/2017 10:13:32.014,0.249023,0.629883,0.649414,0.214844,0.761719,2.358398,1
17/11/2017 10:13:33.014,0.249023,0.629883,0.649414,0.214844,0.761719,2.358398,1
17/11/2017 10:13:34.017,0.249023,0.629883,0.649414,0.214844,0.766602,2.358398,1
17/11/2017 10:13:35.016,0.249023,0.629883,0.649414,0.214844,0.766602,2.358398,1
17/11/2017 10:13:36.021,0.249023,0.629883,0.649414,0.214844,0.766602,2.358398,1
17/11/2017 10:13:37.020,0.249023,0.629883,0.649414,0.214844,0.761719,2.358398,1
17/11/2017 10:13:38.020,0.249023,0.629883,0.649414,0.214844,0.766602,2.358398,1
17/11/2017 10:13:39.019,0.249023,0.629883,0.649414,0.214844,0.766602,2.358398,1
17/11/2017 10:13:40.018,0.249023,0.629883,0.649414,0.214844,0.766602,2.358398,1
17/11/2017 10:13:41.021,0.249023,0.629883,0.649414,0.214844,0.766602,2.358398,1
17/11/2017 10:13:42.021,0.249023,0.629883,0.649414,0.214844,0.761719,2.358398,1
17/11/2017 10:13:43.021,0.249023,0.629883,0.649414,0.214844,0.761719,2.358398,1
17/11/2017 10:13:44.020,0.249023,0.629883,0.649414,0.214844,0.766602,2.358398,1
17/11/2017 10:13:45.019,0.249023,0.629883,0.649414,0.214844,0.766602,2.358398,1
17/11/2017 10:13:46.021,0.249023,0.629883,0.649414,0.214844,0.761719,2.358398,1
17/11/2017 10:13:47.020,0.249023,0.625,0.649414,0.214844,0.742187,2.353516,1
17/11/2017 10:13:48.021,0.249023,0.620117,0.644531,0.214844,0.722656,2.34375,1
17/11/2017 10:13:49.021,0.244141,0.605469,0.639648,0.214844,0.703125,2.333984,1
17/11/2017 10:13:50.025,0.244141,0.600586,0.629883,0.209961,0.693359,2.319336,1
17/11/2017 10:13:51.023,0.239258,0.59082,0.620117,0.209961,0.683594,2.304687,1
17/11/2017 10:13:52.022,0.239258,0.581055,0.605469,0.209961,0.668945,2.285156,1
17/11/2017 10:13:53.021,0.234375,0.576172,0.595703,0.205078,0.664062,2.265625,1
17/11/2017 10:13:54.021,0.234375,0.566406,0.585937,0.205078,0.654297,2.246094,1
17/11/2017 10:13:55.020,0.229492,0.561523,0.576172,0.205078,0.644531,2.226562,1
17/11/2017 10:13:56.025,0.229492,0.556641,0.566406,0.205078,0.639648,2.207031,1
17/11/2017 10:13:57.023,0.229492,0.551758,0.556641,0.200195,0.629883,2.182617,1
17/11/2017 10:13:58.022,0.224609,0.541992,0.546875,0.200195,0.625,2.163086,1
17/11/2017 10:13:59.022,0.224609,0.537109,0.541992,0.200195,0.620117,2.138672,1
17/11/2017 10:14:00.020,0.224609,0.532227,0.532227,0.195312,0.615234,2.119141,1
17/11/2017 10:14:01.026,0.219727,0.527344,0.527344,0.195312,0.610352,2.094727,1
17/11/2017 10:14:02.025,0.219727,0.522461,0.517578,0.195312,0.605469,2.075195,1
17/11/2017 10:14:03.024,0.219727,0.517578,0.512695,0.195312,0.600586,2.055664,1
17/11/2017 10:14:04.024,0.214844,0.512695,0.507812,0.19043,0.595703,2.03125,1
17/11/2017 10:14:05.022,0.214844,0.507812,0.498047,0.19043,0.59082,2.011719,1
17/11/2017 10:14:06.026,0.214844,0.50293,0.493164,0.19043,0.585937,1.992187,1
17/11/2017 10:14:07.025,0.209961,0.498047,0.488281,0.19043,0.581055,1.972656,1
17/11/2017 10:14:08.025,0.209961,0.493164,0.483398,0.19043,0.576172,1.953125,1
17/11/2017 10:14:09.024,0.209961,0.488281,0.478516,0.185547,0.571289,1.938477,1
17/11/2017 10:14:10.027,0.205078,0.483398,0.473633,0.185547,0.571289,1.918945,1
17/11/2017 10:14:11.026,0.205078,0.478516,0.46875,0.185547,0.566406,1.904297,1
17/11/2017 10:14:12.025,0.205078,0.473633,0.463867,0.185547,0.561523,1.884766,1
17/11/2017 10:14:13.026,0.205078,0.46875,0.463867,0.185547,0.556641,1.870117,1
17/11/2017 10:14:14.025,0.200195,0.463867,0.458984,0.185547,0.556641,1.850586,1
17/11/2017 10:14:15.024,0.200195,0.458984,0.454102,0.180664,0.551758,1.835937,1
17/11/2017 10:14:16.029,0.200195,0.454102,0.449219,0.180664,0.546875,1.821289,1
17/11/2017 10:14:17.026,0.200195,0.454102,0.449219,0.180664,0.541992,1.806641,1
17/11/2017 10:14:18.027,0.200195,0.449219,0.444336,0.180664,0.541992,1.796875,1
17/11/2017 10:14:19.030,0.195312,0.444336,0.444336,0.180664,0.537109,1.782227,1
17/11/2017 10:14:20.030,0.195312,0.439453,0.439453,0.180664,0.537109,1.767578,1
17/11/2017 10:14:21.028,0.195312,0.43457,0.43457,0.180664,0.532227,1.75293,1
17/11/2017 10:14:22.029,0.195312,0.43457,0.43457,0.175781,0.532227,1.743164,1
17/11/2017 10:14:23.030,0.195312,0.429687,0.43457,0.175781,0.527344,1.733398,1
17/11/2017 10:14:24.030,0.195312,0.424805,0.429687,0.175781,0.522461,1.71875,1
17/11/2017 10:14:25.029,0.19043,0.419922,0.424805,0.175781,0.522461,1.708984,1
17/11/2017 10:14:26.030,0.19043,0.419922,0.424805,0.175781,0.517578,1.699219,1
17/11/2017 10:14:27.028,0.19043,0.415039,0.424805,0.175781,0.517578,1.689453,1
17/11/2017 10:14:28.032,0.19043,0.410156,0.419922,0.170898,0.512695,1.679687,1
17/11/2017 10:14:29.031,0.19043,0.410156,0.419922,0.170898,0.512695,1.669922,1
17/11/2017 10:14:30.031,0.19043,0.405273,0.415039,0.170898,0.507812,1.660156,1
17/11/2017 10:14:31.035,0.185547,0.400391,0.415039,0.170898,0.507812,1.650391,1
17/11/2017 10:14:32.033,0.185547,0.400391,0.415039,0.170898,0.507812,1.640625,1
17/11/2017 10:14:33.033,0.185547,0.395508,0.410156,0.170898,0.50293,1.635742,1
17/11/2017 10:14:34.032,0.185547,0.390625,0.410156,0.170898,0.50293,1.625977,1
17/11/2017 10:14:35.036,0.185547,0.390625,0.410156,0.170898,0.498047,1.616211,1
17/11/2017 10:14:36.035,0.185547,0.385742,0.410156,0.170898,0.498047,1.611328,1
17/11/2017 10:14:37.035,0.185547,0.380859,0.405273,0.166016,0.493164,1.601562,1
17/11/2017 10:14:38.035,0.180664,0.380859,0.405273,0.166016,0.493164,1.59668,1
17/11/2017 10:14:39.037,0.180664,0.375977,0.405273,0.166016,0.493164,1.586914,1
17/11/2017 10:14:40.037,0.180664,0.375977,0.400391,0.166016,0.488281,1.582031,1
17/11/2017 10:14:41.036,0.180664,0.371094,0.400391,0.166016,0.488281,1.572266,1
17/11/2017 10:14:42.035,0.180664,0.371094,0.400391,0.166016,0.488281,1.567383,1
17/11/2017 10:14:43.035,0.180664,0.366211,0.395508,0.166016,0.483398,1.5625,1
17/11/2017 10:14:44.039,0.180664,0.366211,0.395508,0.166016,0.483398,1.557617,1
17/11/2017 10:14:45.039,0.180664,0.361328,0.395508,0.166016,0.483398,1.552734,1
17/11/2017 10:14:46.037,0.180664,0.356445,0.395508,0.166016,0.478516,1.547852,1
17/11/2017 10:14:47.036,0.175781,0.356445,0.395508,0.161133,0.478516,1.542969,1
17/11/2017 10:14:48.040,0.175781,0.356445,0.390625,0.161133,0.478516,1.533203,1
17/11/2017 10:14:49.040,0.175781,0.351562,0.390625,0.161133,0.473633,1.52832,1
17/11/2017 10:14:50.039,0.175781,0.351562,0.390625,0.161133,0.473633,1.523437,1
17/11/2017 10:14:51.042,0.175781,0.34668,0.390625,0.161133,0.473633,1.523437,1
17/11/2017 10:14:52.041,0.175781,0.34668,0.390625,0.161133,0.46875,1.513672,1
17/11/2017 10:14:53.041,0.175781,0.341797,0.385742,0.161133,0.46875,1.513672,1
17/11/2017 10:14:54.039,0.175781,0.341797,0.385742,0.161133,0.46875,1.508789,1
17/11/2017 10:14:55.041,0.170898,0.336914,0.385742,0.161133,0.46875,1.503906,1
17/11/2017 10:14:56.038,0.170898,0.336914,0.385742,0.161133,0.46875,1.499023,1
17/11/2017 10:14:57.042,0.175781,0.332031,0.385742,0.15625,0.463867,1.494141,1
17/11/2017 10:14:58.043,0.170898,0.332031,0.385742,0.15625,0.463867,1.489258,1
17/11/2017 10:14:59.041,0.170898,0.332031,0.385742,0.15625,0.463867,1.489258,1
17/11/2017 10:15:00.040,0.170898,0.327148,0.380859,0.15625,0.463867,1.484375,1
17/11/2017 10:15:01.044,0.170898,0.327148,0.380859,0.15625,0.458984,1.479492,1
17/11/2017 10:15:02.044,0.170898,0.322266,0.380859,0.15625,0.458984,1.474609,1
17/11/2017 10:15:03.044,0.170898,0.322266,0.380859,0.15625,0.458984,1.474609,1
17/11/2017 10:15:04.043,0.170898,0.322266,0.380859,0.15625,0.458984,1.469727,1
17/11/2017 10:15:05.041,0.170898,0.317383,0.380859,0.15625,0.454102,1.464844,1
17/11/2017 10:15:06.044,0.170898,0.317383,0.380859,0.151367,0.454102,1.464844,1
17/11/2017 10:15:07.045,0.170898,0.317383,0.375977,0.151367,0.454102,1.459961,1
17/11/2017 10:15:08.043,0.170898,0.3125,0.375977,0.15625,0.454102,1.455078,1
17/11/2017 10:15:09.042,0.170898,0.3125,0.375977,0.151367,0.454102,1.450195,1
17/11/2017 10:15:10.048,0.166016,0.3125,0.375977,0.15625,0.449219,1.450195,1
17/11/2017 10:15:11.047,0.166016,0.307617,0.375977,0.151367,0.449219,1.445312,1
17/11/2017 10:15:12.046,0.166016,0.307617,0.375977,0.151367,0.449219,1.445312,1
17/11/2017 10:15:13.046,0.166016,0.307617,0.375977,0.151367,0.449219,1.44043,1
17/11/2017 10:15:14.043,0.166016,0.302734,0.371094,0.151367,0.449219,1.435547,1
17/11/2017 10:15:15.048,0.166016,0.302734,0.371094,0.151367,0.444336,1.435547,1
17/11/2017 10:15:16.048,0.166016,0.302734,0.371094,0.151367,0.444336,1.430664,1
17/11/2017 10:15:17.046,0.166016,0.297852,0.371094,0.151367,0.444336,1.430664,1
17/11/2017 10:15:18.046,0.161133,0.297852,0.371094,0.151367,0.444336,1.425781,1
17/11/2017 10:15:19.045,0.166016,0.297852,0.371094,0.151367,0.439453,1.425781,1
17/11/2017 10:15:20.048,0.166016,0.292969,0.371094,0.151367,0.444336,1.420898,1
17/11/2017 10:15:21.048,0.166016,0.292969,0.371094,0.146484,0.439453,1.420898,1
17/11/2017 10:15:22.047,0.161133,0.292969,0.371094,0.151367,0.439453,1.416016,1
17/11/2017 10:15:23.051,0.161133,0.292969,0.366211,0.151367,0.439453,1.416016,1
17/11/2017 10:15:24.051,0.161133,0.288086,0.366211,0.146484,0.439453,1.411133,1
17/11/2017 10:15:25.054,0.161133,0.288086,0.366211,0.146484,0.439453,1.411133,1
17/11/2017 10:15:26.054,0.161133,0.288086,0.366211,0.146484,0.43457,1.411133,1
17/11/2017 10:15:27.053,0.161133,0.288086,0.366211,0.146484,0.43457,1.40625,1
17/11/2017 10:15:28.052,0.161133,0.283203,0.366211,0.146484,0.43457,1.40625,1
17/11/2017 10:15:29.052,0.161133,0.283203,0.366211,0.146484,0.43457,1.40625,1
17/11/2017 10:15:30.055,0.161133,0.283203,0.366211,0.146484,0.43457,1.401367,1
17/11/2017 10:15:31.053,0.161133,0.283203,0.366211,0.146484,0.43457,1.401367,1
17/11/2017 10:15:32.054,0.161133,0.27832,0.366211,0.146484,0.43457,1.396484,1
17/11/2017 10:15:33.052,0.161133,0.27832,0.361328,0.146484,0.43457,1.396484,1
17/11/2017 10:15:34.053,0.161133,0.27832,0.361328,0.146484,0.429687,1.396484,1
17/11/2017 10:15:35.056,0.161133,0.27832,0.361328,0.146484,0.429687,1.391602,1
17/11/2017 10:15:36.055,0.161133,0.27832,0.361328,0.141602,0.429687,1.391602,1
17/11/2017 10:15:37.054,0.15625,0.273437,0.361328,0.146484,0.429687,1.391602,1
17/11/2017 10:15:38.054,0.15625,0.273437,0.361328,0.146484,0.429687,1.386719,1
17/11/2017 10:15:39.054,0.15625,0.273437,0.361328,0.141602,0.429687,1.386719,1
17/11/2017 10:15:40.051,0.15625,0.273437,0.361328,0.141602,0.429687,1.386719,1
17/11/2017 10:15:41.055,0.15625,0.273437,0.361328,0.141602,0.429687,1.386719,1
17/11/2017 10:15:42.055,0.15625,0.268555,0.361328,0.141602,0.424805,1.381836,1
17/11/2017 10:15:43.055,0.15625,0.268555,0.361328,0.141602,0.424805,1.381836,1
17/11/2017 10:15:44.054,0.15625,0.268555,0.361328,0.141602,0.424805,1.381836,1
17/11/2017 10:15:45.058,0.15625,0.268555,0.361328,0.141602,0.424805,1.376953,1
17/11/2017 10:15:46.057,0.15625,0.268555,0.361328,0.141602,0.424805,1.376953,1
17/11/2017 10:15:47.056,0.15625,0.263672,0.356445,0.141602,0.424805,1.376953,1
17/11/2017 10:15:48.055,0.15625,0.263672,0.356445,0.141602,0.424805,1.37207,1
17/11/2017 10:15:49.058,0.15625,0.263672,0.356445,0.141602,0.424805,1.37207,1
17/11/2017 10:15:50.059,0.15625,0.263672,0.356445,0.141602,0.424805,1.37207,1
17/11/2017 10:15:51.057,0.15625,0.263672,0.356445,0.141602,0.424805,1.367187,1
17/11/2017 10:15:52.060,0.15625,0.263672,0.356445,0.141602,0.419922,1.367187,1
17/11/2017 10:15:53.061,0.15625,0.263672,0.356445,0.141602,0.419922,1.367187,1
17/11/2017 10:15:54.059,0.15625,0.258789,0.356445,0.141602,0.419922,1.367187,1
17/11/2017 10:15:55.059,0.151367,0.258789,0.356445,0.141602,0.419922,1.362305,1
17/11/2017 10:15:56.059,0.151367,0.258789,0.356445,0.136719,0.419922,1.362305,1
17/11/2017 10:15:57.057,0.151367,0.258789,0.356445,0.141602,0.419922,1.362305,1
17/11/2017 10:15:58.057,0.151367,0.258789,0.356445,0.136719,0.419922,1.357422,1
17/11/2017 10:15:59.060,0.151367,0.258789,0.351562,0.136719,0.419922,1.357422,1
17/11/2017 10:16:00.061,0.151367,0.253906,0.351562,0.136719,0.419922,1.357422,1
17/11/2017 10:16:01.060,0.151367,0.253906,0.351562,0.136719,0.419922,1.357422,1
17/11/2017 10:16:02.059,0.151367,0.253906,0.351562,0.136719,0.419922,1.352539,1
17/11/2017 10:16:03.063,0.151367,0.253906,0.351562,0.136719,0.419922,1.352539,1
17/11/2017 10:16:04.061,0.151367,0.253906,0.351562,0.136719,0.419922,1.352539,1
17/11/2017 10:16:05.062,0.151367,0.253906,0.351562,0.136719,0.415039,1.352539,1
17/11/2017 10:16:06.060,0.151367,0.253906,0.351562,0.136719,0.415039,1.347656,1
17/11/2017 10:16:07.061,0.151367,0.249023,0.351562,0.136719,0.415039,1.347656,1
17/11/2017 10:16:08.063,0.151367,0.249023,0.351562,0.136719,0.415039,1.347656,1
17/11/2017 10:16:09.062,0.151367,0.249023,0.351562,0.136719,0.415039,1.347656,1
17/11/2017 10:16:10.062,0.151367,0.249023,0.351562,0.136719,0.415039,1.347656,1
17/11/2017 10:16:11.061,0.151367,0.249023,0.351562,0.136719,0.415039,1.347656,1
17/11/2017 10:16:12.060,0.151367,0.249023,0.351562,0.136719,0.415039,1.342773,1
17/11/2017 10:16:13.064,0.151367,0.249023,0.34668,0.136719,0.415039,1.342773,1
17/11/2017 10:16:14.063,0.151367,0.249023,0.351562,0.136719,0.415039,1.342773,1
17/11/2017 10:16:15.063,0.151367,0.244141,0.34668,0.136719,0.415039,1.342773,1
17/11/2017 10:16:16.063,0.151367,0.244141,0.34668,0.136719,0.415039,1.342773,1
17/11/2017 10:16:17.061,0.151367,0.244141,0.34668,0.136719,0.415039,1.337891,1
17/11/2017 10:16:18.065,0.151367,0.244141,0.34668,0.131836,0.415039,1.337891,1
17/11/2017 10:16:19.065,0.151367,0.244141,0.34668,0.131836,0.415039,1.337891,1
17/11/2017 10:16:20.064,0.151367,0.244141,0.34668,0.136719,0.410156,1.337891,1
17/11/2017 10:16:21.063,0.151367,0.244141,0.34668,0.131836,0.410156,1.337891,1
17/11/2017 10:16:22.067,0.146484,0.244141,0.34668,0.131836,0.410156,1.333008,1
17/11/2017 10:16:23.066,0.151367,0.239258,0.34668,0.131836,0.410156,1.333008,1
17/11/2017 10:16:24.069,0.151367,0.244141,0.34668,0.131836,0.410156,1.333008,1
17/11/2017 10:16:25.068,0.146484,0.239258,0.34668,0.131836,0.410156,1.333008,1
17/11/2017 10:16:26.070,0.146484,0.239258,0.34668,0.131836,0.410156,1.333008,1
17/11/2017 10:16:27.067,0.146484,0.239258,0.34668,0.131836,0.410156,1.328125,1
17/11/2017 10:16:28.066,0.146484,0.239258,0.34668,0.131836,0.410156,1.328125,1
17/11/2017 10:16:29.069,0.146484,0.239258,0.34668,0.131836,0.410156,1.328125,1
17/11/2017 10:16:30.070,0.146484,0.239258,0.34668,0.131836,0.410156,1.328125,1
17/11/2017 10:16:31.070,0.146484,0.239258,0.34668,0.131836,0.410156,1.328125,1
17/11/2017 10:16:32.072,0.146484,0.239258,0.34668,0.131836,0.410156,1.328125,1
17/11/2017 10:16:33.072,0.146484,0.239258,0.34668,0.131836,0.405273,1.328125,1
17/11/2017 10:16:34.071,0.146484,0.234375,0.34668,0.131836,0.410156,1.328125,1
17/11/2017 10:16:35.070,0.146484,0.234375,0.341797,0.131836,0.405273,1.328125,1
17/11/2017 10:16:36.070,0.146484,0.234375,0.34668,0.131836,0.405273,1.328125,1
17/11/2017 10:16:37.073,0.146484,0.234375,0.34668,0.131836,0.405273,1.328125,1
17/11/2017 10:16:38.074,0.146484,0.234375,0.341797,0.131836,0.405273,1.323242,1
17/11/2017 10:16:39.072,0.146484,0.234375,0.341797,0.131836,0.405273,1.323242,1
17/11/2017 10:16:40.075,0.146484,0.234375,0.341797,0.131836,0.405273,1.323242,1
17/11/2017 10:16:41.075,0.146484,0.234375,0.341797,0.131836,0.405273,1.323242,1
17/11/2017 10:16:42.075,0.146484,0.234375,0.341797,0.131836,0.405273,1.323242,1
17/11/2017 10:16:43.073,0.146484,0.234375,0.341797,0.131836,0.405273,1.318359,1
17/11/2017 10:16:44.072,0.146484,0.234375,0.341797,0.131836,0.405273,1.318359,1
17/11/2017 10:16:45.076,0.146484,0.234375,0.341797,0.131836,0.405273,1.318359,1
17/11/2017 10:16:46.075,0.146484,0.234375,0.341797,0.126953,0.405273,1.318359,1
17/11/2017 10:16:47.076,0.146484,0.234375,0.341797,0.126953,0.405273,1.318359,1
17/11/2017 10:16:48.075,0.146484,0.229492,0.341797,0.131836,0.405273,1.318359,1
17/11/2017 10:16:49.074,0.146484,0.229492,0.341797,0.131836,0.405273,1.318359,1
17/11/2017 10:16:50.077,0.146484,0.229492,0.341797,0.126953,0.405273,1.313477,1
17/11/2017 10:16:51.077,0.146484,0.229492,0.336914,0.126953,0.405273,1.313477,1
17/11/2017 10:16:52.077,0.141602,0.229492,0.341797,0.126953,0.405273,1.313477,1
17/11/2017 10:16:53.076,0.146484,0.229492,0.336914,0.126953,0.405273,1.313477,1
17/11/2017 10:16:54.075,0.146484,0.229492,0.341797,0.126953,0.400391,1.313477,1
17/11/2017 10:16:55.075,0.141602,0.229492,0.341797,0.126953,0.405273,1.313477,1
17/11/2017 10:16:56.073,0.141602,0.229492,0.336914,0.126953,0.405273,1.313477,1
17/11/2017 10:16:57.076,0.141602,0.229492,0.336914,0.126953,0.400391,1.308594,1
17/11/2017 10:16:58.077,0.141602,0.229492,0.341797,0.126953,0.400391,1.308594,1
17/11/2017 10:16:59.075,0.141602,0.229492,0.336914,0.126953,0.400391,1.308594,1
17/11/2017 10:17:00.075,0.141602,0.229492,0.336914,0.126953,0.400391,1.308594,1
17/11/2017 10:17:01.075,0.141602,0.224609,0.336914,0.126953,0.400391,1.308594,1
17/11/2017 10:17:02.079,0.141602,0.224609,0.336914,0.126953,0.400391,1.308594,1
17/11/2017 10:17:03.077,0.141602,0.229492,0.336914,0.126953,0.400391,1.308594,1
17/11/2017 10:17:04.077,0.141602,0.224609,0.336914,0.126953,0.400391,1.303711,1
17/11/2017 10:17:05.078,0.141602,0.224609,0.336914,0.126953,0.400391,1.303711,1
17/11/2017 10:17:06.075,0.141602,0.224609,0.336914,0.126953,0.400391,1.303711,1
17/11/2017 10:17:07.074,0.141602,0.224609,0.336914,0.126953,0.400391,1.303711,1
17/11/2017 10:17:08.078,0.141602,0.224609,0.336914,0.126953,0.400391,1.303711,1
17/11/2017 10:17:09.079,0.141602,0.224609,0.336914,0.126953,0.400391,1.303711,1
17/11/2017 10:17:10.077,0.141602,0.224609,0.336914,0.126953,0.400391,1.303711,1
17/11/2017 10:17:11.080,0.141602,0.224609,0.336914,0.126953,0.400391,1.303711,1
17/11/2017 10:17:12.080,0.141602,0.224609,0.336914,0.126953,0.400391,1.303711,1
17/11/2017 10:17:13.079,0.141602,0.224609,0.336914,0.126953,0.400391,1.298828,1
17/11/2017 10:17:14.082,0.141602,0.224609,0.336914,0.126953,0.400391,1.298828,1
17/11/2017 10:17:15.082,0.141602,0.224609,0.336914,0.126953,0.400391,1.298828,1
17/11/2017 10:17:16.082,0.141602,0.224609,0.336914,0.126953,0.400391,1.298828,1
17/11/2017 10:17:17.082,0.141602,0.224609,0.336914,0.126953,0.400391,1.298828,1
17/11/2017 10:17:18.080,0.141602,0.224609,0.336914,0.126953,0.400391,1.298828,1
17/11/2017 10:17:19.083,0.141602,0.219727,0.336914,0.126953,0.400391,1.298828,1
17/11/2017 10:17:20.083,0.141602,0.219727,0.336914,0.126953,0.400391,1.293945,1
17/11/2017 10:17:21.082,0.141602,0.224609,0.332031,0.126953,0.400391,1.293945,1
17/11/2017 10:17:22.081,0.141602,0.219727,0.336914,0.12207,0.400391,1.293945,1
17/11/2017 10:17:23.085,0.141602,0.219727,0.332031,0.12207,0.395508,1.293945,1
17/11/2017 10:17:24.085,0.141602,0.219727,0.332031,0.12207,0.400391,1.293945,1
17/11/2017 10:17:25.083,0.141602,0.219727,0.332031,0.126953,0.395508,1.293945,1
17/11/2017 10:17:26.087,0.141602,0.219727,0.332031,0.12207,0.395508,1.293945,1
17/11/2017 10:17:27.087,0.141602,0.219727,0.332031,0.12207,0.395508,1.293945,1
17/11/2017 10:17:28.087,0.141602,0.219727,0.332031,0.12207,0.395508,1.293945,1
17/11/2017 10:17:29.085,0.141602,0.219727,0.332031,0.12207,0.395508,1.293945,1
17/11/2017 10:17:30.090,0.141602,0.219727,0.332031,0.12207,0.395508,1.293945,1
17/11/2017 10:17:31.088,0.136719,0.219727,0.332031,0.12207,0.395508,1.289062,1
17/11/2017 10:17:32.087,0.136719,0.219727,0.332031,0.12207,0.395508,1.289062,1
17/11/2017 10:17:33.091,0.136719,0.219727,0.332031,0.12207,0.395508,1.289062,1
17/11/2017 10:17:34.091,0.136719,0.219727,0.332031,0.12207,0.395508,1.289062,1
17/11/2017 10:17:35.090,0.136719,0.219727,0.332031,0.12207,0.395508,1.289062,1
17/11/2017 10:17:36.089,0.136719,0.219727,0.332031,0.12207,0.395508,1.289062,1
17/11/2017 10:17:37.089,0.136719,0.219727,0.332031,0.12207,0.395508,1.289062,1
17/11/2017 10:17:38.091,0.136719,0.219727,0.332031,0.12207,0.395508,1.289062,1
17/11/2017 10:17:39.090,0.136719,0.219727,0.332031,0.12207,0.395508,1.289062,1
17/11/2017 10:17:40.090,0.136719,0.219727,0.332031,0.12207,0.395508,1.289062,1
17/11/2017 10:17:41.090,0.136719,0.219727,0.332031,0.12207,0.395508,1.289062,1
17/11/2017 10:17:42.093,0.136719,0.214844,0.332031,0.12207,0.395508,1.289062,1
17/11/2017 10:17:43.092,0.136719,0.214844,0.332031,0.12207,0.395508,1.289062,1
17/11/2017 10:17:44.092,0.136719,0.214844,0.332031,0.12207,0.395508,1.289062,1
17/11/2017 10:17:45.092,0.136719,0.214844,0.332031,0.12207,0.395508,1.28418,1
17/11/2017 10:17:46.091,0.136719,0.214844,0.327148,0.12207,0.395508,1.28418,1
17/11/2017 10:17:47.095,0.136719,0.214844,0.332031,0.12207,0.395508,1.28418,1
17/11/2017 10:17:48.089,0.136719,0.214844,0.327148,0.12207,0.395508,1.28418,1
17/11/2017 10:17:49.093,0.136719,0.214844,0.327148,0.12207,0.395508,1.28418,1
17/11/2017 10:17:50.092,0.136719,0.214844,0.332031,0.12207,0.395508,1.28418,1
17/11/2017 10:17:51.093,0.136719,0.214844,0.327148,0.12207,0.395508,1.28418,1
17/11/2017 10:17:52.091,0.136719,0.214844,0.327148,0.12207,0.395508,1.28418,1
17/11/2017 10:17:53.096,0.136719,0.214844,0.327148,0.12207,0.395508,1.28418,1
17/11/2017 10:17:54.093,0.136719,0.214844,0.327148,0.12207,0.395508,1.28418,1
17/11/2017 10:28:06.845,0.092773,0.166016,0.253906,0.097656,0.366211,0.888672,1
17/11/2017 10:28:07.845,0.092773,0.166016,0.253906,0.097656,0.366211,0.888672,1
17/11/2017 10:28:08.846,0.092773,0.166016,0.253906,0.097656,0.366211,0.888672,1
17/11/2017 10:28:09.847,0.092773,0.166016,0.253906,0.097656,0.366211,0.888672,1
17/11/2017 10:28:10.847,0.092773,0.166016,0.253906,0.097656,0.366211,0.888672,1
17/11/2017 10:28:11.845,0.092773,0.166016,0.253906,0.097656,0.366211,0.888672,1
17/11/2017 10:28:12.845,0.092773,0.166016,0.253906,0.097656,0.366211,0.888672,1
17/11/2017 10:28:13.849,0.092773,0.166016,0.253906,0.097656,0.366211,0.888672,1
17/11/2017 10:28:14.848,0.092773,0.166016,0.253906,0.097656,0.366211,0.888672,1
17/11/2017 10:28:15.846,0.092773,0.166016,0.253906,0.097656,0.366211,0.888672,1
17/11/2017 10:28:16.850,0.092773,0.166016,0.253906,0.097656,0.366211,0.888672,1
17/11/2017 10:28:17.850,0.092773,0.166016,0.253906,0.097656,0.366211,0.888672,1
17/11/2017 10:28:18.851,0.092773,0.166016,0.253906,0.097656,0.366211,0.893555,1
17/11/2017 10:28:19.849,0.092773,0.166016,0.253906,0.097656,0.366211,0.888672,1
17/11/2017 10:28:20.849,0.092773,0.166016,0.253906,0.097656,0.366211,0.893555,1
17/11/2017 10:28:21.851,0.092773,0.166016,0.253906,0.097656,0.366211,0.888672,1
17/11/2017 10:28:22.850,0.092773,0.166016,0.253906,0.097656,0.366211,0.893555,1
17/11/2017 10:28:23.850,0.092773,0.166016,0.253906,0.097656,0.366211,0.893555,1
17/11/2017 10:28:24.850,0.092773,0.166016,0.253906,0.097656,0.366211,0.893555,1
17/11/2017 10:28:25.849,0.092773,0.166016,0.253906,0.097656,0.366211,0.893555,1
17/11/2017 10:28:26.848,0.092773,0.166016,0.253906,0.097656,0.366211,0.893555,1
17/11/2017 10:28:27.851,0.092773,0.166016,0.253906,0.097656,0.366211,0.893555,1
17/11/2017 10:28:28.850,0.092773,0.166016,0.253906,0.097656,0.366211,0.893555,1
17/11/2017 10:28:29.850,0.092773,0.170898,0.253906,0.097656,0.366211,0.893555,1
17/11/2017 10:28:30.854,0.092773,0.166016,0.253906,0.097656,0.366211,0.893555,1
17/11/2017 10:28:31.853,0.092773,0.166016,0.253906,0.097656,0.366211,0.893555,1
17/11/2017 10:28:32.852,0.092773,0.170898,0.253906,0.097656,0.366211,0.893555,1
17/11/2017 10:28:33.852,0.092773,0.166016,0.258789,0.097656,0.366211,0.893555,1
17/11/2017 10:28:34.852,0.092773,0.170898,0.253906,0.097656,0.366211,0.893555,1
17/11/2017 10:28:35.850,0.092773,0.166016,0.253906,0.097656,0.366211,0.893555,1
17/11/2017 10:28:36.854,0.092773,0.170898,0.253906,0.097656,0.366211,0.893555,1
17/11/2017 10:28:37.853,0.092773,0.170898,0.253906,0.097656,0.366211,0.893555,1
17/11/2017 10:28:38.853,0.092773,0.170898,0.253906,0.097656,0.366211,0.893555,1
17/11/2017 10:28:39.853,0.092773,0.170898,0.258789,0.097656,0.366211,0.893555,1
17/11/2017 10:28:40.855,0.092773,0.170898,0.258789,0.097656,0.366211,0.893555,1
17/11/2017 10:28:41.855,0.092773,0.166016,0.258789,0.097656,0.366211,0.893555,1
17/11/2017 10:28:42.856,0.092773,0.170898,0.258789,0.097656,0.366211,0.893555,1
17/11/2017 10:28:43.853,0.092773,0.170898,0.258789,0.097656,0.366211,0.893555,1
17/11/2017 10:28:44.852,0.092773,0.170898,0.258789,0.097656,0.366211,0.893555,1
17/11/2017 10:28:45.853,0.092773,0.170898,0.258789,0.097656,0.366211,0.893555,1
17/11/2017 10:28:46.855,0.092773,0.170898,0.258789,0.097656,0.366211,0.893555,1
17/11/2017 10:28:47.855,0.092773,0.170898,0.258789,0.097656,0.366211,0.893555,1
17/11/2017 10:28:48.855,0.092773,0.170898,0.258789,0.097656,0.366211,0.893555,1
17/11/2017 10:28:49.854,0.092773,0.170898,0.258789,0.097656,0.366211,0.893555,1
17/11/2017 10:28:50.858,0.092773,0.170898,0.258789,0.097656,0.366211,0.893555,1
17/11/2017 10:28:51.857,0.092773,0.170898,0.258789,0.097656,0.366211,0.893555,1
17/11/2017 10:28:52.855,0.092773,0.170898,0.258789,0.097656,0.366211,0.893555,1
17/11/2017 10:28:53.856,0.092773,0.170898,0.258789,0.097656,0.366211,0.893555,1
17/11/2017 10:28:54.855,0.092773,0.170898,0.258789,0.097656,0.366211,0.893555,1
17/11/2017 10:28:55.857,0.092773,0.170898,0.258789,0.097656,0.366211,0.893555,1
17/11/2017 10:28:56.858,0.092773,0.170898,0.258789,0.097656,0.366211,0.893555,1
17/11/2017 10:28:57.858,0.092773,0.170898,0.258789,0.097656,0.371094,0.893555,1
17/11/2017 10:28:58.856,0.092773,0.170898,0.258789,0.097656,0.366211,0.893555,1
17/11/2017 10:28:59.857,0.092773,0.170898,0.258789,0.097656,0.366211,0.893555,1
17/11/2017 10:29:00.860,0.092773,0.170898,0.258789,0.097656,0.371094,0.893555,1
17/11/2017 10:29:01.858,0.092773,0.170898,0.258789,0.097656,0.371094,0.893555,1
17/11/2017 10:29:02.859,0.092773,0.170898,0.258789,0.097656,0.371094,0.893555,1
17/11/2017 10:29:03.857,0.092773,0.170898,0.258789,0.097656,0.371094,0.893555,1
17/11/2017 10:29:04.857,0.092773,0.170898,0.258789,0.097656,0.371094,0.893555,1
17/11/2017 10:29:05.860,0.092773,0.170898,0.258789,0.097656,0.371094,0.893555,1
17/11/2017 10:29:06.859,0.092773,0.170898,0.258789,0.097656,0.371094,0.893555,1
17/11/2017 10:29:07.859,0.092773,0.170898,0.258789,0.097656,0.371094,0.898437,1
17/11/2017 10:29:08.857,0.092773,0.170898,0.258789,0.097656,0.371094,0.898437,1
17/11/2017 10:29:09.858,0.092773,0.170898,0.258789,0.097656,0.371094,0.893555,1
17/11/2017 10:29:10.860,0.092773,0.170898,0.258789,0.097656,0.371094,0.898437,1
17/11/2017 10:29:11.860,0.092773,0.170898,0.258789,0.097656,0.371094,0.898437,1
17/11/2017 10:29:12.860,0.092773,0.170898,0.258789,0.097656,0.371094,0.898437,1
17/11/2017 10:29:13.860,0.092773,0.170898,0.258789,0.097656,0.371094,0.898437,1
17/11/2017 10:29:14.858,0.092773,0.170898,0.258789,0.097656,0.371094,0.898437,1
17/11/2017 10:29:15.859,0.092773,0.170898,0.258789,0.097656,0.371094,0.898437,1
17/11/2017 10:29:16.861,0.092773,0.170898,0.258789,0.097656,0.371094,0.898437,1
17/11/2017 10:29:17.861,0.092773,0.170898,0.258789,0.097656,0.371094,0.898437,1
17/11/2017 10:29:18.860,0.092773,0.170898,0.258789,0.097656,0.371094,0.898437,1
17/11/2017 10:29:19.859,0.092773,0.170898,0.258789,0.097656,0.371094,0.898437,1
17/11/2017 10:29:20.862,0.092773,0.170898,0.258789,0.097656,0.371094,0.898437,1
17/11/2017 10:29:21.862,0.092773,0.170898,0.263672,0.097656,0.371094,0.898437,1
17/11/2017 10:29:22.863,0.092773,0.170898,0.258789,0.097656,0.371094,0.898437,1
17/11/2017 10:29:23.860,0.092773,0.170898,0.263672,0.097656,0.371094,0.898437,1
17/11/2017 10:29:24.864,0.092773,0.170898,0.263672,0.097656,0.371094,0.898437,1
17/11/2017 10:29:25.863,0.092773,0.170898,0.258789,0.097656,0.371094,0.898437,1
17/11/2017 10:29:26.865,0.097656,0.170898,0.263672,0.097656,0.371094,0.898437,1
17/11/2017 10:29:27.863,0.092773,0.170898,0.263672,0.097656,0.371094,0.898437,1
17/11/2017 10:29:28.866,0.092773,0.170898,0.263672,0.097656,0.371094,0.898437,1
17/11/2017 10:29:29.865,0.092773,0.170898,0.263672,0.097656,0.371094,0.898437,1
17/11/2017 10:29:30.865,0.092773,0.170898,0.263672,0.097656,0.371094,0.898437,1
17/11/2017 10:29:31.865,0.092773,0.170898,0.263672,0.097656,0.371094,0.898437,1
17/11/2017 10:29:32.867,0.097656,0.170898,0.263672,0.097656,0.371094,0.898437,1
17/11/2017 10:29:33.867,0.097656,0.170898,0.263672,0.097656,0.371094,0.898437,1
17/11/2017 10:29:34.866,0.097656,0.170898,0.263672,0.097656,0.371094,0.898437,1
17/11/2017 10:29:35.866,0.097656,0.170898,0.263672,0.097656,0.371094,0.898437,1
17/11/2017 10:29:36.870,0.097656,0.170898,0.263672,0.097656,0.371094,0.898437,1
17/11/2017 10:29:37.868,0.092773,0.175781,0.263672,0.097656,0.371094,0.898437,1
17/11/2017 10:29:38.867,0.092773,0.170898,0.263672,0.097656,0.371094,0.898437,1
17/11/2017 10:29:39.870,0.092773,0.170898,0.263672,0.097656,0.371094,0.898437,1
17/11/2017 10:29:40.870,0.092773,0.170898,0.263672,0.097656,0.371094,0.898437,1
17/11/2017 10:29:41.872,0.092773,0.170898,0.263672,0.097656,0.371094,0.898437,1
17/11/2017 10:29:42.869,0.092773,0.175781,0.263672,0.097656,0.371094,0.898437,1
17/11/2017 10:29:43.870,0.092773,0.175781,0.263672,0.097656,0.371094,0.898437,1
17/11/2017 10:29:44.872,0.097656,0.170898,0.263672,0.097656,0.371094,0.898437,1
17/11/2017 10:29:45.872,0.092773,0.175781,0.263672,0.097656,0.371094,0.898437,1
17/11/2017 10:29:46.873,0.092773,0.175781,0.263672,0.097656,0.371094,0.898437,1
17/11/2017 10:29:47.870,0.097656,0.175781,0.263672,0.097656,0.371094,0.898437,1
17/11/2017 10:29:48.869,0.097656,0.175781,0.263672,0.097656,0.371094,0.917969,1
17/11/2017 10:29:49.869,0.102539,0.19043,0.283203,0.102539,0.385742,0.976562,1
17/11/2017 10:29:50.873,0.112305,0.219727,0.317383,0.102539,0.400391,1.049805,1
17/11/2017 10:29:51.873,0.117187,0.253906,0.356445,0.112305,0.419922,1.132812,1
17/11/2017 10:29:52.871,0.126953,0.288086,0.390625,0.112305,0.439453,1.210937,1
17/11/2017 10:29:53.871,0.131836,0.317383,0.419922,0.12207,0.458984,1.289062,1
17/11/2017 10:29:54.872,0.141602,0.336914,0.444336,0.12207,0.473633,1.362305,1
17/11/2017 10:29:55.874,0.146484,0.361328,0.463867,0.126953,0.488281,1.435547,1
17/11/2017 10:29:56.873,0.151367,0.375977,0.483398,0.131836,0.498047,1.499023,1
17/11/2017 10:29:57.876,0.151367,0.390625,0.498047,0.131836,0.512695,1.557617,1
17/11/2017 10:29:58.876,0.15625,0.400391,0.512695,0.136719,0.522461,1.616211,1
17/11/2017 10:29:59.874,0.161133,0.410156,0.527344,0.136719,0.532227,1.669922,1
17/11/2017 10:30:00.874,0.161133,0.419922,0.537109,0.136719,0.541992,1.71875,1
17/11/2017 10:30:01.874,0.166016,0.429687,0.546875,0.141602,0.551758,1.762695,1
17/11/2017 10:30:02.877,0.170898,0.43457,0.556641,0.141602,0.556641,1.806641,1
17/11/2017 10:30:03.877,0.170898,0.439453,0.561523,0.141602,0.566406,1.850586,1
17/11/2017 10:30:04.877,0.170898,0.449219,0.571289,0.146484,0.571289,1.884766,1
17/11/2017 10:30:05.876,0.175781,0.454102,0.576172,0.146484,0.576172,1.923828,1
17/11/2017 10:30:06.875,0.175781,0.458984,0.585937,0.146484,0.585937,1.958008,1
17/11/2017 10:30:07.874,0.175781,0.463867,0.59082,0.151367,0.59082,1.987305,1
17/11/2017 10:30:08.875,0.180664,0.46875,0.595703,0.151367,0.595703,2.016602,1
17/11/2017 10:30:09.878,0.180664,0.473633,0.600586,0.151367,0.600586,2.045898,1
17/11/2017 10:30:10.876,0.185547,0.478516,0.605469,0.151367,0.610352,2.070312,1
17/11/2017 10:30:11.877,0.185547,0.483398,0.610352,0.15625,0.615234,2.094727,1
17/11/2017 10:30:12.875,0.185547,0.488281,0.615234,0.15625,0.620117,2.119141,1
17/11/2017 10:30:13.879,0.185547,0.488281,0.620117,0.15625,0.625,2.138672,1
17/11/2017 10:30:14.878,0.19043,0.493164,0.620117,0.15625,0.629883,2.158203,1
17/11/2017 10:30:15.878,0.19043,0.498047,0.625,0.15625,0.634766,2.177734,1
17/11/2017 10:30:16.881,0.19043,0.50293,0.629883,0.15625,0.639648,2.197266,1
17/11/2017 10:30:17.880,0.19043,0.50293,0.629883,0.15625,0.644531,2.211914,1
17/11/2017 10:30:18.879,0.19043,0.507812,0.634766,0.161133,0.649414,2.226562,1
17/11/2017 10:30:19.879,0.195312,0.512695,0.634766,0.161133,0.649414,2.246094,1
17/11/2017 10:30:20.878,0.195312,0.517578,0.639648,0.161133,0.654297,2.260742,1
17/11/2017 10:30:21.877,0.195312,0.517578,0.639648,0.161133,0.65918,2.275391,1
17/11/2017 10:30:22.881,0.195312,0.522461,0.644531,0.166016,0.65918,2.285156,1
17/11/2017 10:30:23.881,0.200195,0.527344,0.644531,0.166016,0.664062,2.299805,1
17/11/2017 10:30:24.880,0.200195,0.527344,0.644531,0.166016,0.668945,2.30957,1
17/11/2017 10:30:25.880,0.200195,0.532227,0.649414,0.166016,0.673828,2.319336,1
17/11/2017 10:30:26.878,0.200195,0.537109,0.649414,0.166016,0.678711,2.333984,1
17/11/2017 10:30:27.878,0.200195,0.537109,0.649414,0.166016,0.678711,2.34375,1
17/11/2017 10:30:28.882,0.200195,0.541992,0.654297,0.166016,0.683594,2.348633,1
17/11/2017 10:30:29.881,0.205078,0.541992,0.654297,0.170898,0.688477,2.358398,1
17/11/2017 10:30:30.880,0.205078,0.546875,0.654297,0.170898,0.688477,2.368164,1
17/11/2017 10:30:31.879,0.205078,0.546875,0.65918,0.170898,0.693359,2.37793,1
17/11/2017 10:30:32.879,0.205078,0.551758,0.65918,0.170898,0.693359,2.382812,1
17/11/2017 10:30:33.883,0.205078,0.551758,0.65918,0.170898,0.698242,2.392578,1
17/11/2017 10:30:34.882,0.205078,0.551758,0.664062,0.175781,0.703125,2.397461,1
17/11/2017 10:30:35.881,0.205078,0.556641,0.664062,0.175781,0.703125,2.407227,1
17/11/2017 10:30:36.884,0.205078,0.556641,0.664062,0.175781,0.708008,2.412109,1
17/11/2017 10:30:37.885,0.209961,0.561523,0.664062,0.175781,0.708008,2.421875,1
17/11/2017 10:30:38.883,0.209961,0.566406,0.668945,0.175781,0.712891,2.426758,1
17/11/2017 10:30:39.883,0.209961,0.566406,0.668945,0.175781,0.712891,2.436523,1
17/11/2017 10:30:40.884,0.209961,0.566406,0.668945,0.175781,0.717773,2.441406,1
17/11/2017 10:30:41.881,0.209961,0.571289,0.668945,0.180664,0.717773,2.446289,1
17/11/2017 10:30:42.881,0.209961,0.571289,0.668945,0.180664,0.722656,2.451172,1
17/11/2017 10:30:43.885,0.209961,0.576172,0.668945,0.180664,0.722656,2.456055,1
17/11/2017 10:30:44.884,0.214844,0.576172,0.673828,0.180664,0.722656,2.460937,1
17/11/2017 10:30:45.882,0.214844,0.581055,0.673828,0.180664,0.727539,2.46582,1
17/11/2017 10:30:46.882,0.214844,0.581055,0.673828,0.180664,0.727539,2.470703,1
17/11/2017 10:30:47.882,0.214844,0.585937,0.673828,0.180664,0.732422,2.475586,1
17/11/2017 10:30:48.880,0.214844,0.585937,0.673828,0.180664,0.732422,2.480469,1
17/11/2017 10:30:49.884,0.214844,0.585937,0.673828,0.185547,0.732422,2.485352,1
17/11/2017 10:30:50.883,0.214844,0.59082,0.678711,0.185547,0.737305,2.490234,1
17/11/2017 10:30:51.883,0.214844,0.59082,0.678711,0.185547,0.737305,2.490234,1
17/11/2017 10:30:52.882,0.219727,0.595703,0.678711,0.185547,0.737305,2.495117,1
17/11/2017 10:30:53.886,0.219727,0.595703,0.678711,0.185547,0.742187,2.5,1
17/11/2017 10:30:54.886,0.219727,0.595703,0.678711,0.185547,0.742187,2.504883,1
17/11/2017 10:30:55.884,0.219727,0.600586,0.678711,0.185547,0.74707,2.504883,1
17/11/2017 10:30:56.883,0.219727,0.600586,0.678711,0.185547,0.74707,2.509766,1
17/11/2017 10:30:57.887,0.219727,0.605469,0.678711,0.19043,0.74707,2.514648,1
17/11/2017 10:30:58.888,0.219727,0.605469,0.678711,0.19043,0.74707,2.514648,1
17/11/2017 10:30:59.887,0.224609,0.605469,0.678711,0.19043,0.751953,2.519531,1
17/11/2017 10:31:00.886,0.219727,0.605469,0.683594,0.19043,0.751953,2.524414,1
17/11/2017 10:31:01.885,0.224609,0.610352,0.683594,0.19043,0.751953,2.524414,1
17/11/2017 10:31:02.885,0.224609,0.610352,0.683594,0.19043,0.751953,2.524414,1
17/11/2017 10:31:03.884,0.224609,0.615234,0.683594,0.19043,0.756836,2.529297,1
17/11/2017 10:31:04.886,0.224609,0.615234,0.683594,0.19043,0.756836,2.529297,1
17/11/2017 10:31:05.886,0.224609,0.615234,0.683594,0.19043,0.756836,2.53418,1
17/11/2017 10:31:06.885,0.224609,0.615234,0.683594,0.19043,0.761719,2.539062,1
17/11/2017 10:31:07.885,0.224609,0.620117,0.683594,0.195312,0.761719,2.539062,1
17/11/2017 10:31:08.890,0.224609,0.620117,0.683594,0.195312,0.761719,2.539062,1
17/11/2017 10:31:09.888,0.224609,0.620117,0.683594,0.195312,0.761719,2.543945,1
17/11/2017 10:31:10.891,0.224609,0.625,0.683594,0.195312,0.766602,2.543945,1
17/11/2017 10:31:11.890,0.224609,0.625,0.683594,0.195312,0.766602,2.548828,1
17/11/2017 10:31:12.891,0.229492,0.625,0.688477,0.195312,0.766602,2.548828,1
17/11/2017 10:31:13.889,0.229492,0.629883,0.688477,0.195312,0.766602,2.553711,1
17/11/2017 10:31:14.890,0.229492,0.629883,0.688477,0.195312,0.766602,2.553711,1
17/11/2017 10:31:15.889,0.229492,0.629883,0.688477,0.195312,0.771484,2.558594,1
17/11/2017 10:31:16.888,0.229492,0.629883,0.688477,0.200195,0.771484,2.558594,1
17/11/2017 10:31:17.891,0.229492,0.629883,0.688477,0.200195,0.771484,2.558594,1
17/11/2017 10:31:18.891,0.229492,0.634766,0.688477,0.200195,0.771484,2.563477,1
17/11/2017 10:31:19.890,0.229492,0.634766,0.688477,0.200195,0.771484,2.563477,1
17/11/2017 10:31:20.890,0.229492,0.634766,0.688477,0.200195,0.771484,2.563477,1
17/11/2017 10:31:21.888,0.229492,0.639648,0.688477,0.200195,0.776367,2.563477,1
17/11/2017 10:31:22.887,0.229492,0.639648,0.688477,0.200195,0.776367,2.563477,1
17/11/2017 10:31:23.887,0.229492,0.639648,0.688477,0.200195,0.776367,2.563477,1
17/11/2017 10:31:24.891,0.229492,0.639648,0.688477,0.200195,0.776367,2.568359,1
17/11/2017 10:31:25.890,0.229492,0.644531,0.688477,0.200195,0.776367,2.568359,1
17/11/2017 10:31:26.890,0.234375,0.644531,0.688477,0.200195,0.776367,2.568359,1
17/11/2017 10:31:27.890,0.234375,0.644531,0.688477,0.200195,0.78125,2.568359,1
17/11/2017 10:31:28.892,0.234375,0.644531,0.688477,0.205078,0.78125,2.573242,1
17/11/2017 10:31:29.893,0.234375,0.649414,0.688477,0.205078,0.78125,2.573242,1
17/11/2017 10:31:30.891,0.234375,0.649414,0.688477,0.200195,0.78125,2.573242,1
17/11/2017 10:31:31.894,0.234375,0.649414,0.688477,0.200195,0.78125,2.578125,1
17/11/2017 10:31:32.894,0.234375,0.649414,0.693359,0.205078,0.78125,2.578125,1
17/11/2017 10:31:33.893,0.234375,0.654297,0.693359,0.205078,0.78125,2.578125,1
17/11/2017 10:31:34.892,0.234375,0.654297,0.693359,0.205078,0.786133,2.578125,1
17/11/2017 10:31:35.892,0.234375,0.654297,0.693359,0.205078,0.786133,2.578125,1
17/11/2017 10:31:36.890,0.234375,0.654297,0.693359,0.205078,0.786133,2.578125,1
17/11/2017 10:31:37.895,0.234375,0.654297,0.693359,0.205078,0.786133,2.578125,1
17/11/2017 10:31:38.895,0.239258,0.65918,0.693359,0.205078,0.786133,2.578125,1
17/11/2017 10:31:39.893,0.239258,0.65918,0.693359,0.205078,0.786133,2.578125,1
17/11/2017 10:31:40.894,0.239258,0.65918,0.693359,0.205078,0.786133,2.578125,1
17/11/2017 10:31:41.891,0.239258,0.65918,0.693359,0.205078,0.791016,2.583008,1
17/11/2017 10:31:42.897,0.239258,0.664062,0.693359,0.205078,0.791016,2.583008,1
17/11/2017 10:31:43.895,0.239258,0.65918,0.693359,0.205078,0.791016,2.583008,1
17/11/2017 10:31:44.894,0.239258,0.664062,0.693359,0.205078,0.791016,2.583008,1
17/11/2017 10:31:45.895,0.239258,0.664062,0.693359,0.209961,0.791016,2.587891,1
17/11/2017 10:31:46.893,0.239258,0.664062,0.693359,0.209961,0.791016,2.587891,1
17/11/2017 10:31:47.898,0.239258,0.664062,0.693359,0.209961,0.791016,2.587891,1
17/11/2017 10:31:48.892,0.239258,0.664062,0.693359,0.209961,0.791016,2.587891,1
17/11/2017 10:31:49.896,0.244141,0.668945,0.693359,0.209961,0.791016,2.587891,1
17/11/2017 10:31:50.895,0.239258,0.668945,0.693359,0.209961,0.791016,2.592773,1
17/11/2017 10:31:51.894,0.239258,0.668945,0.693359,0.209961,0.795898,2.592773,1
17/11/2017 10:31:52.894,0.239258,0.668945,0.693359,0.209961,0.795898,2.592773,1
17/11/2017 10:31:53.897,0.239258,0.668945,0.693359,0.209961,0.795898,2.592773,1
17/11/2017 10:31:54.896,0.244141,0.673828,0.693359,0.209961,0.795898,2.592773,1
17/11/2017 10:31:55.895,0.239258,0.673828,0.693359,0.209961,0.795898,2.592773,1
17/11/2017 10:31:56.896,0.244141,0.673828,0.693359,0.214844,0.795898,2.592773,1
17/11/2017 10:31:57.893,0.244141,0.673828,0.693359,0.209961,0.795898,2.592773,1
17/11/2017 10:31:58.893,0.244141,0.673828,0.693359,0.209961,0.795898,2.592773,1
17/11/2017 10:31:59.893,0.244141,0.673828,0.693359,0.209961,0.795898,2.592773,1
17/11/2017 10:32:00.897,0.244141,0.673828,0.693359,0.214844,0.795898,2.597656,1
17/11/2017 10:32:01.897,0.244141,0.678711,0.693359,0.214844,0.795898,2.597656,1
17/11/2017 10:32:02.896,0.244141,0.678711,0.693359,0.214844,0.800781,2.597656,1
17/11/2017 10:32:03.895,0.244141,0.678711,0.698242,0.214844,0.800781,2.597656,1
17/11/2017 10:32:04.898,0.244141,0.678711,0.698242,0.214844,0.800781,2.592773,1
17/11/2017 10:32:05.898,0.244141,0.678711,0.698242,0.214844,0.800781,2.592773,1
17/11/2017 10:32:06.896,0.244141,0.678711,0.698242,0.214844,0.800781,2.597656,1
17/11/2017 10:32:07.897,0.244141,0.678711,0.698242,0.214844,0.800781,2.592773,1
17/11/2017 10:32:08.900,0.244141,0.678711,0.698242,0.214844,0.800781,2.592773,1
17/11/2017 10:32:09.898,0.244141,0.683594,0.698242,0.214844,0.800781,2.592773,1
17/11/2017 10:32:10.903,0.244141,0.683594,0.698242,0.214844,0.800781,2.592773,1
17/11/2017 10:32:11.901,0.249023,0.683594,0.698242,0.214844,0.800781,2.592773,1
17/11/2017 10:32:12.901,0.249023,0.683594,0.698242,0.214844,0.800781,2.592773,1
17/11/2017 10:32:13.902,0.249023,0.683594,0.698242,0.214844,0.800781,2.592773,1
17/11/2017 10:32:14.901,0.249023,0.683594,0.698242,0.214844,0.800781,2.592773,1
17/11/2017 10:32:15.903,0.249023,0.688477,0.698242,0.214844,0.805664,2.592773,1
17/11/2017 10:32:16.902,0.249023,0.683594,0.698242,0.214844,0.805664,2.592773,1
17/11/2017 10:32:17.904,0.249023,0.688477,0.698242,0.214844,0.805664,2.592773,1
17/11/2017 10:32:18.907,0.249023,0.688477,0.698242,0.214844,0.805664,2.592773,1
17/11/2017 10:32:19.900,0.249023,0.688477,0.698242,0.214844,0.805664,2.597656,1
17/11/2017 10:32:20.905,0.249023,0.688477,0.698242,0.219727,0.805664,2.592773,1
17/11/2017 10:32:21.905,0.249023,0.688477,0.698242,0.214844,0.805664,2.597656,1
17/11/2017 10:32:22.904,0.249023,0.688477,0.698242,0.219727,0.805664,2.597656,1
17/11/2017 10:32:23.907,0.249023,0.688477,0.698242,0.219727,0.805664,2.597656,1
17/11/2017 10:32:24.906,0.249023,0.688477,0.698242,0.219727,0.805664,2.597656,1
17/11/2017 10:32:25.906,0.249023,0.688477,0.698242,0.219727,0.805664,2.597656,1
17/11/2017 10:32:26.904,0.249023,0.693359,0.698242,0.219727,0.805664,2.597656,1
17/11/2017 10:32:27.905,0.249023,0.693359,0.698242,0.219727,0.805664,2.597656,1
17/11/2017 10:32:28.904,0.249023,0.693359,0.698242,0.219727,0.805664,2.597656,1
17/11/2017 10:32:29.906,0.249023,0.693359,0.698242,0.219727,0.805664,2.597656,1
17/11/2017 10:32:30.907,0.253906,0.693359,0.698242,0.219727,0.805664,2.597656,1
17/11/2017 10:32:31.905,0.253906,0.693359,0.698242,0.219727,0.805664,2.597656,1
17/11/2017 10:32:32.910,0.253906,0.693359,0.698242,0.219727,0.805664,2.597656,1
17/11/2017 10:32:33.907,0.253906,0.693359,0.698242,0.219727,0.805664,2.597656,1
17/11/2017 10:32:34.908,0.253906,0.693359,0.698242,0.219727,0.810547,2.597656,1
17/11/2017 10:32:35.909,0.253906,0.693359,0.698242,0.219727,0.810547,2.597656,1
17/11/2017 10:32:36.911,0.253906,0.693359,0.698242,0.219727,0.805664,2.597656,1
17/11/2017 10:32:37.909,0.253906,0.693359,0.698242,0.219727,0.810547,2.597656,1
17/11/2017 10:32:38.910,0.253906,0.693359,0.698242,0.219727,0.810547,2.597656,1
17/11/2017 10:32:39.909,0.253906,0.698242,0.698242,0.219727,0.810547,2.597656,1
17/11/2017 10:32:40.909,0.253906,0.698242,0.698242,0.219727,0.810547,2.597656,1
17/11/2017 10:32:41.907,0.253906,0.698242,0.698242,0.219727,0.810547,2.597656,1
17/11/2017 10:32:42.907,0.253906,0.698242,0.698242,0.224609,0.810547,2.597656,1
17/11/2017 10:32:43.910,0.253906,0.698242,0.698242,0.224609,0.810547,2.597656,1
17/11/2017 10:32:44.910,0.253906,0.698242,0.698242,0.224609,0.810547,2.597656,1
17/11/2017 10:32:45.909,0.253906,0.698242,0.698242,0.219727,0.810547,2.597656,1
17/11/2017 10:32:46.909,0.253906,0.698242,0.698242,0.224609,0.810547,2.597656,1
17/11/2017 10:32:47.911,0.253906,0.698242,0.703125,0.224609,0.810547,2.597656,1
17/11/2017 10:32:48.912,0.253906,0.698242,0.698242,0.224609,0.810547,2.597656,1
17/11/2017 10:32:49.910,0.253906,0.698242,0.703125,0.224609,0.810547,2.597656,1
17/11/2017 10:32:50.910,0.253906,0.698242,0.703125,0.224609,0.810547,2.597656,1
17/11/2017 10:32:51.910,0.253906,0.703125,0.703125,0.224609,0.810547,2.597656,1
17/11/2017 10:32:52.914,0.253906,0.703125,0.703125,0.224609,0.810547,2.597656,1
17/11/2017 10:32:53.912,0.253906,0.703125,0.703125,0.224609,0.810547,2.602539,1
17/11/2017 10:32:54.912,0.253906,0.703125,0.703125,0.224609,0.810547,2.602539,1
17/11/2017 10:32:55.916,0.258789,0.703125,0.703125,0.224609,0.810547,2.602539,1
17/11/2017 10:32:56.915,0.258789,0.703125,0.703125,0.224609,0.810547,2.602539,1
17/11/2017 10:32:57.915,0.258789,0.703125,0.703125,0.224609,0.810547,2.602539,1
17/11/2017 10:32:58.917,0.258789,0.703125,0.703125,0.224609,0.810547,2.602539,1
17/11/2017 10:32:59.916,0.258789,0.703125,0.703125,0.224609,0.81543,2.602539,1
17/11/2017 10:33:00.915,0.258789,0.703125,0.703125,0.224609,0.81543,2.602539,1
17/11/2017 10:33:01.916,0.258789,0.703125,0.703125,0.224609,0.81543,2.602539,1
17/11/2017 10:33:02.915,0.258789,0.703125,0.703125,0.224609,0.81543,2.602539,1
17/11/2017 10:33:03.918,0.258789,0.708008,0.703125,0.224609,0.81543,2.602539,1
17/11/2017 10:33:04.918,0.258789,0.703125,0.703125,0.224609,0.81543,2.602539,1
17/11/2017 10:33:05.917,0.258789,0.708008,0.703125,0.224609,0.81543,2.602539,1
17/11/2017 10:33:06.920,0.258789,0.708008,0.703125,0.224609,0.81543,2.607422,1
17/11/2017 10:33:07.920,0.258789,0.708008,0.703125,0.224609,0.81543,2.607422,1
17/11/2017 10:33:08.920,0.258789,0.708008,0.703125,0.224609,0.81543,2.607422,1
17/11/2017 10:33:09.918,0.258789,0.708008,0.703125,0.224609,0.81543,2.607422,1
17/11/2017 10:33:10.917,0.258789,0.708008,0.703125,0.229492,0.81543,2.607422,1
17/11/2017 10:33:11.918,0.258789,0.708008,0.703125,0.224609,0.81543,2.607422,1
17/11/2017 10:33:12.921,0.258789,0.708008,0.703125,0.229492,0.81543,2.607422,1
17/11/2017 10:33:13.920,0.258789,0.708008,0.703125,0.224609,0.81543,2.607422,1
17/11/2017 10:33:14.920,0.258789,0.708008,0.703125,0.229492,0.81543,2.607422,1
17/11/2017 10:33:15.918,0.258789,0.708008,0.703125,0.229492,0.81543,2.607422,1
17/11/2017 10:33:16.919,0.258789,0.708008,0.703125,0.229492,0.81543,2.607422,1
17/11/2017 10:33:17.917,0.258789,0.708008,0.703125,0.229492,0.81543,2.607422,1
17/11/2017 10:33:18.921,0.258789,0.708008,0.703125,0.229492,0.81543,2.607422,1
17/11/2017 10:33:19.921,0.258789,0.708008,0.703125,0.229492,0.81543,2.607422,1
17/11/2017 10:33:20.920,0.258789,0.708008,0.703125,0.229492,0.81543,2.607422,1
17/11/2017 10:33:21.919,0.258789,0.708008,0.703125,0.229492,0.81543,2.607422,1
17/11/2017 10:33:22.922,0.258789,0.712891,0.703125,0.229492,0.81543,2.607422,1
17/11/2017 10:33:23.921,0.258789,0.712891,0.703125,0.229492,0.820312,2.607422,1
17/11/2017 10:33:24.922,0.258789,0.712891,0.703125,0.229492,0.81543,2.607422,1
17/11/2017 10:33:25.921,0.263672,0.712891,0.703125,0.229492,0.81543,2.607422,1
17/11/2017 10:33:26.925,0.263672,0.712891,0.703125,0.229492,0.81543,2.607422,1
17/11/2017 10:33:27.924,0.263672,0.712891,0.703125,0.229492,0.820312,2.607422,1
17/11/2017 10:33:28.922,0.263672,0.712891,0.703125,0.229492,0.81543,2.607422,1
17/11/2017 10:33:29.922,0.263672,0.712891,0.703125,0.229492,0.820312,2.607422,1
17/11/2017 10:33:30.926,0.263672,0.712891,0.703125,0.229492,0.81543,2.607422,1
17/11/2017 10:33:31.926,0.263672,0.712891,0.703125,0.229492,0.820312,2.607422,1
17/11/2017 10:33:32.925,0.263672,0.712891,0.703125,0.229492,0.820312,2.607422,1
17/11/2017 10:33:33.924,0.263672,0.712891,0.708008,0.229492,0.820312,2.607422,1
17/11/2017 10:33:34.926,0.263672,0.712891,0.708008,0.229492,0.820312,2.607422,1
17/11/2017 10:33:35.927,0.263672,0.712891,0.703125,0.229492,0.820312,2.607422,1
17/11/2017 10:33:36.927,0.263672,0.712891,0.703125,0.229492,0.820312,2.607422,1
17/11/2017 10:33:37.930,0.263672,0.712891,0.703125,0.229492,0.820312,2.607422,1
17/11/2017 10:33:38.929,0.263672,0.712891,0.703125,0.229492,0.820312,2.607422,1
17/11/2017 10:33:39.928,0.263672,0.717773,0.703125,0.229492,0.820312,2.602539,1
17/11/2017 10:33:40.931,0.263672,0.712891,0.708008,0.229492,0.820312,2.602539,1
17/11/2017 10:33:41.931,0.263672,0.717773,0.708008,0.229492,0.820312,2.602539,1
17/11/2017 10:33:42.931,0.263672,0.717773,0.708008,0.229492,0.820312,2.602539,1
17/11/2017 10:33:43.930,0.263672,0.717773,0.703125,0.229492,0.820312,2.602539,1
17/11/2017 10:33:44.934,0.263672,0.717773,0.708008,0.229492,0.820312,2.607422,1
17/11/2017 10:33:45.932,0.263672,0.717773,0.708008,0.229492,0.820312,2.607422,1
17/11/2017 10:33:46.932,0.263672,0.717773,0.708008,0.229492,0.820312,2.602539,1
17/11/2017 10:33:47.932,0.263672,0.717773,0.708008,0.229492,0.820312,2.602539,1
17/11/2017 10:33:48.930,0.263672,0.717773,0.708008,0.229492,0.820312,2.607422,1
17/11/2017 10:33:49.934,0.263672,0.717773,0.708008,0.229492,0.820312,2.607422,1
17/11/2017 10:33:50.934,0.263672,0.717773,0.708008,0.234375,0.820312,2.602539,1
17/11/2017 10:33:51.932,0.263672,0.717773,0.708008,0.234375,0.820312,2.602539,1
17/11/2017 10:33:52.932,0.263672,0.717773,0.708008,0.234375,0.820312,2.607422,1
17/11/2017 10:33:53.935,0.263672,0.717773,0.708008,0.234375,0.820312,2.607422,1
17/11/2017 10:33:54.936,0.263672,0.717773,0.708008,0.234375,0.820312,2.607422,1
17/11/2017 10:33:55.935,0.263672,0.717773,0.708008,0.234375,0.820312,2.607422,1
17/11/2017 10:33:56.934,0.263672,0.717773,0.708008,0.234375,0.820312,2.607422,1
17/11/2017 10:33:57.934,0.263672,0.717773,0.708008,0.234375,0.820312,2.607422,1
17/11/2017 10:33:58.937,0.268555,0.717773,0.708008,0.234375,0.820312,2.607422,1
17/11/2017 10:33:59.935,0.263672,0.717773,0.708008,0.234375,0.820312,2.607422,1
17/11/2017 10:34:00.935,0.268555,0.717773,0.708008,0.234375,0.820312,2.607422,1
17/11/2017 10:34:01.935,0.263672,0.717773,0.708008,0.234375,0.820312,2.607422,1
17/11/2017 10:34:02.935,0.268555,0.717773,0.708008,0.234375,0.820312,2.607422,1
17/11/2017 10:34:03.938,0.268555,0.717773,0.708008,0.234375,0.820312,2.607422,1
17/11/2017 10:34:04.937,0.268555,0.717773,0.708008,0.234375,0.820312,2.607422,1
17/11/2017 10:34:05.937,0.268555,0.717773,0.708008,0.234375,0.820312,2.607422,1
17/11/2017 10:34:06.935,0.268555,0.717773,0.708008,0.234375,0.825195,2.607422,1
17/11/2017 10:34:07.935,0.268555,0.717773,0.708008,0.234375,0.820312,2.607422,1
17/11/2017 10:34:08.938,0.268555,0.717773,0.708008,0.234375,0.820312,2.607422,1
17/11/2017 10:34:09.937,0.268555,0.722656,0.708008,0.234375,0.825195,2.607422,1
17/11/2017 10:34:10.939,0.268555,0.722656,0.708008,0.234375,0.825195,2.607422,1
17/11/2017 10:34:11.936,0.268555,0.717773,0.708008,0.234375,0.825195,2.607422,1
17/11/2017 10:34:12.935,0.268555,0.722656,0.708008,0.234375,0.825195,2.607422,1
17/11/2017 10:34:13.938,0.268555,0.717773,0.708008,0.234375,0.825195,2.607422,1
17/11/2017 10:34:14.938,0.268555,0.722656,0.708008,0.234375,0.825195,2.607422,1
17/11/2017 10:34:15.939,0.268555,0.722656,0.708008,0.234375,0.825195,2.607422,1
17/11/2017 10:34:16.941,0.268555,0.722656,0.708008,0.234375,0.825195,2.607422,1
17/11/2017 10:34:17.941,0.268555,0.722656,0.708008,0.234375,0.825195,2.607422,1
17/11/2017 10:34:18.940,0.268555,0.722656,0.708008,0.234375,0.825195,2.607422,1
17/11/2017 10:34:19.939,0.268555,0.722656,0.708008,0.234375,0.825195,2.607422,1
17/11/2017 10:34:20.939,0.268555,0.722656,0.708008,0.234375,0.825195,2.607422,1
17/11/2017 10:34:21.939,0.268555,0.722656,0.708008,0.234375,0.825195,2.607422,1
17/11/2017 10:34:22.939,0.268555,0.722656,0.708008,0.234375,0.825195,2.607422,1
17/11/2017 10:34:23.940,0.268555,0.722656,0.708008,0.234375,0.825195,2.607422,1
17/11/2017 10:34:24.941,0.268555,0.722656,0.708008,0.234375,0.825195,2.607422,1
17/11/2017 10:34:25.940,0.268555,0.722656,0.708008,0.234375,0.825195,2.607422,1
17/11/2017 10:34:26.939,0.268555,0.722656,0.708008,0.234375,0.825195,2.612305,1
17/11/2017 10:34:27.942,0.268555,0.722656,0.708008,0.234375,0.825195,2.612305,1
17/11/2017 10:34:28.942,0.268555,0.722656,0.708008,0.234375,0.825195,2.607422,1
17/11/2017 10:34:29.941,0.268555,0.722656,0.708008,0.234375,0.825195,2.612305,1
17/11/2017 10:34:30.940,0.268555,0.722656,0.708008,0.234375,0.825195,2.607422,1
17/11/2017 10:34:31.944,0.268555,0.722656,0.708008,0.234375,0.825195,2.607422,1
17/11/2017 10:34:32.944,0.268555,0.722656,0.708008,0.234375,0.825195,2.607422,1
17/11/2017 10:34:33.945,0.268555,0.722656,0.708008,0.234375,0.825195,2.607422,1
17/11/2017 10:34:34.943,0.268555,0.722656,0.708008,0.234375,0.825195,2.607422,1
17/11/2017 10:34:35.941,0.268555,0.722656,0.708008,0.234375,0.825195,2.607422,1
17/11/2017 10:34:36.945,0.268555,0.722656,0.708008,0.234375,0.825195,2.607422,1
17/11/2017 10:34:37.945,0.268555,0.722656,0.708008,0.234375,0.825195,2.607422,1
17/11/2017 10:34:38.945,0.273437,0.722656,0.708008,0.234375,0.825195,2.607422,1
17/11/2017 10:34:39.943,0.273437,0.722656,0.708008,0.234375,0.825195,2.607422,1
17/11/2017 10:34:40.943,0.273437,0.722656,0.708008,0.234375,0.825195,2.607422,1
17/11/2017 10:34:41.947,0.273437,0.722656,0.708008,0.234375,0.825195,2.602539,1
17/11/2017 10:34:42.944,0.273437,0.722656,0.708008,0.234375,0.825195,2.602539,1
17/11/2017 10:34:43.945,0.273437,0.722656,0.708008,0.234375,0.825195,2.602539,1
17/11/2017 10:34:44.944,0.273437,0.722656,0.708008,0.234375,0.825195,2.602539,1
17/11/2017 10:34:45.947,0.273437,0.727539,0.708008,0.234375,0.825195,2.607422,1
17/11/2017 10:34:46.948,0.273437,0.727539,0.708008,0.234375,0.825195,2.602539,1
17/11/2017 10:34:47.946,0.273437,0.727539,0.708008,0.234375,0.825195,2.607422,1
17/11/2017 10:34:48.946,0.273437,0.727539,0.708008,0.234375,0.825195,2.602539,1
17/11/2017 10:34:49.945,0.273437,0.727539,0.708008,0.234375,0.825195,2.602539,1
17/11/2017 10:34:50.948,0.273437,0.727539,0.708008,0.234375,0.825195,2.602539,1
17/11/2017 10:34:51.948,0.273437,0.727539,0.708008,0.234375,0.825195,2.602539,1
17/11/2017 10:34:52.951,0.273437,0.727539,0.712891,0.234375,0.825195,2.602539,1
17/11/2017 10:34:53.950,0.273437,0.727539,0.708008,0.239258,0.825195,2.602539,1
17/11/2017 10:34:54.951,0.273437,0.727539,0.712891,0.239258,0.825195,2.602539,1
17/11/2017 10:34:55.950,0.273437,0.727539,0.712891,0.234375,0.825195,2.602539,1
17/11/2017 10:34:56.949,0.273437,0.727539,0.712891,0.234375,0.825195,2.602539,1
17/11/2017 10:34:57.949,0.273437,0.727539,0.712891,0.239258,0.825195,2.602539,1
17/11/2017 10:34:58.953,0.273437,0.727539,0.712891,0.239258,0.825195,2.597656,1
17/11/2017 10:34:59.951,0.273437,0.727539,0.712891,0.239258,0.825195,2.597656,1
17/11/2017 10:35:00.955,0.273437,0.727539,0.712891,0.239258,0.830078,2.597656,1
17/11/2017 10:35:01.955,0.273437,0.727539,0.712891,0.239258,0.830078,2.597656,1
17/11/2017 10:35:02.952,0.273437,0.727539,0.712891,0.239258,0.830078,2.597656,1
17/11/2017 10:35:03.952,0.273437,0.727539,0.712891,0.239258,0.830078,2.597656,1
17/11/2017 10:35:04.952,0.273437,0.727539,0.712891,0.239258,0.825195,2.602539,1
17/11/2017 10:35:05.955,0.273437,0.727539,0.712891,0.239258,0.825195,2.602539,1
17/11/2017 10:35:06.955,0.273437,0.727539,0.712891,0.239258,0.830078,2.597656,1
17/11/2017 10:35:07.955,0.273437,0.727539,0.712891,0.239258,0.830078,2.597656,1
17/11/2017 10:35:08.957,0.273437,0.727539,0.712891,0.239258,0.830078,2.597656,1
17/11/2017 10:35:09.956,0.273437,0.727539,0.712891,0.239258,0.830078,2.597656,1
17/11/2017 10:35:10.956,0.273437,0.727539,0.712891,0.239258,0.830078,2.597656,1
17/11/2017 10:35:11.957,0.273437,0.727539,0.712891,0.239258,0.830078,2.597656,1
17/11/2017 10:35:12.959,0.273437,0.727539,0.712891,0.239258,0.830078,2.597656,1
17/11/2017 10:35:13.958,0.273437,0.727539,0.712891,0.239258,0.830078,2.597656,1
17/11/2017 10:35:14.957,0.273437,0.727539,0.712891,0.239258,0.830078,2.597656,1
17/11/2017 10:35:15.957,0.273437,0.727539,0.712891,0.239258,0.830078,2.597656,1
17/11/2017 10:35:16.956,0.273437,0.727539,0.712891,0.239258,0.830078,2.597656,1
17/11/2017 10:35:17.960,0.273437,0.727539,0.712891,0.239258,0.830078,2.597656,1
17/11/2017 10:35:18.958,0.273437,0.727539,0.712891,0.239258,0.830078,2.597656,1
17/11/2017 10:35:19.960,0.273437,0.727539,0.712891,0.239258,0.830078,2.597656,1
17/11/2017 10:35:20.958,0.273437,0.727539,0.712891,0.239258,0.830078,2.597656,1
17/11/2017 10:35:21.958,0.273437,0.727539,0.712891,0.239258,0.830078,2.597656,1
17/11/2017 10:35:22.962,0.273437,0.732422,0.712891,0.239258,0.830078,2.597656,1
17/11/2017 10:35:23.961,0.273437,0.727539,0.712891,0.239258,0.830078,2.597656,1
17/11/2017 10:35:24.961,0.273437,0.727539,0.712891,0.239258,0.830078,2.597656,1
17/11/2017 10:35:25.959,0.27832,0.727539,0.712891,0.239258,0.830078,2.597656,1
17/11/2017 10:35:26.963,0.273437,0.727539,0.712891,0.239258,0.830078,2.597656,1
17/11/2017 10:35:27.962,0.273437,0.732422,0.712891,0.239258,0.830078,2.597656,1
17/11/2017 10:35:28.961,0.273437,0.732422,0.712891,0.239258,0.830078,2.597656,1
17/11/2017 10:35:29.961,0.273437,0.732422,0.712891,0.239258,0.830078,2.597656,1
17/11/2017 10:35:30.960,0.27832,0.727539,0.712891,0.239258,0.830078,2.597656,1
17/11/2017 10:35:31.963,0.273437,0.727539,0.712891,0.239258,0.830078,2.597656,1
17/11/2017 10:35:32.963,0.273437,0.727539,0.712891,0.239258,0.830078,2.597656,1
17/11/2017 10:35:33.962,0.273437,0.732422,0.712891,0.239258,0.830078,2.592773,1
17/11/2017 10:35:34.961,0.273437,0.727539,0.712891,0.239258,0.830078,2.592773,1
17/11/2017 10:35:35.961,0.273437,0.727539,0.712891,0.239258,0.830078,2.592773,1
17/11/2017 10:35:36.960,0.27832,0.727539,0.712891,0.239258,0.830078,2.592773,1
17/11/2017 10:35:37.965,0.27832,0.727539,0.712891,0.239258,0.830078,2.592773,1
17/11/2017 10:35:38.963,0.273437,0.727539,0.712891,0.239258,0.830078,2.592773,1
17/11/2017 10:35:39.964,0.27832,0.727539,0.712891,0.239258,0.830078,2.592773,1
17/11/2017 10:35:40.967,0.27832,0.732422,0.712891,0.239258,0.830078,2.592773,1
17/11/2017 10:35:41.964,0.27832,0.732422,0.712891,0.239258,0.830078,2.592773,1
17/11/2017 10:35:42.964,0.27832,0.732422,0.712891,0.239258,0.830078,2.592773,1
17/11/2017 10:35:43.964,0.27832,0.727539,0.712891,0.239258,0.830078,2.592773,1
17/11/2017 10:35:44.963,0.27832,0.727539,0.712891,0.239258,0.830078,2.592773,1
17/11/2017 10:35:45.968,0.27832,0.732422,0.712891,0.239258,0.830078,2.592773,1
17/11/2017 10:35:46.965,0.27832,0.732422,0.712891,0.239258,0.830078,2.592773,1
17/11/2017 10:35:47.966,0.27832,0.732422,0.712891,0.239258,0.830078,2.592773,1
17/11/2017 10:35:48.964,0.27832,0.732422,0.712891,0.239258,0.830078,2.592773,1
17/11/2017 10:35:49.969,0.27832,0.732422,0.712891,0.239258,0.830078,2.592773,1
17/11/2017 10:35:50.967,0.27832,0.732422,0.712891,0.239258,0.830078,2.592773,1
17/11/2017 10:35:51.967,0.27832,0.732422,0.712891,0.239258,0.830078,2.592773,1
17/11/2017 10:35:52.966,0.27832,0.732422,0.712891,0.239258,0.830078,2.592773,1
17/11/2017 10:35:53.971,0.27832,0.732422,0.712891,0.239258,0.830078,2.592773,1
17/11/2017 10:35:54.969,0.27832,0.732422,0.712891,0.239258,0.830078,2.592773,1
17/11/2017 10:35:55.969,0.27832,0.732422,0.712891,0.239258,0.830078,2.592773,1
17/11/2017 10:35:56.968,0.27832,0.732422,0.712891,0.239258,0.830078,2.592773,1
17/11/2017 10:35:57.972,0.27832,0.732422,0.712891,0.239258,0.830078,2.592773,1
17/11/2017 10:35:58.971,0.27832,0.732422,0.712891,0.239258,0.830078,2.592773,1
17/11/2017 10:35:59.971,0.27832,0.732422,0.712891,0.239258,0.830078,2.587891,1
17/11/2017 10:36:00.969,0.27832,0.732422,0.712891,0.239258,0.830078,2.587891,1
17/11/2017 10:36:01.970,0.27832,0.732422,0.712891,0.239258,0.830078,2.587891,1
17/11/2017 10:36:02.969,0.27832,0.732422,0.712891,0.239258,0.830078,2.587891,1
17/11/2017 10:36:03.967,0.27832,0.732422,0.712891,0.239258,0.830078,2.587891,1
17/11/2017 10:36:04.971,0.27832,0.732422,0.712891,0.239258,0.830078,2.587891,1
17/11/2017 10:36:05.971,0.27832,0.732422,0.712891,0.239258,0.830078,2.587891,1
17/11/2017 10:36:06.969,0.27832,0.732422,0.712891,0.239258,0.830078,2.587891,1
17/11/2017 10:36:07.969,0.27832,0.732422,0.712891,0.239258,0.830078,2.587891,1
17/11/2017 10:36:08.972,0.27832,0.732422,0.712891,0.239258,0.830078,2.587891,1
17/11/2017 10:36:09.973,0.27832,0.732422,0.712891,0.239258,0.830078,2.587891,1
17/11/2017 10:36:10.971,0.27832,0.732422,0.712891,0.239258,0.830078,2.587891,1
17/11/2017 10:36:11.971,0.27832,0.732422,0.717773,0.239258,0.830078,2.587891,1
17/11/2017 10:36:12.974,0.27832,0.732422,0.717773,0.239258,0.830078,2.587891,1
17/11/2017 10:36:13.973,0.27832,0.732422,0.717773,0.239258,0.830078,2.587891,1
17/11/2017 10:36:14.973,0.27832,0.732422,0.717773,0.239258,0.830078,2.592773,1
17/11/2017 10:36:15.973,0.27832,0.732422,0.717773,0.239258,0.830078,2.592773,1
17/11/2017 10:36:16.972,0.27832,0.732422,0.717773,0.239258,0.834961,2.592773,1
17/11/2017 10:36:17.974,0.27832,0.732422,0.717773,0.239258,0.830078,2.592773,1
17/11/2017 10:36:18.974,0.27832,0.732422,0.717773,0.239258,0.830078,2.592773,1
17/11/2017 10:36:19.973,0.27832,0.732422,0.717773,0.239258,0.830078,2.592773,1
17/11/2017 10:36:20.978,0.27832,0.732422,0.717773,0.239258,0.830078,2.592773,1
17/11/2017 10:36:21.977,0.27832,0.732422,0.717773,0.239258,0.834961,2.592773,1
17/11/2017 10:36:22.976,0.27832,0.732422,0.717773,0.239258,0.830078,2.592773,1
17/11/2017 10:36:23.976,0.27832,0.732422,0.717773,0.239258,0.830078,2.592773,1
17/11/2017 10:36:24.975,0.27832,0.732422,0.717773,0.239258,0.830078,2.592773,1
17/11/2017 10:36:25.974,0.27832,0.732422,0.717773,0.239258,0.830078,2.592773,1
17/11/2017 10:36:26.979,0.27832,0.732422,0.717773,0.239258,0.830078,2.592773,1
17/11/2017 10:36:27.977,0.27832,0.732422,0.717773,0.239258,0.830078,2.592773,1
17/11/2017 10:36:28.977,0.27832,0.732422,0.717773,0.239258,0.830078,2.592773,1
17/11/2017 10:36:29.976,0.27832,0.732422,0.717773,0.239258,0.830078,2.592773,1
17/11/2017 10:36:30.980,0.27832,0.732422,0.717773,0.239258,0.830078,2.592773,1
17/11/2017 10:36:31.978,0.27832,0.732422,0.717773,0.239258,0.830078,2.592773,1
17/11/2017 10:36:32.977,0.27832,0.732422,0.717773,0.239258,0.830078,2.592773,1
17/11/2017 10:36:33.977,0.27832,0.732422,0.717773,0.239258,0.830078,2.592773,1
17/11/2017 10:36:34.977,0.27832,0.732422,0.717773,0.239258,0.830078,2.592773,1
17/11/2017 10:36:35.980,0.27832,0.732422,0.717773,0.239258,0.834961,2.592773,1
17/11/2017 10:36:36.979,0.27832,0.732422,0.717773,0.239258,0.834961,2.592773,1
17/11/2017 10:36:37.980,0.27832,0.732422,0.717773,0.239258,0.834961,2.592773,1
17/11/2017 10:36:38.979,0.27832,0.732422,0.717773,0.239258,0.834961,2.592773,1
17/11/2017 10:36:39.977,0.283203,0.732422,0.717773,0.239258,0.830078,2.592773,1
17/11/2017 10:36:40.976,0.27832,0.732422,0.717773,0.239258,0.834961,2.592773,1
17/11/2017 10:36:41.980,0.27832,0.732422,0.717773,0.239258,0.834961,2.592773,1
17/11/2017 10:36:42.979,0.27832,0.732422,0.717773,0.239258,0.834961,2.592773,1
17/11/2017 10:36:43.980,0.27832,0.732422,0.717773,0.239258,0.834961,2.592773,1
17/11/2017 10:36:44.978,0.27832,0.732422,0.717773,0.244141,0.834961,2.592773,1
17/11/2017 10:36:45.982,0.27832,0.732422,0.717773,0.239258,0.834961,2.592773,1
17/11/2017 10:36:46.981,0.283203,0.732422,0.717773,0.244141,0.834961,2.592773,1
17/11/2017 10:36:47.980,0.283203,0.732422,0.717773,0.244141,0.834961,2.592773,1
17/11/2017 10:36:48.980,0.283203,0.732422,0.717773,0.239258,0.834961,2.592773,1
17/11/2017 10:36:49.980,0.283203,0.732422,0.717773,0.244141,0.834961,2.592773,1
17/11/2017 10:36:50.983,0.27832,0.732422,0.717773,0.239258,0.834961,2.592773,1
17/11/2017 10:36:51.983,0.27832,0.732422,0.717773,0.244141,0.834961,2.592773,1
17/11/2017 10:36:52.982,0.283203,0.732422,0.717773,0.244141,0.834961,2.592773,1
17/11/2017 10:36:53.981,0.283203,0.732422,0.717773,0.244141,0.834961,2.587891,1
17/11/2017 10:36:54.980,0.283203,0.732422,0.717773,0.239258,0.834961,2.587891,1
17/11/2017 10:36:55.979,0.27832,0.732422,0.717773,0.239258,0.834961,2.587891,1
17/11/2017 10:36:56.982,0.283203,0.732422,0.717773,0.244141,0.834961,2.587891,1
17/11/2017 10:36:57.986,0.283203,0.732422,0.717773,0.239258,0.834961,2.587891,1
17/11/2017 10:36:58.987,0.283203,0.732422,0.717773,0.239258,0.834961,2.587891,1
17/11/2017 10:36:59.985,0.283203,0.732422,0.717773,0.244141,0.834961,2.587891,1
17/11/2017 10:37:00.985,0.283203,0.732422,0.717773,0.244141,0.834961,2.587891,1
17/11/2017 10:37:01.984,0.283203,0.732422,0.717773,0.239258,0.834961,2.587891,1
17/11/2017 10:37:02.983,0.283203,0.732422,0.717773,0.239258,0.834961,2.587891,1
17/11/2017 10:37:03.987,0.283203,0.732422,0.717773,0.244141,0.834961,2.587891,1
17/11/2017 10:37:04.987,0.283203,0.732422,0.717773,0.244141,0.834961,2.587891,1
17/11/2017 10:37:05.989,0.283203,0.732422,0.717773,0.244141,0.834961,2.587891,1
17/11/2017 10:37:06.990,0.283203,0.732422,0.717773,0.239258,0.834961,2.587891,1
17/11/2017 10:37:07.989,0.283203,0.732422,0.717773,0.244141,0.834961,2.587891,1
17/11/2017 10:37:08.989,0.283203,0.732422,0.717773,0.244141,0.834961,2.587891,1
17/11/2017 10:37:09.987,0.283203,0.732422,0.717773,0.244141,0.834961,2.587891,1
17/11/2017 10:37:10.992,0.283203,0.732422,0.717773,0.244141,0.834961,2.587891,1
17/11/2017 10:37:11.991,0.283203,0.732422,0.717773,0.244141,0.834961,2.587891,1
17/11/2017 10:37:12.989,0.283203,0.732422,0.717773,0.239258,0.834961,2.587891,1
17/11/2017 10:37:13.993,0.283203,0.732422,0.717773,0.244141,0.834961,2.587891,1
17/11/2017 10:37:14.992,0.283203,0.732422,0.717773,0.244141,0.834961,2.587891,1
17/11/2017 10:37:15.991,0.283203,0.732422,0.717773,0.239258,0.834961,2.587891,1
17/11/2017 10:37:16.990,0.283203,0.732422,0.717773,0.244141,0.834961,2.587891,1
17/11/2017 10:37:17.995,0.283203,0.732422,0.717773,0.244141,0.834961,2.587891,1
17/11/2017 10:37:18.995,0.283203,0.732422,0.717773,0.244141,0.834961,2.587891,1
17/11/2017 10:37:19.994,0.283203,0.732422,0.717773,0.244141,0.834961,2.583008,1
17/11/2017 10:37:20.997,0.283203,0.732422,0.717773,0.244141,0.834961,2.583008,1
17/11/2017 10:37:21.997,0.283203,0.732422,0.717773,0.244141,0.834961,2.583008,1
17/11/2017 10:37:22.995,0.283203,0.732422,0.717773,0.244141,0.834961,2.583008,1
17/11/2017 10:37:23.994,0.283203,0.732422,0.717773,0.244141,0.834961,2.583008,1
17/11/2017 10:37:24.998,0.283203,0.732422,0.717773,0.244141,0.834961,2.583008,1
17/11/2017 10:37:25.999,0.283203,0.732422,0.717773,0.244141,0.834961,2.587891,1
17/11/2017 10:37:26.997,0.283203,0.737305,0.717773,0.244141,0.834961,2.583008,1
17/11/2017 10:37:27.996,0.283203,0.732422,0.717773,0.244141,0.834961,2.587891,1
17/11/2017 10:37:29.000,0.283203,0.737305,0.717773,0.244141,0.834961,2.583008,1
17/11/2017 10:37:29.999,0.283203,0.737305,0.717773,0.244141,0.834961,2.587891,1
17/11/2017 10:37:30.999,0.283203,0.732422,0.717773,0.244141,0.834961,2.583008,1
17/11/2017 10:37:31.999,0.283203,0.732422,0.717773,0.244141,0.834961,2.583008,1
17/11/2017 10:37:33.001,0.283203,0.737305,0.717773,0.244141,0.834961,2.583008,1
17/11/2017 10:37:34.001,0.283203,0.737305,0.717773,0.244141,0.834961,2.583008,1
17/11/2017 10:37:35.000,0.283203,0.737305,0.717773,0.244141,0.834961,2.583008,1
17/11/2017 10:37:36.000,0.283203,0.737305,0.717773,0.244141,0.834961,2.583008,1
17/11/2017 10:37:36.999,0.283203,0.732422,0.717773,0.244141,0.834961,2.583008,1
17/11/2017 10:37:38.002,0.283203,0.732422,0.717773,0.244141,0.834961,2.583008,1
17/11/2017 10:37:39.002,0.283203,0.737305,0.717773,0.244141,0.834961,2.583008,1
17/11/2017 10:37:40.000,0.283203,0.737305,0.717773,0.244141,0.834961,2.583008,1
17/11/2017 10:37:41.000,0.283203,0.737305,0.717773,0.244141,0.834961,2.583008,1
17/11/2017 10:37:42.000,0.283203,0.737305,0.722656,0.244141,0.834961,2.583008,1
17/11/2017 10:37:43.003,0.283203,0.737305,0.722656,0.244141,0.834961,2.583008,1
17/11/2017 10:37:44.003,0.283203,0.737305,0.722656,0.244141,0.834961,2.583008,1
17/11/2017 10:37:45.001,0.283203,0.737305,0.722656,0.244141,0.834961,2.587891,1
17/11/2017 10:37:46.005,0.283203,0.737305,0.722656,0.244141,0.834961,2.587891,1
17/11/2017 10:37:47.001,0.283203,0.737305,0.722656,0.244141,0.834961,2.587891,1
17/11/2017 10:37:48.005,0.283203,0.737305,0.722656,0.244141,0.834961,2.583008,1
17/11/2017 10:37:49.004,0.283203,0.737305,0.722656,0.244141,0.834961,2.583008,1
17/11/2017 10:37:50.006,0.283203,0.737305,0.722656,0.244141,0.834961,2.583008,1
17/11/2017 10:37:51.007,0.283203,0.737305,0.722656,0.244141,0.834961,2.583008,1
17/11/2017 10:37:52.005,0.283203,0.737305,0.722656,0.244141,0.834961,2.583008,1
17/11/2017 10:37:53.005,0.283203,0.737305,0.722656,0.244141,0.839844,2.583008,1
17/11/2017 10:37:54.004,0.283203,0.737305,0.722656,0.244141,0.834961,2.583008,1
17/11/2017 10:37:55.008,0.283203,0.737305,0.722656,0.244141,0.834961,2.583008,1
17/11/2017 10:37:56.006,0.283203,0.737305,0.722656,0.244141,0.834961,2.583008,1
17/11/2017 10:37:57.006,0.283203,0.737305,0.722656,0.244141,0.834961,2.583008,1
17/11/2017 10:37:58.007,0.283203,0.737305,0.722656,0.244141,0.834961,2.583008,1
17/11/2017 10:37:59.006,0.283203,0.737305,0.722656,0.244141,0.834961,2.583008,1
17/11/2017 10:38:00.012,0.283203,0.737305,0.722656,0.244141,0.839844,2.583008,1
17/11/2017 10:38:01.008,0.283203,0.737305,0.722656,0.244141,0.834961,2.583008,1
17/11/2017 10:38:02.008,0.283203,0.737305,0.722656,0.244141,0.839844,2.583008,1
17/11/2017 10:38:03.007,0.283203,0.737305,0.722656,0.244141,0.839844,2.583008,1
17/11/2017 10:38:04.011,0.283203,0.737305,0.722656,0.244141,0.834961,2.583008,1
17/11/2017 10:38:05.010,0.283203,0.737305,0.722656,0.244141,0.839844,2.583008,1
17/11/2017 10:38:06.009,0.283203,0.737305,0.722656,0.244141,0.834961,2.583008,1
17/11/2017 10:38:07.008,0.283203,0.737305,0.722656,0.244141,0.839844,2.583008,1
17/11/2017 10:38:08.013,0.283203,0.737305,0.722656,0.244141,0.839844,2.583008,1
17/11/2017 10:38:09.012,0.283203,0.737305,0.722656,0.244141,0.839844,2.583008,1
17/11/2017 10:38:10.011,0.283203,0.737305,0.722656,0.244141,0.839844,2.583008,1
17/11/2017 10:38:11.010,0.283203,0.737305,0.722656,0.244141,0.839844,2.583008,1
17/11/2017 10:38:12.009,0.283203,0.737305,0.722656,0.244141,0.839844,2.583008,1
17/11/2017 10:38:13.008,0.283203,0.737305,0.722656,0.244141,0.839844,2.583008,1
17/11/2017 10:38:14.013,0.283203,0.737305,0.722656,0.244141,0.839844,2.583008,1
17/11/2017 10:38:15.014,0.283203,0.737305,0.722656,0.244141,0.839844,2.583008,1
17/11/2017 10:38:16.010,0.283203,0.737305,0.722656,0.244141,0.839844,2.583008,1
17/11/2017 10:38:17.011,0.283203,0.737305,0.722656,0.244141,0.839844,2.583008,1
17/11/2017 10:38:18.010,0.283203,0.737305,0.722656,0.244141,0.839844,2.583008,1
17/11/2017 10:38:19.013,0.283203,0.737305,0.722656,0.244141,0.839844,2.583008,1
17/11/2017 10:38:20.012,0.283203,0.737305,0.722656,0.244141,0.839844,2.583008,1
17/11/2017 10:38:21.012,0.283203,0.737305,0.722656,0.244141,0.839844,2.583008,1
17/11/2017 10:38:22.011,0.283203,0.737305,0.722656,0.244141,0.839844,2.587891,1
17/11/2017 10:38:23.015,0.283203,0.737305,0.722656,0.244141,0.839844,2.587891,1
17/11/2017 10:38:24.014,0.283203,0.737305,0.722656,0.244141,0.839844,2.587891,1
17/11/2017 10:38:25.013,0.283203,0.737305,0.722656,0.244141,0.839844,2.587891,1
17/11/2017 10:38:26.013,0.283203,0.737305,0.722656,0.244141,0.839844,2.587891,1
17/11/2017 10:38:27.012,0.288086,0.737305,0.722656,0.244141,0.839844,2.587891,1
17/11/2017 10:38:28.011,0.283203,0.737305,0.722656,0.244141,0.839844,2.587891,1
17/11/2017 10:38:29.015,0.288086,0.737305,0.722656,0.244141,0.839844,2.587891,1
17/11/2017 10:38:30.015,0.288086,0.737305,0.722656,0.244141,0.839844,2.587891,1
17/11/2017 10:38:31.014,0.288086,0.737305,0.722656,0.244141,0.839844,2.587891,1
17/11/2017 10:38:32.013,0.283203,0.737305,0.722656,0.244141,0.839844,2.587891,1
17/11/2017 10:38:33.012,0.288086,0.737305,0.722656,0.244141,0.839844,2.587891,1
17/11/2017 10:38:34.012,0.288086,0.737305,0.722656,0.244141,0.839844,2.587891,1
17/11/2017 10:38:35.016,0.288086,0.737305,0.722656,0.244141,0.839844,2.587891,1
17/11/2017 10:38:36.014,0.288086,0.737305,0.722656,0.244141,0.839844,2.587891,1
17/11/2017 10:38:37.015,0.288086,0.737305,0.722656,0.244141,0.839844,2.587891,1
17/11/2017 10:38:38.014,0.288086,0.737305,0.722656,0.244141,0.839844,2.587891,1
17/11/2017 10:38:39.013,0.288086,0.737305,0.722656,0.244141,0.839844,2.587891,1
17/11/2017 10:38:40.016,0.288086,0.737305,0.722656,0.244141,0.839844,2.583008,1
17/11/2017 10:38:41.016,0.283203,0.737305,0.722656,0.244141,0.839844,2.583008,1
17/11/2017 10:38:42.016,0.288086,0.737305,0.722656,0.244141,0.839844,2.583008,1
17/11/2017 10:38:43.015,0.288086,0.737305,0.722656,0.244141,0.839844,2.583008,1
17/11/2017 10:38:44.013,0.288086,0.737305,0.722656,0.244141,0.839844,2.583008,1
17/11/2017 10:38:45.017,0.288086,0.737305,0.722656,0.244141,0.839844,2.583008,1
17/11/2017 10:38:46.016,0.288086,0.737305,0.722656,0.244141,0.839844,2.583008,1
17/11/2017 10:38:47.015,0.288086,0.737305,0.722656,0.244141,0.839844,2.583008,1
17/11/2017 10:38:48.015,0.288086,0.737305,0.722656,0.244141,0.839844,2.578125,1
17/11/2017 10:38:49.018,0.288086,0.732422,0.722656,0.244141,0.839844,2.578125,1
17/11/2017 10:38:50.019,0.288086,0.737305,0.722656,0.244141,0.839844,2.578125,1
17/11/2017 10:38:51.017,0.288086,0.737305,0.722656,0.244141,0.839844,2.578125,1
17/11/2017 10:38:52.021,0.288086,0.737305,0.722656,0.244141,0.839844,2.578125,1
17/11/2017 10:38:53.020,0.288086,0.737305,0.722656,0.244141,0.839844,2.578125,1
17/11/2017 10:38:54.021,0.288086,0.737305,0.722656,0.244141,0.839844,2.578125,1
17/11/2017 10:38:55.019,0.288086,0.737305,0.722656,0.244141,0.839844,2.578125,1
17/11/2017 10:38:56.023,0.288086,0.737305,0.722656,0.244141,0.839844,2.578125,1
17/11/2017 10:38:57.021,0.288086,0.737305,0.722656,0.244141,0.839844,2.578125,1
17/11/2017 10:38:58.021,0.288086,0.737305,0.722656,0.244141,0.839844,2.573242,1
17/11/2017 10:38:59.021,0.288086,0.737305,0.722656,0.244141,0.839844,2.573242,1
17/11/2017 10:39:00.020,0.288086,0.732422,0.722656,0.244141,0.839844,2.573242,1
17/11/2017 10:39:01.024,0.288086,0.737305,0.722656,0.244141,0.839844,2.573242,1
17/11/2017 10:39:02.023,0.288086,0.737305,0.722656,0.244141,0.839844,2.578125,1
17/11/2017 10:39:03.023,0.288086,0.737305,0.722656,0.244141,0.839844,2.578125,1
17/11/2017 10:39:04.026,0.288086,0.737305,0.722656,0.244141,0.839844,2.578125,1
17/11/2017 10:39:05.024,0.288086,0.737305,0.722656,0.244141,0.839844,2.578125,1
17/11/2017 10:39:06.025,0.288086,0.737305,0.722656,0.244141,0.839844,2.578125,1
17/11/2017 10:39:07.023,0.288086,0.737305,0.722656,0.244141,0.839844,2.578125,1
17/11/2017 10:39:08.027,0.288086,0.737305,0.722656,0.244141,0.839844,2.573242,1
17/11/2017 10:39:09.028,0.288086,0.732422,0.722656,0.244141,0.839844,2.573242,1
17/11/2017 10:39:10.025,0.288086,0.737305,0.722656,0.244141,0.839844,2.573242,1
17/11/2017 10:39:11.026,0.288086,0.737305,0.722656,0.244141,0.839844,2.573242,1
17/11/2017 10:39:12.025,0.288086,0.737305,0.722656,0.244141,0.839844,2.573242,1
17/11/2017 10:39:13.028,0.288086,0.737305,0.722656,0.244141,0.839844,2.573242,1
17/11/2017 10:39:14.027,0.288086,0.737305,0.722656,0.244141,0.839844,2.573242,1
17/11/2017 10:39:15.026,0.288086,0.737305,0.722656,0.244141,0.839844,2.573242,1
17/11/2017 10:39:16.027,0.288086,0.737305,0.722656,0.244141,0.839844,2.573242,1
17/11/2017 10:39:17.025,0.288086,0.737305,0.722656,0.244141,0.839844,2.568359,1
17/11/2017 10:39:18.029,0.288086,0.737305,0.722656,0.244141,0.839844,2.568359,1
17/11/2017 10:39:19.028,0.288086,0.737305,0.722656,0.244141,0.839844,2.573242,1
17/11/2017 10:39:20.028,0.288086,0.737305,0.722656,0.244141,0.839844,2.573242,1
17/11/2017 10:39:21.026,0.288086,0.737305,0.727539,0.244141,0.839844,2.573242,1
17/11/2017 10:39:22.027,0.288086,0.737305,0.722656,0.244141,0.839844,2.573242,1
17/11/2017 10:39:23.031,0.288086,0.737305,0.722656,0.244141,0.839844,2.573242,1
17/11/2017 10:39:24.029,0.288086,0.737305,0.722656,0.244141,0.839844,2.573242,1
17/11/2017 10:39:25.028,0.288086,0.732422,0.727539,0.244141,0.839844,2.573242,1
17/11/2017 10:39:26.028,0.288086,0.737305,0.727539,0.244141,0.839844,2.573242,1
17/11/2017 10:39:27.027,0.288086,0.732422,0.727539,0.244141,0.839844,2.573242,1
17/11/2017 10:39:28.032,0.288086,0.732422,0.727539,0.244141,0.839844,2.573242,1
17/11/2017 10:39:29.030,0.288086,0.737305,0.727539,0.244141,0.839844,2.573242,1
17/11/2017 10:39:30.029,0.288086,0.737305,0.727539,0.244141,0.839844,2.573242,1
17/11/2017 10:39:31.032,0.288086,0.737305,0.727539,0.244141,0.839844,2.573242,1
17/11/2017 10:39:32.032,0.288086,0.737305,0.727539,0.244141,0.839844,2.573242,1
17/11/2017 10:39:33.032,0.288086,0.737305,0.727539,0.244141,0.839844,2.573242,1
17/11/2017 10:39:34.031,0.288086,0.737305,0.727539,0.244141,0.839844,2.573242,1
17/11/2017 10:39:35.035,0.288086,0.737305,0.727539,0.244141,0.839844,2.573242,1
17/11/2017 10:39:36.035,0.288086,0.737305,0.727539,0.244141,0.839844,2.573242,1
17/11/2017 10:39:37.033,0.288086,0.737305,0.727539,0.244141,0.839844,2.573242,1
17/11/2017 10:39:38.032,0.288086,0.737305,0.727539,0.244141,0.839844,2.573242,1
17/11/2017 10:39:39.033,0.288086,0.737305,0.727539,0.244141,0.839844,2.573242,1
17/11/2017 10:39:40.031,0.288086,0.737305,0.727539,0.244141,0.839844,2.573242,1
17/11/2017 10:39:41.031,0.288086,0.737305,0.727539,0.244141,0.839844,2.573242,1
17/11/2017 10:39:42.034,0.288086,0.737305,0.727539,0.244141,0.839844,2.573242,1
17/11/2017 10:39:43.035,0.288086,0.737305,0.727539,0.244141,0.839844,2.573242,1
17/11/2017 10:39:44.033,0.288086,0.737305,0.727539,0.244141,0.839844,2.573242,1
17/11/2017 10:39:45.033,0.288086,0.737305,0.727539,0.244141,0.839844,2.573242,1
17/11/2017 10:39:46.036,0.288086,0.737305,0.727539,0.244141,0.839844,2.573242,1
17/11/2017 10:39:47.035,0.288086,0.737305,0.727539,0.244141,0.839844,2.573242,1
17/11/2017 10:39:48.034,0.288086,0.737305,0.727539,0.244141,0.839844,2.573242,1
17/11/2017 10:39:49.035,0.288086,0.732422,0.722656,0.244141,0.810547,2.568359,1
17/11/2017 10:39:50.038,0.283203,0.717773,0.717773,0.244141,0.78125,2.558594,1
17/11/2017 10:39:51.036,0.27832,0.703125,0.708008,0.239258,0.756836,2.543945,1
17/11/2017 10:39:52.036,0.27832,0.693359,0.693359,0.239258,0.737305,2.529297,1
17/11/2017 10:39:53.040,0.273437,0.678711,0.683594,0.234375,0.727539,2.509766,1
17/11/2017 10:39:54.039,0.268555,0.673828,0.668945,0.234375,0.712891,2.490234,1
17/11/2017 10:39:55.038,0.263672,0.664062,0.654297,0.229492,0.703125,2.46582,1
17/11/2017 10:39:56.037,0.258789,0.654297,0.639648,0.229492,0.688477,2.441406,1
17/11/2017 10:39:57.041,0.258789,0.649414,0.629883,0.224609,0.678711,2.416992,1
17/11/2017 10:39:58.040,0.253906,0.639648,0.615234,0.224609,0.673828,2.392578,1
17/11/2017 10:39:59.040,0.253906,0.634766,0.605469,0.224609,0.664062,2.368164,1
17/11/2017 10:40:00.040,0.249023,0.625,0.595703,0.219727,0.654297,2.34375,1
17/11/2017 10:40:01.043,0.244141,0.620117,0.585937,0.219727,0.649414,2.319336,1
17/11/2017 10:40:02.041,0.244141,0.610352,0.576172,0.214844,0.639648,2.294922,1
17/11/2017 10:40:03.041,0.244141,0.605469,0.566406,0.214844,0.634766,2.270508,1
17/11/2017 10:40:04.042,0.239258,0.595703,0.556641,0.214844,0.625,2.246094,1
17/11/2017 10:40:05.045,0.239258,0.59082,0.546875,0.214844,0.620117,2.216797,1
17/11/2017 10:40:06.045,0.234375,0.585937,0.541992,0.209961,0.615234,2.197266,1
17/11/2017 10:40:07.042,0.234375,0.576172,0.532227,0.209961,0.610352,2.172852,1
17/11/2017 10:40:08.042,0.229492,0.571289,0.527344,0.209961,0.605469,2.148437,1
17/11/2017 10:40:09.042,0.229492,0.566406,0.517578,0.205078,0.600586,2.124023,1
17/11/2017 10:40:10.046,0.229492,0.561523,0.512695,0.205078,0.59082,2.104492,1
17/11/2017 10:40:11.044,0.224609,0.551758,0.507812,0.205078,0.585937,2.080078,1
17/11/2017 10:40:12.044,0.224609,0.546875,0.50293,0.200195,0.585937,2.060547,1
17/11/2017 10:40:13.044,0.219727,0.541992,0.498047,0.200195,0.576172,2.041016,1
17/11/2017 10:40:14.048,0.219727,0.537109,0.493164,0.200195,0.576172,2.021484,1
17/11/2017 10:40:15.046,0.219727,0.532227,0.488281,0.200195,0.571289,2.001953,1
17/11/2017 10:40:16.045,0.219727,0.527344,0.483398,0.200195,0.566406,1.982422,1
17/11/2017 10:40:17.050,0.214844,0.522461,0.478516,0.195312,0.561523,1.962891,1
17/11/2017 10:40:18.048,0.214844,0.517578,0.473633,0.195312,0.556641,1.943359,1
17/11/2017 10:40:19.049,0.214844,0.512695,0.46875,0.195312,0.551758,1.928711,1
17/11/2017 10:40:20.047,0.209961,0.507812,0.46875,0.195312,0.546875,1.914062,1
17/11/2017 10:40:21.049,0.209961,0.50293,0.463867,0.19043,0.546875,1.894531,1
17/11/2017 10:40:22.051,0.209961,0.498047,0.458984,0.19043,0.541992,1.879883,1
17/11/2017 10:40:23.049,0.209961,0.493164,0.458984,0.19043,0.537109,1.865234,1
17/11/2017 10:40:24.048,0.205078,0.488281,0.454102,0.19043,0.537109,1.850586,1
17/11/2017 10:40:25.052,0.205078,0.483398,0.454102,0.19043,0.532227,1.84082,1
17/11/2017 10:40:26.051,0.205078,0.478516,0.449219,0.19043,0.527344,1.826172,1
17/11/2017 10:40:27.051,0.205078,0.473633,0.449219,0.19043,0.527344,1.811523,1
17/11/2017 10:40:28.050,0.205078,0.46875,0.444336,0.185547,0.522461,1.801758,1
17/11/2017 10:40:29.049,0.200195,0.463867,0.444336,0.185547,0.517578,1.787109,1
17/11/2017 10:40:30.054,0.200195,0.463867,0.439453,0.185547,0.517578,1.777344,1
17/11/2017 10:40:31.052,0.200195,0.458984,0.43457,0.185547,0.512695,1.767578,1
17/11/2017 10:40:32.053,0.200195,0.454102,0.43457,0.185547,0.512695,1.757812,1
17/11/2017 10:40:33.051,0.195312,0.449219,0.43457,0.180664,0.507812,1.748047,1
17/11/2017 10:40:34.050,0.195312,0.444336,0.429687,0.180664,0.507812,1.733398,1
17/11/2017 10:40:35.050,0.195312,0.439453,0.429687,0.180664,0.50293,1.723633,1
17/11/2017 10:40:36.053,0.195312,0.439453,0.429687,0.180664,0.50293,1.71875,1
17/11/2017 10:40:37.057,0.195312,0.43457,0.424805,0.180664,0.498047,1.708984,1
17/11/2017 10:40:38.057,0.195312,0.429687,0.424805,0.180664,0.498047,1.699219,1
17/11/2017 10:40:39.056,0.19043,0.429687,0.424805,0.175781,0.493164,1.694336,1
17/11/2017 10:40:40.055,0.19043,0.424805,0.424805,0.175781,0.493164,1.68457,1
17/11/2017 10:40:41.054,0.19043,0.419922,0.419922,0.175781,0.488281,1.679687,1
17/11/2017 10:40:42.058,0.19043,0.415039,0.419922,0.175781,0.488281,1.669922,1
17/11/2017 10:40:43.057,0.19043,0.415039,0.419922,0.175781,0.488281,1.665039,1
17/11/2017 10:40:44.056,0.19043,0.410156,0.415039,0.175781,0.483398,1.655273,1
17/11/2017 10:40:45.060,0.19043,0.405273,0.415039,0.175781,0.483398,1.650391,1
17/11/2017 10:40:46.059,0.185547,0.405273,0.415039,0.170898,0.478516,1.640625,1
17/11/2017 10:40:47.059,0.185547,0.400391,0.410156,0.170898,0.478516,1.635742,1
17/11/2017 10:40:48.058,0.185547,0.395508,0.410156,0.170898,0.478516,1.630859,1
17/11/2017 10:40:49.061,0.185547,0.395508,0.410156,0.170898,0.473633,1.625977,1
17/11/2017 10:40:50.060,0.185547,0.390625,0.410156,0.170898,0.473633,1.616211,1
17/11/2017 10:40:51.060,0.180664,0.390625,0.405273,0.170898,0.473633,1.611328,1
17/11/2017 10:40:52.060,0.180664,0.385742,0.405273,0.170898,0.46875,1.606445,1
17/11/2017 10:40:53.062,0.180664,0.385742,0.405273,0.170898,0.46875,1.601562,1
17/11/2017 10:40:54.062,0.180664,0.380859,0.405273,0.170898,0.46875,1.59668,1
17/11/2017 10:40:55.061,0.180664,0.375977,0.405273,0.166016,0.463867,1.586914,1
17/11/2017 10:40:56.060,0.180664,0.375977,0.405273,0.166016,0.463867,1.582031,1
17/11/2017 10:40:57.065,0.180664,0.371094,0.400391,0.166016,0.463867,1.577148,1
17/11/2017 10:40:58.065,0.180664,0.371094,0.400391,0.166016,0.463867,1.572266,1
17/11/2017 10:40:59.063,0.180664,0.366211,0.400391,0.166016,0.458984,1.567383,1
17/11/2017 10:41:00.063,0.180664,0.366211,0.400391,0.166016,0.458984,1.5625,1
17/11/2017 10:41:01.066,0.180664,0.361328,0.400391,0.166016,0.458984,1.5625,1
17/11/2017 10:41:02.065,0.180664,0.361328,0.395508,0.166016,0.458984,1.557617,1
17/11/2017 10:41:03.065,0.175781,0.356445,0.395508,0.166016,0.454102,1.552734,1
17/11/2017 10:41:04.064,0.175781,0.356445,0.395508,0.161133,0.454102,1.547852,1
17/11/2017 10:41:05.063,0.175781,0.351562,0.395508,0.161133,0.454102,1.547852,1
17/11/2017 10:41:06.068,0.175781,0.351562,0.395508,0.161133,0.449219,1.542969,1
17/11/2017 10:41:07.066,0.175781,0.351562,0.395508,0.161133,0.449219,1.538086,1
17/11/2017 10:41:08.065,0.175781,0.34668,0.390625,0.161133,0.449219,1.533203,1
17/11/2017 10:41:09.065,0.175781,0.34668,0.390625,0.161133,0.449219,1.533203,1
17/11/2017 10:41:10.065,0.175781,0.341797,0.390625,0.161133,0.449219,1.52832,1
17/11/2017 10:41:11.069,0.175781,0.341797,0.390625,0.161133,0.444336,1.523437,1
17/11/2017 10:41:12.067,0.175781,0.341797,0.390625,0.161133,0.444336,1.523437,1
17/11/2017 10:41:13.066,0.170898,0.336914,0.390625,0.161133,0.444336,1.518555,1
17/11/2017 10:41:14.071,0.170898,0.336914,0.390625,0.15625,0.444336,1.513672,1
17/11/2017 10:41:15.069,0.170898,0.332031,0.390625,0.15625,0.439453,1.513672,1
17/11/2017 10:41:16.070,0.170898,0.332031,0.390625,0.15625,0.439453,1.508789,1
17/11/2017 10:41:17.067,0.170898,0.332031,0.385742,0.15625,0.439453,1.508789,1
17/11/2017 10:41:18.073,0.170898,0.327148,0.385742,0.15625,0.439453,1.503906,1
17/11/2017 10:41:19.070,0.170898,0.327148,0.385742,0.15625,0.439453,1.499023,1
17/11/2017 10:41:20.071,0.170898,0.322266,0.385742,0.15625,0.439453,1.499023,1
17/11/2017 10:41:21.070,0.170898,0.322266,0.385742,0.15625,0.43457,1.494141,1
17/11/2017 10:41:22.074,0.170898,0.322266,0.385742,0.15625,0.43457,1.494141,1
17/11/2017 10:41:23.073,0.170898,0.317383,0.380859,0.15625,0.43457,1.489258,1
17/11/2017 10:41:24.072,0.170898,0.317383,0.380859,0.15625,0.43457,1.489258,1
17/11/2017 10:41:25.075,0.166016,0.317383,0.380859,0.15625,0.43457,1.484375,1
17/11/2017 10:41:26.075,0.166016,0.3125,0.380859,0.15625,0.43457,1.484375,1
17/11/2017 10:41:27.073,0.166016,0.3125,0.380859,0.15625,0.429687,1.479492,1
17/11/2017 10:41:28.073,0.166016,0.3125,0.380859,0.151367,0.429687,1.479492,1
17/11/2017 10:41:29.074,0.166016,0.3125,0.380859,0.151367,0.429687,1.474609,1
17/11/2017 10:41:30.076,0.166016,0.307617,0.380859,0.151367,0.429687,1.474609,1
17/11/2017 10:41:31.075,0.166016,0.307617,0.380859,0.151367,0.429687,1.474609,1
17/11/2017 10:41:32.075,0.166016,0.307617,0.380859,0.151367,0.424805,1.469727,1
17/11/2017 10:41:33.079,0.166016,0.307617,0.375977,0.151367,0.424805,1.469727,1
17/11/2017 10:41:34.077,0.166016,0.302734,0.375977,0.151367,0.424805,1.464844,1
17/11/2017 10:41:35.077,0.166016,0.302734,0.375977,0.151367,0.424805,1.464844,1
17/11/2017 10:41:36.076,0.166016,0.302734,0.375977,0.151367,0.424805,1.464844,1
17/11/2017 10:41:37.077,0.161133,0.297852,0.375977,0.151367,0.424805,1.459961,1
17/11/2017 10:41:38.079,0.161133,0.297852,0.375977,0.151367,0.424805,1.459961,1
17/11/2017 10:41:39.078,0.161133,0.297852,0.375977,0.146484,0.424805,1.455078,1
17/11/2017 10:41:40.078,0.161133,0.297852,0.375977,0.151367,0.424805,1.455078,1
17/11/2017 10:41:41.077,0.161133,0.297852,0.375977,0.146484,0.419922,1.455078,1
17/11/2017 10:41:42.077,0.161133,0.292969,0.371094,0.146484,0.419922,1.450195,1
17/11/2017 10:41:43.075,0.161133,0.292969,0.371094,0.146484,0.419922,1.450195,1
17/11/2017 10:41:44.080,0.161133,0.292969,0.371094,0.146484,0.419922,1.445312,1
17/11/2017 10:41:45.080,0.161133,0.292969,0.371094,0.146484,0.419922,1.445312,1
17/11/2017 10:41:46.078,0.161133,0.288086,0.371094,0.146484,0.419922,1.445312,1
17/11/2017 10:41:47.079,0.161133,0.288086,0.371094,0.146484,0.419922,1.44043,1
17/11/2017 10:41:48.081,0.161133,0.288086,0.371094,0.146484,0.415039,1.44043,1
17/11/2017 10:41:49.081,0.161133,0.288086,0.371094,0.146484,0.415039,1.435547,1
17/11/2017 10:41:50.081,0.161133,0.283203,0.371094,0.146484,0.415039,1.435547,1
17/11/2017 10:41:51.080,0.161133,0.283203,0.371094,0.146484,0.415039,1.435547,1
17/11/2017 10:41:52.079,0.161133,0.283203,0.371094,0.146484,0.415039,1.430664,1
17/11/2017 10:41:53.082,0.161133,0.283203,0.371094,0.146484,0.415039,1.430664,1
17/11/2017 10:41:54.081,0.161133,0.283203,0.371094,0.146484,0.415039,1.430664,1
17/11/2017 10:41:55.080,0.161133,0.283203,0.371094,0.146484,0.415039,1.425781,1
17/11/2017 10:41:56.081,0.161133,0.27832,0.371094,0.141602,0.415039,1.425781,1
17/11/2017 10:41:57.079,0.161133,0.27832,0.366211,0.146484,0.415039,1.425781,1
17/11/2017 10:41:58.083,0.15625,0.27832,0.366211,0.141602,0.415039,1.420898,1
17/11/2017 10:41:59.084,0.15625,0.27832,0.366211,0.141602,0.415039,1.420898,1
17/11/2017 10:42:00.082,0.15625,0.27832,0.366211,0.141602,0.410156,1.420898,1
17/11/2017 10:42:01.081,0.15625,0.273437,0.366211,0.141602,0.410156,1.420898,1
17/11/2017 10:42:02.085,0.15625,0.273437,0.366211,0.141602,0.410156,1.416016,1
17/11/2017 10:42:03.085,0.15625,0.273437,0.366211,0.141602,0.410156,1.416016,1
17/11/2017 10:42:04.083,0.15625,0.273437,0.366211,0.141602,0.410156,1.416016,1
17/11/2017 10:42:05.082,0.15625,0.273437,0.366211,0.141602,0.410156,1.416016,1
17/11/2017 10:42:06.085,0.15625,0.273437,0.366211,0.141602,0.410156,1.416016,1
17/11/2017 10:42:07.087,0.15625,0.273437,0.366211,0.141602,0.410156,1.416016,1
17/11/2017 10:42:08.086,0.15625,0.268555,0.366211,0.141602,0.410156,1.411133,1
17/11/2017 10:42:09.084,0.15625,0.268555,0.366211,0.141602,0.410156,1.411133,1
17/11/2017 10:42:10.088,0.15625,0.268555,0.366211,0.141602,0.405273,1.411133,1
17/11/2017 10:42:11.088,0.15625,0.268555,0.366211,0.141602,0.405273,1.411133,1
17/11/2017 10:42:12.086,0.15625,0.268555,0.366211,0.141602,0.405273,1.40625,1
17/11/2017 10:42:13.087,0.15625,0.268555,0.361328,0.141602,0.405273,1.40625,1
17/11/2017 10:42:14.090,0.15625,0.263672,0.366211,0.141602,0.405273,1.40625,1
17/11/2017 10:42:15.089,0.15625,0.263672,0.361328,0.136719,0.405273,1.40625,1
17/11/2017 10:42:16.087,0.15625,0.263672,0.361328,0.141602,0.405273,1.401367,1
17/11/2017 10:42:17.088,0.15625,0.263672,0.361328,0.136719,0.405273,1.401367,1
17/11/2017 10:42:18.087,0.15625,0.263672,0.361328,0.136719,0.405273,1.401367,1
17/11/2017 10:42:19.085,0.15625,0.263672,0.361328,0.136719,0.405273,1.401367,1
17/11/2017 10:42:20.090,0.151367,0.263672,0.361328,0.136719,0.405273,1.401367,1
17/11/2017 10:42:21.088,0.15625,0.258789,0.361328,0.136719,0.405273,1.401367,1
17/11/2017 10:42:22.088,0.151367,0.258789,0.361328,0.136719,0.405273,1.396484,1
17/11/2017 10:42:23.089,0.151367,0.258789,0.361328,0.136719,0.405273,1.396484,1
17/11/2017 10:42:24.091,0.151367,0.258789,0.361328,0.136719,0.405273,1.396484,1
17/11/2017 10:42:25.090,0.151367,0.258789,0.361328,0.136719,0.400391,1.396484,1
17/11/2017 10:42:26.090,0.151367,0.258789,0.361328,0.136719,0.405273,1.396484,1
17/11/2017 10:42:27.089,0.151367,0.258789,0.361328,0.136719,0.400391,1.396484,1
17/11/2017 10:42:28.093,0.151367,0.258789,0.361328,0.136719,0.400391,1.396484,1
17/11/2017 10:42:29.093,0.151367,0.258789,0.361328,0.136719,0.400391,1.391602,1
17/11/2017 10:42:30.091,0.151367,0.258789,0.356445,0.136719,0.400391,1.391602,1
17/11/2017 10:42:31.091,0.151367,0.253906,0.356445,0.136719,0.400391,1.391602,1
17/11/2017 10:42:32.095,0.151367,0.253906,0.356445,0.136719,0.400391,1.391602,1
17/11/2017 10:42:33.094,0.151367,0.253906,0.356445,0.136719,0.400391,1.391602,1
17/11/2017 10:42:34.093,0.151367,0.253906,0.356445,0.136719,0.400391,1.391602,1
17/11/2017 10:42:35.092,0.151367,0.253906,0.356445,0.136719,0.400391,1.386719,1
17/11/2017 10:42:36.092,0.151367,0.253906,0.356445,0.136719,0.400391,1.386719,1
17/11/2017 10:42:37.095,0.151367,0.253906,0.356445,0.136719,0.400391,1.386719,1
17/11/2017 10:42:38.095,0.151367,0.253906,0.356445,0.131836,0.400391,1.386719,1
17/11/2017 10:42:39.093,0.151367,0.253906,0.356445,0.131836,0.400391,1.386719,1
17/11/2017 10:42:40.093,0.151367,0.253906,0.356445,0.131836,0.400391,1.386719,1
17/11/2017 10:42:41.097,0.151367,0.253906,0.356445,0.131836,0.400391,1.386719,1
17/11/2017 10:42:42.096,0.151367,0.253906,0.356445,0.131836,0.400391,1.381836,1
17/11/2017 10:42:43.095,0.151367,0.249023,0.356445,0.131836,0.400391,1.381836,1
17/11/2017 10:42:44.095,0.151367,0.249023,0.356445,0.131836,0.400391,1.381836,1
17/11/2017 10:42:45.094,0.151367,0.249023,0.356445,0.131836,0.400391,1.381836,1
17/11/2017 10:42:46.097,0.151367,0.249023,0.356445,0.131836,0.395508,1.381836,1
17/11/2017 10:42:47.098,0.151367,0.249023,0.356445,0.131836,0.395508,1.376953,1
17/11/2017 10:42:48.098,0.151367,0.249023,0.356445,0.131836,0.395508,1.376953,1
17/11/2017 10:42:49.095,0.151367,0.249023,0.356445,0.131836,0.395508,1.376953,1
17/11/2017 10:42:50.095,0.151367,0.249023,0.356445,0.131836,0.400391,1.376953,1
17/11/2017 10:42:51.098,0.146484,0.249023,0.356445,0.131836,0.395508,1.376953,1
17/11/2017 10:42:52.097,0.146484,0.249023,0.356445,0.131836,0.395508,1.376953,1
17/11/2017 10:42:53.103,0.146484,0.249023,0.356445,0.131836,0.395508,1.376953,1
17/11/2017 10:42:54.102,0.146484,0.244141,0.356445,0.131836,0.395508,1.376953,1
17/11/2017 10:42:55.101,0.146484,0.244141,0.356445,0.131836,0.395508,1.376953,1
17/11/2017 10:42:56.100,0.146484,0.244141,0.351562,0.131836,0.395508,1.37207,1
17/11/2017 10:42:57.098,0.146484,0.244141,0.351562,0.131836,0.395508,1.37207,1
17/11/2017 10:42:58.099,0.146484,0.244141,0.351562,0.131836,0.395508,1.37207,1
17/11/2017 10:42:59.102,0.146484,0.244141,0.351562,0.131836,0.395508,1.37207,1
17/11/2017 10:43:00.101,0.146484,0.244141,0.351562,0.131836,0.395508,1.37207,1
17/11/2017 10:43:01.100,0.146484,0.244141,0.351562,0.131836,0.395508,1.37207,1
17/11/2017 10:43:02.101,0.146484,0.244141,0.351562,0.131836,0.395508,1.37207,1
17/11/2017 10:43:03.104,0.146484,0.244141,0.351562,0.131836,0.395508,1.37207,1
17/11/2017 10:43:04.103,0.146484,0.244141,0.351562,0.131836,0.395508,1.37207,1
17/11/2017 10:43:05.103,0.146484,0.244141,0.351562,0.131836,0.395508,1.367187,1
17/11/2017 10:43:06.101,0.146484,0.244141,0.351562,0.131836,0.395508,1.367187,1
17/11/2017 10:43:07.104,0.146484,0.244141,0.351562,0.131836,0.395508,1.367187,1
17/11/2017 10:43:08.105,0.146484,0.239258,0.351562,0.126953,0.390625,1.367187,1
17/11/2017 10:43:09.104,0.146484,0.239258,0.351562,0.131836,0.395508,1.367187,1
17/11/2017 10:43:10.102,0.146484,0.239258,0.351562,0.126953,0.395508,1.367187,1
17/11/2017 10:43:11.103,0.146484,0.239258,0.351562,0.126953,0.395508,1.367187,1
17/11/2017 10:43:12.106,0.146484,0.239258,0.351562,0.126953,0.390625,1.367187,1
17/11/2017 10:43:13.104,0.146484,0.239258,0.351562,0.126953,0.390625,1.362305,1
17/11/2017 10:43:14.104,0.146484,0.239258,0.351562,0.126953,0.395508,1.362305,1
17/11/2017 10:43:15.104,0.146484,0.239258,0.351562,0.126953,0.390625,1.362305,1
17/11/2017 10:43:16.108,0.146484,0.239258,0.351562,0.126953,0.390625,1.362305,1
17/11/2017 10:43:17.106,0.146484,0.239258,0.351562,0.126953,0.390625,1.362305,1
17/11/2017 10:43:18.107,0.146484,0.239258,0.34668,0.126953,0.390625,1.357422,1
17/11/2017 10:43:19.106,0.146484,0.239258,0.34668,0.126953,0.390625,1.357422,1
17/11/2017 10:43:20.104,0.146484,0.239258,0.34668,0.126953,0.390625,1.357422,1
17/11/2017 10:43:21.109,0.146484,0.239258,0.34668,0.126953,0.390625,1.357422,1
17/11/2017 10:43:22.108,0.146484,0.239258,0.351562,0.126953,0.390625,1.357422,1
17/11/2017 10:43:23.106,0.141602,0.239258,0.34668,0.126953,0.390625,1.357422,1
17/11/2017 10:43:24.110,0.141602,0.239258,0.34668,0.126953,0.390625,1.357422,1
17/11/2017 10:43:25.110,0.146484,0.234375,0.34668,0.126953,0.390625,1.357422,1
17/11/2017 10:43:26.109,0.141602,0.234375,0.34668,0.126953,0.390625,1.357422,1
17/11/2017 10:43:27.108,0.141602,0.234375,0.34668,0.126953,0.390625,1.357422,1
17/11/2017 10:43:28.107,0.141602,0.234375,0.34668,0.126953,0.390625,1.357422,1
17/11/2017 10:43:29.111,0.141602,0.234375,0.34668,0.126953,0.390625,1.352539,1
17/11/2017 10:43:30.111,0.141602,0.234375,0.34668,0.126953,0.390625,1.352539,1
17/11/2017 10:43:31.110,0.141602,0.234375,0.34668,0.126953,0.390625,1.352539,1
17/11/2017 10:43:32.109,0.141602,0.234375,0.34668,0.126953,0.390625,1.352539,1
17/11/2017 10:43:33.108,0.141602,0.234375,0.34668,0.126953,0.390625,1.352539,1
17/11/2017 10:43:34.109,0.141602,0.234375,0.34668,0.126953,0.390625,1.352539,1
17/11/2017 10:43:35.112,0.141602,0.234375,0.34668,0.126953,0.390625,1.352539,1
17/11/2017 10:43:36.111,0.141602,0.234375,0.34668,0.126953,0.390625,1.352539,1
17/11/2017 10:43:37.111,0.141602,0.234375,0.34668,0.126953,0.390625,1.352539,1
17/11/2017 10:43:38.114,0.141602,0.234375,0.34668,0.126953,0.390625,1.352539,1
17/11/2017 10:43:39.114,0.141602,0.234375,0.34668,0.126953,0.390625,1.347656,1
17/11/2017 10:43:40.112,0.141602,0.234375,0.34668,0.126953,0.390625,1.347656,1
17/11/2017 10:43:41.113,0.141602,0.234375,0.34668,0.126953,0.385742,1.347656,1
17/11/2017 10:43:42.115,0.141602,0.234375,0.34668,0.126953,0.385742,1.347656,1
17/11/2017 10:43:43.114,0.141602,0.234375,0.34668,0.126953,0.385742,1.347656,1
17/11/2017 10:43:44.115,0.141602,0.234375,0.341797,0.126953,0.385742,1.347656,1
17/11/2017 10:43:45.117,0.141602,0.234375,0.341797,0.126953,0.385742,1.347656,1
17/11/2017 10:43:46.118,0.141602,0.229492,0.341797,0.126953,0.385742,1.347656,1
17/11/2017 10:43:47.116,0.141602,0.229492,0.341797,0.126953,0.385742,1.342773,1
17/11/2017 10:43:48.116,0.141602,0.229492,0.341797,0.126953,0.385742,1.342773,1
17/11/2017 10:43:49.120,0.141602,0.229492,0.341797,0.12207,0.385742,1.342773,1
17/11/2017 10:43:50.118,0.141602,0.229492,0.341797,0.12207,0.385742,1.342773,1
17/11/2017 10:43:51.119,0.141602,0.229492,0.341797,0.12207,0.385742,1.342773,1
17/11/2017 10:43:52.118,0.141602,0.229492,0.341797,0.126953,0.385742,1.342773,1
17/11/2017 10:43:53.121,0.141602,0.229492,0.341797,0.126953,0.385742,1.342773,1
17/11/2017 10:43:54.119,0.141602,0.229492,0.341797,0.12207,0.385742,1.342773,1
17/11/2017 10:43:55.120,0.141602,0.229492,0.341797,0.12207,0.385742,1.342773,1
17/11/2017 10:43:56.123,0.141602,0.229492,0.341797,0.126953,0.385742,1.337891,1
17/11/2017 11:12:32.523,0.102539,0.166016,0.273437,0.102539,0.375977,0.864258,1
17/11/2017 11:12:33.521,0.102539,0.166016,0.273437,0.102539,0.375977,0.869141,1
17/11/2017 11:12:34.522,0.102539,0.166016,0.273437,0.102539,0.375977,0.864258,1
17/11/2017 11:12:35.520,0.102539,0.166016,0.273437,0.102539,0.375977,0.869141,1
17/11/2017 11:12:36.525,0.102539,0.166016,0.273437,0.102539,0.375977,0.869141,1
17/11/2017 11:12:37.524,0.102539,0.166016,0.273437,0.102539,0.375977,0.869141,1
17/11/2017 11:12:38.525,0.102539,0.166016,0.273437,0.102539,0.375977,0.869141,1
17/11/2017 11:12:39.523,0.102539,0.166016,0.273437,0.102539,0.375977,0.869141,1
17/11/2017 11:12:40.522,0.102539,0.166016,0.273437,0.102539,0.375977,0.869141,1
17/11/2017 11:12:41.522,0.102539,0.166016,0.273437,0.102539,0.375977,0.869141,1
17/11/2017 11:12:42.525,0.102539,0.166016,0.27832,0.102539,0.375977,0.869141,1
17/11/2017 11:12:43.525,0.102539,0.166016,0.273437,0.102539,0.375977,0.869141,1
17/11/2017 11:12:44.523,0.102539,0.166016,0.27832,0.102539,0.375977,0.869141,1
17/11/2017 11:12:45.526,0.102539,0.166016,0.27832,0.102539,0.375977,0.869141,1
17/11/2017 11:12:46.526,0.102539,0.166016,0.273437,0.102539,0.375977,0.869141,1
17/11/2017 11:12:47.531,0.102539,0.166016,0.27832,0.102539,0.380859,0.869141,1
17/11/2017 11:12:48.529,0.102539,0.166016,0.27832,0.102539,0.380859,0.869141,1
17/11/2017 11:12:49.528,0.102539,0.166016,0.27832,0.102539,0.375977,0.869141,1
17/11/2017 11:12:50.527,0.102539,0.166016,0.27832,0.102539,0.375977,0.869141,1
17/11/2017 11:12:51.527,0.102539,0.166016,0.27832,0.102539,0.375977,0.869141,1
17/11/2017 11:12:52.531,0.102539,0.166016,0.27832,0.102539,0.380859,0.869141,1
17/11/2017 11:12:53.531,0.102539,0.166016,0.27832,0.102539,0.380859,0.869141,1
17/11/2017 11:12:54.530,0.102539,0.166016,0.27832,0.102539,0.380859,0.869141,1
17/11/2017 11:12:55.529,0.102539,0.166016,0.27832,0.102539,0.380859,0.869141,1
17/11/2017 11:12:56.528,0.102539,0.166016,0.27832,0.102539,0.380859,0.869141,1
17/11/2017 11:12:57.531,0.102539,0.166016,0.27832,0.102539,0.380859,0.869141,1
17/11/2017 11:12:58.531,0.102539,0.166016,0.27832,0.102539,0.380859,0.869141,1
17/11/2017 11:12:59.530,0.102539,0.166016,0.27832,0.102539,0.380859,0.869141,1
17/11/2017 11:13:00.529,0.102539,0.166016,0.27832,0.102539,0.380859,0.869141,1
17/11/2017 11:13:01.528,0.102539,0.166016,0.27832,0.102539,0.380859,0.869141,1
17/11/2017 11:13:02.529,0.102539,0.166016,0.27832,0.102539,0.380859,0.869141,1
17/11/2017 11:13:03.531,0.102539,0.166016,0.27832,0.102539,0.380859,0.869141,1
17/11/2017 11:13:04.531,0.102539,0.166016,0.27832,0.102539,0.380859,0.869141,1
17/11/2017 11:13:05.532,0.102539,0.166016,0.27832,0.102539,0.380859,0.869141,1
17/11/2017 11:13:06.534,0.102539,0.166016,0.27832,0.102539,0.380859,0.874023,1
17/11/2017 11:13:07.534,0.102539,0.166016,0.27832,0.102539,0.380859,0.869141,1
17/11/2017 11:13:08.534,0.102539,0.166016,0.27832,0.102539,0.380859,0.874023,1
17/11/2017 11:13:09.536,0.102539,0.166016,0.27832,0.102539,0.380859,0.874023,1
17/11/2017 11:13:10.535,0.102539,0.166016,0.27832,0.102539,0.380859,0.869141,1
17/11/2017 11:13:11.535,0.102539,0.166016,0.27832,0.102539,0.380859,0.874023,1
17/11/2017 11:13:12.535,0.102539,0.166016,0.27832,0.102539,0.380859,0.874023,1
17/11/2017 11:13:13.534,0.102539,0.166016,0.27832,0.102539,0.380859,0.874023,1
17/11/2017 11:13:14.538,0.102539,0.166016,0.27832,0.107422,0.380859,0.869141,1
17/11/2017 11:13:15.536,0.102539,0.166016,0.27832,0.102539,0.380859,0.874023,1
17/11/2017 11:13:16.536,0.102539,0.166016,0.27832,0.102539,0.380859,0.874023,1
17/11/2017 11:13:17.535,0.102539,0.166016,0.27832,0.102539,0.380859,0.874023,1
17/11/2017 11:13:18.534,0.102539,0.166016,0.27832,0.102539,0.380859,0.874023,1
17/11/2017 11:13:19.538,0.102539,0.166016,0.27832,0.102539,0.380859,0.874023,1
17/11/2017 11:13:20.538,0.102539,0.166016,0.27832,0.102539,0.380859,0.874023,1
17/11/2017 11:13:21.538,0.102539,0.166016,0.27832,0.102539,0.380859,0.874023,1
17/11/2017 11:13:22.541,0.102539,0.166016,0.27832,0.102539,0.380859,0.874023,1
17/11/2017 11:13:23.539,0.102539,0.166016,0.27832,0.102539,0.380859,0.874023,1
17/11/2017 11:13:24.539,0.102539,0.166016,0.27832,0.102539,0.380859,0.874023,1
17/11/2017 11:13:25.539,0.102539,0.166016,0.283203,0.102539,0.380859,0.874023,1
17/11/2017 11:13:26.538,0.102539,0.166016,0.27832,0.102539,0.380859,0.874023,1
17/11/2017 11:13:27.541,0.102539,0.166016,0.283203,0.102539,0.380859,0.874023,1
17/11/2017 11:13:28.541,0.102539,0.166016,0.27832,0.102539,0.380859,0.874023,1
17/11/2017 11:13:29.541,0.102539,0.166016,0.27832,0.102539,0.380859,0.874023,1
17/11/2017 11:13:30.539,0.102539,0.166016,0.27832,0.102539,0.380859,0.874023,1
17/11/2017 11:13:31.539,0.102539,0.166016,0.27832,0.102539,0.380859,0.874023,1
17/11/2017 11:13:32.542,0.102539,0.166016,0.27832,0.102539,0.380859,0.874023,1
17/11/2017 11:13:33.542,0.102539,0.170898,0.283203,0.102539,0.380859,0.874023,1
17/11/2017 11:13:34.542,0.102539,0.170898,0.283203,0.102539,0.380859,0.874023,1
17/11/2017 11:13:35.540,0.102539,0.166016,0.27832,0.102539,0.380859,0.874023,1
17/11/2017 11:13:36.540,0.102539,0.166016,0.27832,0.102539,0.380859,0.874023,1
17/11/2017 11:13:37.539,0.102539,0.170898,0.283203,0.102539,0.380859,0.874023,1
17/11/2017 11:13:38.542,0.102539,0.170898,0.27832,0.102539,0.380859,0.874023,1
17/11/2017 11:13:39.542,0.102539,0.170898,0.283203,0.102539,0.380859,0.874023,1
17/11/2017 11:13:40.541,0.102539,0.166016,0.283203,0.102539,0.380859,0.874023,1
17/11/2017 11:13:41.540,0.102539,0.170898,0.283203,0.102539,0.380859,0.874023,1
17/11/2017 11:13:42.545,0.102539,0.170898,0.283203,0.102539,0.380859,0.874023,1
17/11/2017 11:13:43.544,0.102539,0.170898,0.283203,0.102539,0.380859,0.874023,1
17/11/2017 11:13:44.543,0.102539,0.170898,0.283203,0.102539,0.380859,0.874023,1
17/11/2017 11:13:45.547,0.102539,0.170898,0.283203,0.102539,0.380859,0.874023,1
17/11/2017 11:13:46.546,0.102539,0.170898,0.283203,0.102539,0.380859,0.874023,1
17/11/2017 11:13:47.545,0.102539,0.170898,0.283203,0.102539,0.380859,0.874023,1
17/11/2017 11:13:48.545,0.102539,0.170898,0.283203,0.102539,0.380859,0.874023,1
17/11/2017 11:13:49.545,0.102539,0.170898,0.283203,0.102539,0.380859,0.874023,1
17/11/2017 11:13:50.548,0.102539,0.170898,0.283203,0.102539,0.380859,0.874023,1
17/11/2017 11:13:51.547,0.102539,0.170898,0.283203,0.102539,0.380859,0.874023,1
17/11/2017 11:13:52.546,0.102539,0.170898,0.283203,0.102539,0.380859,0.874023,1
17/11/2017 11:13:53.545,0.102539,0.170898,0.283203,0.102539,0.380859,0.874023,1
17/11/2017 11:13:54.548,0.102539,0.170898,0.283203,0.102539,0.380859,0.874023,1
17/11/2017 11:13:55.548,0.102539,0.170898,0.283203,0.102539,0.380859,0.874023,1
17/11/2017 11:13:56.548,0.102539,0.170898,0.283203,0.102539,0.380859,0.874023,1
17/11/2017 11:13:57.548,0.102539,0.170898,0.283203,0.102539,0.380859,0.874023,1
17/11/2017 11:13:58.551,0.102539,0.170898,0.283203,0.102539,0.380859,0.874023,1
17/11/2017 11:13:59.549,0.102539,0.170898,0.283203,0.102539,0.380859,0.874023,1
17/11/2017 11:14:00.550,0.102539,0.170898,0.283203,0.102539,0.380859,0.874023,1
17/11/2017 11:14:01.548,0.102539,0.170898,0.283203,0.102539,0.380859,0.874023,1
17/11/2017 11:14:02.550,0.102539,0.170898,0.283203,0.102539,0.380859,0.874023,1
17/11/2017 11:14:03.548,0.102539,0.170898,0.283203,0.102539,0.380859,0.874023,1
17/11/2017 11:14:04.546,0.102539,0.170898,0.283203,0.102539,0.380859,0.874023,1
17/11/2017 11:14:05.551,0.102539,0.170898,0.283203,0.102539,0.380859,0.874023,1
17/11/2017 11:14:06.551,0.102539,0.170898,0.283203,0.102539,0.380859,0.874023,1
17/11/2017 11:14:07.549,0.102539,0.170898,0.283203,0.102539,0.380859,0.874023,1
17/11/2017 11:14:08.549,0.102539,0.170898,0.283203,0.102539,0.380859,0.874023,1
17/11/2017 11:14:09.552,0.102539,0.170898,0.283203,0.102539,0.380859,0.874023,1
17/11/2017 11:14:10.552,0.102539,0.170898,0.283203,0.102539,0.385742,0.874023,1
17/11/2017 11:14:11.550,0.102539,0.170898,0.283203,0.102539,0.380859,0.874023,1
17/11/2017 11:14:12.551,0.102539,0.170898,0.283203,0.102539,0.380859,0.874023,1
17/11/2017 11:14:13.553,0.102539,0.170898,0.283203,0.102539,0.385742,0.874023,1
17/11/2017 11:14:14.552,0.107422,0.170898,0.283203,0.102539,0.385742,0.893555,1
17/11/2017 11:14:15.556,0.112305,0.185547,0.297852,0.107422,0.395508,0.942383,1
17/11/2017 11:14:16.555,0.117187,0.209961,0.332031,0.112305,0.410156,1.005859,1
17/11/2017 11:14:17.556,0.126953,0.239258,0.371094,0.117187,0.429687,1.074219,1
17/11/2017 11:14:18.553,0.136719,0.268555,0.405273,0.117187,0.444336,1.147461,1
17/11/2017 11:14:19.554,0.141602,0.292969,0.43457,0.12207,0.463867,1.21582,1
17/11/2017 11:14:20.556,0.151367,0.317383,0.463867,0.126953,0.478516,1.279297,1
17/11/2017 11:14:21.557,0.15625,0.336914,0.483398,0.131836,0.493164,1.342773,1
17/11/2017 11:14:22.559,0.161133,0.351562,0.50293,0.131836,0.50293,1.40625,1
17/11/2017 11:14:23.559,0.166016,0.361328,0.522461,0.136719,0.517578,1.459961,1
17/11/2017 11:14:24.558,0.166016,0.375977,0.537109,0.136719,0.527344,1.518555,1
17/11/2017 11:14:25.558,0.170898,0.385742,0.546875,0.141602,0.532227,1.567383,1
17/11/2017 11:14:26.557,0.175781,0.390625,0.561523,0.141602,0.541992,1.616211,1
17/11/2017 11:14:27.556,0.175781,0.400391,0.571289,0.141602,0.551758,1.660156,1
17/11/2017 11:14:28.561,0.180664,0.410156,0.581055,0.146484,0.561523,1.704102,1
17/11/2017 11:14:29.560,0.180664,0.415039,0.59082,0.146484,0.566406,1.743164,1
17/11/2017 11:14:30.558,0.185547,0.419922,0.600586,0.146484,0.576172,1.787109,1
17/11/2017 11:14:31.558,0.185547,0.424805,0.610352,0.151367,0.581055,1.821289,1
17/11/2017 11:14:32.562,0.185547,0.429687,0.615234,0.151367,0.59082,1.855469,1
17/11/2017 11:14:33.562,0.19043,0.43457,0.625,0.151367,0.595703,1.889648,1
17/11/2017 11:14:34.560,0.19043,0.439453,0.629883,0.151367,0.600586,1.918945,1
17/11/2017 11:14:35.561,0.195312,0.444336,0.634766,0.15625,0.610352,1.948242,1
17/11/2017 11:14:36.562,0.195312,0.449219,0.639648,0.15625,0.615234,1.972656,1
17/11/2017 11:14:37.563,0.195312,0.454102,0.644531,0.15625,0.620117,2.001953,1
17/11/2017 11:14:38.563,0.195312,0.458984,0.649414,0.15625,0.625,2.021484,1
17/11/2017 11:14:39.561,0.200195,0.463867,0.654297,0.161133,0.629883,2.045898,1
17/11/2017 11:14:40.562,0.200195,0.463867,0.65918,0.161133,0.634766,2.070312,1
17/11/2017 11:14:41.565,0.200195,0.46875,0.664062,0.161133,0.639648,2.089844,1
17/11/2017 11:14:42.564,0.205078,0.473633,0.664062,0.161133,0.644531,2.109375,1
17/11/2017 11:14:43.564,0.205078,0.478516,0.668945,0.161133,0.649414,2.124023,1
17/11/2017 11:14:44.562,0.205078,0.478516,0.673828,0.166016,0.654297,2.143555,1
17/11/2017 11:14:45.566,0.205078,0.483398,0.673828,0.166016,0.65918,2.158203,1
17/11/2017 11:14:46.565,0.205078,0.483398,0.678711,0.166016,0.664062,2.177734,1
17/11/2017 11:14:47.565,0.205078,0.488281,0.678711,0.166016,0.668945,2.192383,1
17/11/2017 11:14:48.568,0.209961,0.493164,0.683594,0.166016,0.673828,2.207031,1
17/11/2017 11:14:49.567,0.209961,0.493164,0.683594,0.170898,0.673828,2.22168,1
17/11/2017 11:14:50.566,0.209961,0.498047,0.688477,0.170898,0.678711,2.231445,1
17/11/2017 11:14:51.567,0.209961,0.50293,0.688477,0.170898,0.683594,2.246094,1
17/11/2017 11:14:52.566,0.209961,0.50293,0.693359,0.170898,0.688477,2.260742,1
17/11/2017 11:14:53.565,0.214844,0.507812,0.693359,0.170898,0.688477,2.270508,1
17/11/2017 11:14:54.569,0.214844,0.512695,0.693359,0.170898,0.693359,2.280273,1
17/11/2017 11:14:55.568,0.214844,0.512695,0.698242,0.170898,0.698242,2.290039,1
17/11/2017 11:14:56.567,0.214844,0.517578,0.698242,0.175781,0.703125,2.299805,1
17/11/2017 11:14:57.571,0.214844,0.517578,0.698242,0.175781,0.703125,2.30957,1
17/11/2017 11:14:58.569,0.214844,0.522461,0.703125,0.175781,0.708008,2.319336,1
17/11/2017 11:14:59.570,0.219727,0.522461,0.703125,0.175781,0.708008,2.329102,1
17/11/2017 11:15:00.569,0.219727,0.527344,0.703125,0.175781,0.712891,2.333984,1
17/11/2017 11:15:01.571,0.219727,0.527344,0.708008,0.175781,0.717773,2.34375,1
17/11/2017 11:15:02.571,0.219727,0.532227,0.708008,0.180664,0.717773,2.353516,1
17/11/2017 11:15:03.570,0.219727,0.532227,0.708008,0.180664,0.722656,2.358398,1
17/11/2017 11:15:04.570,0.219727,0.537109,0.708008,0.180664,0.722656,2.368164,1
17/11/2017 11:15:05.574,0.219727,0.537109,0.708008,0.180664,0.727539,2.37793,1
17/11/2017 11:15:06.573,0.219727,0.541992,0.712891,0.180664,0.727539,2.382812,1
17/11/2017 11:15:07.572,0.224609,0.541992,0.712891,0.180664,0.732422,2.387695,1
17/11/2017 11:15:08.576,0.224609,0.546875,0.712891,0.185547,0.732422,2.397461,1
17/11/2017 11:15:09.576,0.224609,0.546875,0.712891,0.180664,0.737305,2.402344,1
17/11/2017 11:15:10.575,0.224609,0.551758,0.712891,0.185547,0.737305,2.407227,1
17/11/2017 11:15:11.575,0.224609,0.551758,0.717773,0.185547,0.742187,2.416992,1
17/11/2017 11:15:12.574,0.224609,0.556641,0.717773,0.185547,0.742187,2.421875,1
17/11/2017 11:15:13.577,0.224609,0.556641,0.717773,0.185547,0.74707,2.426758,1
17/11/2017 11:15:14.577,0.224609,0.561523,0.717773,0.185547,0.74707,2.431641,1
17/11/2017 11:15:15.575,0.229492,0.561523,0.717773,0.185547,0.751953,2.436523,1
17/11/2017 11:15:16.575,0.229492,0.561523,0.717773,0.185547,0.751953,2.441406,1
17/11/2017 11:15:17.573,0.229492,0.566406,0.722656,0.185547,0.756836,2.446289,1
17/11/2017 11:15:18.574,0.229492,0.566406,0.722656,0.19043,0.756836,2.451172,1
17/11/2017 11:15:19.576,0.229492,0.571289,0.722656,0.19043,0.756836,2.456055,1
17/11/2017 11:15:20.577,0.229492,0.571289,0.722656,0.19043,0.761719,2.456055,1
17/11/2017 11:15:21.576,0.229492,0.571289,0.722656,0.19043,0.761719,2.460937,1
17/11/2017 11:15:22.575,0.229492,0.576172,0.722656,0.19043,0.761719,2.46582,1
17/11/2017 11:15:23.578,0.234375,0.576172,0.727539,0.19043,0.766602,2.470703,1
17/11/2017 11:15:24.579,0.234375,0.581055,0.727539,0.19043,0.766602,2.475586,1
17/11/2017 11:15:25.577,0.234375,0.581055,0.727539,0.19043,0.771484,2.480469,1
17/11/2017 11:15:26.580,0.234375,0.581055,0.727539,0.195312,0.771484,2.480469,1
17/11/2017 11:15:27.580,0.234375,0.585937,0.727539,0.195312,0.771484,2.485352,1
17/11/2017 11:15:28.580,0.234375,0.585937,0.727539,0.195312,0.776367,2.490234,1
17/11/2017 11:15:29.578,0.234375,0.59082,0.727539,0.195312,0.776367,2.490234,1
17/11/2017 11:15:30.583,0.234375,0.59082,0.727539,0.195312,0.776367,2.495117,1
17/11/2017 11:15:31.582,0.234375,0.59082,0.727539,0.195312,0.776367,2.5,1
17/11/2017 11:15:32.582,0.234375,0.595703,0.727539,0.195312,0.78125,2.5,1
17/11/2017 11:15:33.580,0.239258,0.595703,0.727539,0.195312,0.78125,2.504883,1
17/11/2017 11:15:34.584,0.239258,0.595703,0.727539,0.195312,0.78125,2.504883,1
17/11/2017 11:15:35.583,0.239258,0.600586,0.727539,0.195312,0.786133,2.509766,1
17/11/2017 11:15:36.583,0.239258,0.600586,0.732422,0.200195,0.786133,2.509766,1
17/11/2017 11:15:37.581,0.239258,0.600586,0.727539,0.200195,0.786133,2.509766,1
17/11/2017 11:15:38.581,0.239258,0.605469,0.732422,0.200195,0.786133,2.514648,1
17/11/2017 11:15:39.585,0.239258,0.605469,0.732422,0.200195,0.791016,2.519531,1
17/11/2017 11:15:40.585,0.239258,0.605469,0.732422,0.200195,0.791016,2.519531,1
17/11/2017 11:15:41.583,0.239258,0.610352,0.732422,0.200195,0.791016,2.519531,1
17/11/2017 11:15:42.584,0.239258,0.610352,0.732422,0.200195,0.791016,2.524414,1
17/11/2017 11:15:43.583,0.244141,0.610352,0.732422,0.200195,0.791016,2.524414,1
17/11/2017 11:15:44.586,0.244141,0.615234,0.732422,0.200195,0.795898,2.529297,1
17/11/2017 11:15:45.585,0.244141,0.615234,0.732422,0.200195,0.795898,2.529297,1
17/11/2017 11:15:46.585,0.244141,0.615234,0.732422,0.200195,0.795898,2.529297,1
17/11/2017 11:15:47.585,0.244141,0.620117,0.732422,0.200195,0.795898,2.53418,1
17/11/2017 11:15:48.588,0.244141,0.620117,0.732422,0.200195,0.795898,2.53418,1
17/11/2017 11:15:49.588,0.244141,0.620117,0.732422,0.205078,0.800781,2.53418,1
17/11/2017 11:15:50.586,0.244141,0.625,0.732422,0.205078,0.800781,2.53418,1
17/11/2017 11:15:51.585,0.244141,0.625,0.732422,0.205078,0.800781,2.539062,1
17/11/2017 11:15:52.588,0.244141,0.625,0.732422,0.205078,0.800781,2.539062,1
17/11/2017 11:15:53.589,0.244141,0.625,0.732422,0.205078,0.805664,2.539062,1
17/11/2017 11:15:54.588,0.249023,0.629883,0.732422,0.205078,0.805664,2.539062,1
17/11/2017 11:15:55.587,0.249023,0.629883,0.732422,0.205078,0.805664,2.543945,1
17/11/2017 11:15:56.586,0.249023,0.629883,0.732422,0.205078,0.805664,2.543945,1
17/11/2017 11:15:57.590,0.249023,0.629883,0.732422,0.205078,0.805664,2.543945,1
17/11/2017 11:15:58.588,0.249023,0.629883,0.737305,0.209961,0.805664,2.548828,1
17/11/2017 11:15:59.593,0.249023,0.634766,0.737305,0.205078,0.810547,2.548828,1
17/11/2017 11:16:00.592,0.249023,0.634766,0.737305,0.205078,0.810547,2.548828,1
17/11/2017 11:16:01.590,0.249023,0.634766,0.737305,0.209961,0.810547,2.553711,1
17/11/2017 11:16:02.590,0.249023,0.639648,0.737305,0.209961,0.810547,2.553711,1
17/11/2017 11:16:03.590,0.249023,0.639648,0.737305,0.209961,0.810547,2.553711,1
17/11/2017 11:16:04.590,0.249023,0.639648,0.737305,0.209961,0.810547,2.558594,1
17/11/2017 11:16:05.593,0.249023,0.639648,0.737305,0.209961,0.810547,2.558594,1
17/11/2017 11:16:06.593,0.249023,0.639648,0.737305,0.209961,0.81543,2.558594,1
17/11/2017 11:16:07.591,0.253906,0.644531,0.737305,0.209961,0.81543,2.558594,1
17/11/2017 11:16:08.591,0.253906,0.644531,0.737305,0.209961,0.81543,2.558594,1
17/11/2017 11:16:09.591,0.253906,0.644531,0.737305,0.209961,0.81543,2.563477,1
17/11/2017 11:16:10.594,0.253906,0.644531,0.737305,0.209961,0.81543,2.563477,1
17/11/2017 11:16:11.594,0.253906,0.649414,0.737305,0.209961,0.81543,2.563477,1
17/11/2017 11:16:12.593,0.253906,0.649414,0.737305,0.209961,0.81543,2.563477,1
17/11/2017 11:16:13.596,0.253906,0.649414,0.737305,0.214844,0.820312,2.563477,1
17/11/2017 11:16:14.596,0.253906,0.649414,0.737305,0.209961,0.820312,2.563477,1
17/11/2017 11:16:15.594,0.253906,0.649414,0.737305,0.214844,0.820312,2.568359,1
17/11/2017 11:16:16.593,0.253906,0.649414,0.737305,0.214844,0.820312,2.568359,1
17/11/2017 11:16:17.594,0.253906,0.654297,0.737305,0.214844,0.820312,2.568359,1
17/11/2017 11:16:18.598,0.253906,0.654297,0.737305,0.214844,0.820312,2.568359,1
17/11/2017 11:16:19.596,0.258789,0.654297,0.737305,0.214844,0.820312,2.568359,1
17/11/2017 11:16:20.596,0.253906,0.654297,0.737305,0.214844,0.820312,2.568359,1
17/11/2017 11:16:21.596,0.258789,0.65918,0.737305,0.214844,0.825195,2.568359,1
17/11/2017 11:16:22.594,0.258789,0.65918,0.737305,0.214844,0.825195,2.573242,1
17/11/2017 11:16:23.598,0.253906,0.65918,0.737305,0.214844,0.825195,2.573242,1
17/11/2017 11:16:24.597,0.258789,0.65918,0.742187,0.214844,0.825195,2.573242,1
17/11/2017 11:16:25.600,0.258789,0.65918,0.737305,0.214844,0.825195,2.573242,1
17/11/2017 11:16:26.596,0.258789,0.664062,0.742187,0.214844,0.825195,2.573242,1
17/11/2017 11:16:27.599,0.258789,0.664062,0.742187,0.219727,0.825195,2.573242,1
17/11/2017 11:16:28.600,0.258789,0.664062,0.737305,0.219727,0.825195,2.573242,1
17/11/2017 11:16:29.600,0.258789,0.664062,0.742187,0.219727,0.830078,2.573242,1
17/11/2017 11:16:30.601,0.258789,0.664062,0.737305,0.219727,0.825195,2.573242,1
17/11/2017 11:16:31.602,0.258789,0.664062,0.742187,0.219727,0.830078,2.578125,1
17/11/2017 11:16:32.601,0.258789,0.668945,0.742187,0.219727,0.830078,2.578125,1
17/11/2017 11:16:33.601,0.258789,0.668945,0.742187,0.219727,0.830078,2.578125,1
17/11/2017 11:16:34.599,0.258789,0.668945,0.737305,0.219727,0.830078,2.578125,1
17/11/2017 11:16:35.598,0.258789,0.668945,0.737305,0.219727,0.830078,2.578125,1
17/11/2017 11:16:36.601,0.263672,0.668945,0.742187,0.219727,0.830078,2.578125,1
17/11/2017 11:16:37.602,0.263672,0.668945,0.742187,0.219727,0.830078,2.578125,1
17/11/2017 11:16:38.600,0.263672,0.673828,0.742187,0.219727,0.830078,2.578125,1
17/11/2017 11:16:39.603,0.263672,0.673828,0.742187,0.219727,0.830078,2.578125,1
17/11/2017 11:16:40.603,0.263672,0.673828,0.742187,0.219727,0.830078,2.578125,1
17/11/2017 11:16:41.602,0.263672,0.673828,0.742187,0.219727,0.830078,2.578125,1
17/11/2017 11:16:42.607,0.263672,0.673828,0.742187,0.219727,0.834961,2.578125,1
17/11/2017 11:16:43.607,0.263672,0.673828,0.742187,0.224609,0.830078,2.578125,1
17/11/2017 11:16:44.605,0.263672,0.678711,0.742187,0.219727,0.834961,2.578125,1
17/11/2017 11:16:45.603,0.263672,0.678711,0.742187,0.224609,0.834961,2.578125,1
17/11/2017 11:16:46.604,0.263672,0.678711,0.742187,0.224609,0.834961,2.583008,1
17/11/2017 11:16:47.608,0.263672,0.678711,0.742187,0.224609,0.834961,2.583008,1
17/11/2017 11:16:48.607,0.263672,0.678711,0.742187,0.224609,0.834961,2.583008,1
17/11/2017 11:16:49.606,0.263672,0.678711,0.742187,0.224609,0.834961,2.583008,1
17/11/2017 11:16:50.605,0.263672,0.683594,0.742187,0.224609,0.834961,2.583008,1
17/11/2017 11:16:51.605,0.263672,0.683594,0.742187,0.224609,0.834961,2.583008,1
17/11/2017 11:16:52.608,0.263672,0.683594,0.742187,0.224609,0.834961,2.583008,1
17/11/2017 11:16:53.607,0.263672,0.683594,0.742187,0.224609,0.834961,2.583008,1
17/11/2017 11:16:54.608,0.263672,0.683594,0.742187,0.224609,0.834961,2.583008,1
17/11/2017 11:16:55.606,0.268555,0.683594,0.742187,0.224609,0.839844,2.587891,1
17/11/2017 11:16:56.610,0.268555,0.683594,0.742187,0.224609,0.839844,2.587891,1
17/11/2017 11:16:57.610,0.268555,0.683594,0.742187,0.224609,0.839844,2.587891,1
17/11/2017 11:16:58.608,0.268555,0.688477,0.742187,0.224609,0.839844,2.587891,1
17/11/2017 11:16:59.609,0.268555,0.688477,0.742187,0.224609,0.839844,2.587891,1
17/11/2017 11:17:00.612,0.268555,0.688477,0.742187,0.224609,0.839844,2.587891,1
17/11/2017 11:17:01.611,0.268555,0.688477,0.742187,0.224609,0.839844,2.587891,1
17/11/2017 11:17:02.615,0.268555,0.688477,0.742187,0.224609,0.839844,2.587891,1
17/11/2017 11:17:03.613,0.268555,0.688477,0.742187,0.224609,0.839844,2.587891,1
17/11/2017 11:17:04.612,0.268555,0.688477,0.742187,0.224609,0.839844,2.587891,1
17/11/2017 11:17:05.613,0.268555,0.688477,0.742187,0.224609,0.839844,2.587891,1
17/11/2017 11:17:06.611,0.268555,0.693359,0.742187,0.229492,0.839844,2.587891,1
17/11/2017 11:17:07.611,0.268555,0.693359,0.742187,0.229492,0.839844,2.587891,1
17/11/2017 11:17:08.614,0.268555,0.693359,0.742187,0.229492,0.839844,2.587891,1
17/11/2017 11:17:09.614,0.268555,0.693359,0.742187,0.229492,0.839844,2.587891,1
17/11/2017 11:17:10.613,0.268555,0.693359,0.742187,0.229492,0.839844,2.592773,1
17/11/2017 11:17:11.613,0.268555,0.693359,0.742187,0.229492,0.839844,2.592773,1
17/11/2017 11:17:12.613,0.268555,0.693359,0.742187,0.229492,0.844727,2.592773,1
17/11/2017 11:17:13.614,0.268555,0.693359,0.742187,0.229492,0.839844,2.592773,1
17/11/2017 11:17:14.614,0.268555,0.693359,0.742187,0.229492,0.839844,2.592773,1
17/11/2017 11:17:15.614,0.268555,0.698242,0.742187,0.229492,0.844727,2.592773,1
17/11/2017 11:17:16.613,0.273437,0.698242,0.742187,0.229492,0.844727,2.592773,1
17/11/2017 11:17:17.612,0.273437,0.698242,0.742187,0.229492,0.844727,2.592773,1
17/11/2017 11:17:18.613,0.273437,0.698242,0.742187,0.229492,0.844727,2.592773,1
17/11/2017 11:17:19.611,0.273437,0.698242,0.742187,0.229492,0.844727,2.592773,1
17/11/2017 11:17:20.616,0.273437,0.698242,0.742187,0.229492,0.844727,2.592773,1
17/11/2017 11:17:21.615,0.273437,0.698242,0.742187,0.229492,0.844727,2.592773,1
17/11/2017 11:17:22.615,0.273437,0.698242,0.742187,0.229492,0.844727,2.592773,1
17/11/2017 11:17:23.612,0.273437,0.698242,0.742187,0.229492,0.844727,2.592773,1
17/11/2017 11:17:24.618,0.273437,0.698242,0.742187,0.229492,0.844727,2.592773,1
17/11/2017 11:17:25.615,0.273437,0.703125,0.742187,0.229492,0.844727,2.592773,1
17/11/2017 11:17:26.614,0.273437,0.703125,0.742187,0.229492,0.844727,2.592773,1
17/11/2017 11:17:27.619,0.273437,0.703125,0.742187,0.229492,0.844727,2.592773,1
17/11/2017 11:17:28.618,0.273437,0.703125,0.742187,0.229492,0.844727,2.592773,1
17/11/2017 11:17:29.618,0.273437,0.703125,0.742187,0.229492,0.844727,2.592773,1
17/11/2017 11:17:30.618,0.273437,0.703125,0.742187,0.229492,0.844727,2.587891,1
17/11/2017 11:17:31.616,0.273437,0.703125,0.742187,0.229492,0.844727,2.587891,1
17/11/2017 11:17:32.615,0.273437,0.703125,0.742187,0.229492,0.844727,2.587891,1
17/11/2017 11:17:33.619,0.273437,0.703125,0.742187,0.229492,0.844727,2.587891,1
17/11/2017 11:17:34.618,0.273437,0.703125,0.742187,0.229492,0.844727,2.587891,1
17/11/2017 11:17:35.618,0.273437,0.703125,0.742187,0.234375,0.844727,2.587891,1
17/11/2017 11:17:36.617,0.273437,0.703125,0.742187,0.234375,0.844727,2.587891,1
17/11/2017 11:17:37.621,0.273437,0.703125,0.742187,0.234375,0.844727,2.587891,1
17/11/2017 11:17:38.620,0.273437,0.708008,0.742187,0.234375,0.844727,2.587891,1
17/11/2017 11:17:39.618,0.273437,0.708008,0.742187,0.234375,0.844727,2.587891,1
17/11/2017 11:17:40.619,0.273437,0.708008,0.742187,0.234375,0.844727,2.587891,1
17/11/2017 11:17:41.619,0.273437,0.708008,0.742187,0.234375,0.844727,2.587891,1
17/11/2017 11:17:42.617,0.27832,0.708008,0.742187,0.234375,0.844727,2.587891,1
17/11/2017 11:17:43.621,0.273437,0.708008,0.742187,0.234375,0.844727,2.587891,1
17/11/2017 11:17:44.620,0.27832,0.708008,0.742187,0.234375,0.844727,2.587891,1
17/11/2017 11:17:45.619,0.27832,0.708008,0.742187,0.234375,0.844727,2.587891,1
17/11/2017 11:17:46.623,0.27832,0.708008,0.742187,0.234375,0.844727,2.587891,1
17/11/2017 11:17:47.622,0.27832,0.708008,0.742187,0.234375,0.844727,2.587891,1
17/11/2017 11:17:48.622,0.27832,0.708008,0.742187,0.234375,0.844727,2.587891,1
17/11/2017 11:17:49.621,0.27832,0.708008,0.742187,0.234375,0.849609,2.587891,1
17/11/2017 11:17:50.620,0.27832,0.708008,0.742187,0.234375,0.844727,2.587891,1
17/11/2017 11:17:51.625,0.27832,0.708008,0.742187,0.234375,0.844727,2.587891,1
17/11/2017 11:17:52.623,0.27832,0.708008,0.742187,0.234375,0.849609,2.587891,1
17/11/2017 11:17:53.622,0.27832,0.708008,0.742187,0.234375,0.849609,2.587891,1
17/11/2017 11:17:54.623,0.27832,0.712891,0.742187,0.234375,0.849609,2.587891,1
17/11/2017 11:17:55.626,0.27832,0.712891,0.742187,0.234375,0.849609,2.587891,1
17/11/2017 11:17:56.625,0.27832,0.712891,0.742187,0.234375,0.849609,2.587891,1
17/11/2017 11:17:57.628,0.27832,0.712891,0.742187,0.234375,0.844727,2.587891,1
17/11/2017 11:17:58.629,0.27832,0.712891,0.742187,0.234375,0.849609,2.587891,1
17/11/2017 11:17:59.627,0.27832,0.712891,0.742187,0.234375,0.849609,2.587891,1
17/11/2017 11:18:00.626,0.27832,0.712891,0.742187,0.234375,0.849609,2.587891,1
17/11/2017 11:18:01.626,0.27832,0.712891,0.742187,0.234375,0.849609,2.587891,1
17/11/2017 11:18:02.625,0.27832,0.712891,0.742187,0.234375,0.849609,2.587891,1
17/11/2017 11:18:03.625,0.27832,0.712891,0.742187,0.234375,0.849609,2.587891,1
17/11/2017 11:18:04.629,0.27832,0.712891,0.742187,0.234375,0.849609,2.587891,1
17/11/2017 11:18:05.627,0.27832,0.712891,0.74707,0.234375,0.849609,2.587891,1
17/11/2017 11:18:06.627,0.27832,0.712891,0.74707,0.234375,0.849609,2.587891,1
17/11/2017 11:18:07.629,0.283203,0.712891,0.742187,0.234375,0.849609,2.587891,1
17/11/2017 11:18:08.629,0.27832,0.717773,0.742187,0.234375,0.849609,2.587891,1
17/11/2017 11:18:09.628,0.27832,0.712891,0.742187,0.234375,0.849609,2.587891,1
17/11/2017 11:18:10.629,0.27832,0.717773,0.74707,0.234375,0.849609,2.587891,1
17/11/2017 11:18:11.632,0.283203,0.717773,0.742187,0.234375,0.849609,2.587891,1
17/11/2017 11:18:12.630,0.283203,0.717773,0.74707,0.239258,0.849609,2.587891,1
17/11/2017 11:18:13.631,0.27832,0.717773,0.74707,0.234375,0.849609,2.587891,1
17/11/2017 11:18:14.629,0.283203,0.717773,0.742187,0.239258,0.849609,2.587891,1
17/11/2017 11:18:15.628,0.283203,0.717773,0.742187,0.239258,0.849609,2.587891,1
17/11/2017 11:18:16.628,0.283203,0.717773,0.742187,0.239258,0.849609,2.587891,1
17/11/2017 11:18:17.632,0.283203,0.717773,0.74707,0.239258,0.849609,2.587891,1
17/11/2017 11:18:18.632,0.283203,0.717773,0.742187,0.239258,0.849609,2.587891,1
17/11/2017 11:18:19.631,0.283203,0.717773,0.742187,0.239258,0.849609,2.587891,1
17/11/2017 11:18:20.630,0.283203,0.717773,0.742187,0.239258,0.849609,2.587891,1
17/11/2017 11:18:21.633,0.283203,0.717773,0.742187,0.239258,0.849609,2.587891,1
17/11/2017 11:18:22.633,0.283203,0.717773,0.742187,0.239258,0.849609,2.587891,1
17/11/2017 11:18:23.631,0.283203,0.717773,0.742187,0.239258,0.849609,2.587891,1
17/11/2017 11:18:24.631,0.283203,0.717773,0.742187,0.239258,0.849609,2.592773,1
17/11/2017 11:18:25.630,0.283203,0.717773,0.742187,0.239258,0.849609,2.592773,1
17/11/2017 11:18:26.634,0.283203,0.717773,0.742187,0.239258,0.849609,2.587891,1
17/11/2017 11:18:27.635,0.283203,0.717773,0.742187,0.239258,0.849609,2.587891,1
17/11/2017 11:18:28.633,0.283203,0.722656,0.74707,0.239258,0.849609,2.592773,1
17/11/2017 11:18:29.632,0.283203,0.717773,0.742187,0.239258,0.849609,2.587891,1
17/11/2017 11:18:30.632,0.283203,0.722656,0.742187,0.239258,0.854492,2.587891,1
17/11/2017 11:18:31.636,0.283203,0.722656,0.742187,0.239258,0.849609,2.587891,1
17/11/2017 11:18:32.635,0.283203,0.722656,0.742187,0.239258,0.849609,2.587891,1
17/11/2017 11:18:33.634,0.283203,0.722656,0.742187,0.239258,0.849609,2.587891,1
17/11/2017 11:18:34.633,0.283203,0.722656,0.74707,0.239258,0.849609,2.587891,1
17/11/2017 11:18:35.633,0.283203,0.722656,0.742187,0.239258,0.849609,2.587891,1
17/11/2017 11:18:36.636,0.283203,0.722656,0.742187,0.239258,0.854492,2.587891,1
17/11/2017 11:18:37.637,0.283203,0.722656,0.74707,0.239258,0.854492,2.587891,1
17/11/2017 11:18:38.636,0.283203,0.722656,0.742187,0.239258,0.854492,2.587891,1
17/11/2017 11:18:39.635,0.283203,0.722656,0.742187,0.239258,0.854492,2.587891,1
17/11/2017 11:18:40.638,0.283203,0.722656,0.74707,0.239258,0.849609,2.587891,1
17/11/2017 11:18:41.638,0.283203,0.722656,0.74707,0.239258,0.854492,2.592773,1
17/11/2017 11:18:42.637,0.283203,0.722656,0.74707,0.239258,0.854492,2.592773,1
17/11/2017 11:18:43.637,0.283203,0.722656,0.74707,0.239258,0.854492,2.592773,1
17/11/2017 11:18:44.635,0.283203,0.722656,0.74707,0.239258,0.854492,2.592773,1
17/11/2017 11:18:45.640,0.283203,0.722656,0.74707,0.239258,0.854492,2.592773,1
17/11/2017 11:18:46.639,0.283203,0.722656,0.74707,0.239258,0.854492,2.592773,1
17/11/2017 11:18:47.639,0.283203,0.722656,0.74707,0.239258,0.854492,2.592773,1
17/11/2017 11:18:48.641,0.283203,0.722656,0.74707,0.239258,0.854492,2.587891,1
17/11/2017 11:18:49.641,0.283203,0.722656,0.74707,0.239258,0.854492,2.587891,1
17/11/2017 11:18:50.640,0.288086,0.722656,0.74707,0.239258,0.854492,2.587891,1
17/11/2017 11:18:51.639,0.288086,0.722656,0.74707,0.239258,0.854492,2.587891,1
17/11/2017 11:18:52.640,0.288086,0.722656,0.74707,0.239258,0.854492,2.587891,1
17/11/2017 11:18:53.643,0.283203,0.722656,0.74707,0.239258,0.854492,2.587891,1
17/11/2017 11:18:54.642,0.283203,0.727539,0.74707,0.239258,0.854492,2.587891,1
17/11/2017 11:18:55.641,0.288086,0.727539,0.74707,0.239258,0.854492,2.592773,1
17/11/2017 11:18:56.640,0.288086,0.727539,0.74707,0.239258,0.854492,2.592773,1
17/11/2017 11:18:57.640,0.288086,0.727539,0.74707,0.239258,0.854492,2.592773,1
17/11/2017 11:18:58.644,0.288086,0.727539,0.74707,0.239258,0.854492,2.592773,1
17/11/2017 11:18:59.643,0.288086,0.727539,0.74707,0.244141,0.854492,2.592773,1
17/11/2017 11:19:00.642,0.288086,0.727539,0.74707,0.244141,0.854492,2.592773,1
17/11/2017 11:19:01.641,0.288086,0.727539,0.74707,0.244141,0.854492,2.592773,1
17/11/2017 11:19:02.644,0.288086,0.727539,0.74707,0.239258,0.854492,2.592773,1
17/11/2017 11:19:03.644,0.288086,0.727539,0.74707,0.239258,0.854492,2.592773,1
17/11/2017 11:19:04.643,0.288086,0.727539,0.74707,0.244141,0.854492,2.592773,1
17/11/2017 11:19:05.643,0.288086,0.727539,0.74707,0.244141,0.854492,2.592773,1
17/11/2017 11:19:06.642,0.288086,0.727539,0.74707,0.244141,0.854492,2.587891,1
17/11/2017 11:19:07.641,0.288086,0.727539,0.74707,0.244141,0.859375,2.592773,1
17/11/2017 11:19:08.641,0.288086,0.727539,0.74707,0.244141,0.854492,2.592773,1
17/11/2017 11:19:09.645,0.288086,0.727539,0.74707,0.244141,0.854492,2.592773,1
17/11/2017 11:19:10.643,0.288086,0.727539,0.74707,0.244141,0.859375,2.592773,1
17/11/2017 11:19:11.643,0.288086,0.727539,0.74707,0.244141,0.854492,2.592773,1
17/11/2017 11:19:12.647,0.288086,0.727539,0.74707,0.244141,0.859375,2.587891,1
17/11/2017 11:19:13.646,0.288086,0.727539,0.74707,0.244141,0.859375,2.587891,1
17/11/2017 11:19:14.646,0.288086,0.727539,0.74707,0.244141,0.859375,2.587891,1
17/11/2017 11:19:15.644,0.288086,0.727539,0.74707,0.244141,0.859375,2.587891,1
17/11/2017 11:19:16.645,0.288086,0.727539,0.74707,0.244141,0.859375,2.587891,1
17/11/2017 11:19:17.647,0.288086,0.727539,0.74707,0.244141,0.859375,2.587891,1
17/11/2017 11:19:18.646,0.288086,0.727539,0.74707,0.244141,0.859375,2.587891,1
17/11/2017 11:19:19.645,0.288086,0.732422,0.74707,0.244141,0.859375,2.587891,1
17/11/2017 11:19:20.646,0.288086,0.727539,0.74707,0.244141,0.859375,2.587891,1
17/11/2017 11:19:21.645,0.288086,0.727539,0.74707,0.244141,0.859375,2.587891,1
17/11/2017 11:19:22.649,0.288086,0.732422,0.74707,0.244141,0.859375,2.587891,1
17/11/2017 11:19:23.647,0.288086,0.732422,0.74707,0.244141,0.859375,2.587891,1
17/11/2017 11:19:24.648,0.288086,0.727539,0.74707,0.244141,0.859375,2.587891,1
17/11/2017 11:19:25.650,0.288086,0.732422,0.74707,0.244141,0.859375,2.587891,1
17/11/2017 11:19:26.650,0.288086,0.732422,0.74707,0.244141,0.859375,2.587891,1
17/11/2017 11:19:27.649,0.288086,0.732422,0.74707,0.244141,0.859375,2.587891,1
17/11/2017 11:19:28.648,0.288086,0.732422,0.74707,0.244141,0.859375,2.587891,1
17/11/2017 11:19:29.649,0.288086,0.732422,0.74707,0.244141,0.859375,2.587891,1
17/11/2017 11:19:30.652,0.288086,0.732422,0.74707,0.244141,0.859375,2.587891,1
17/11/2017 11:19:31.651,0.288086,0.732422,0.74707,0.244141,0.859375,2.587891,1
17/11/2017 11:19:32.649,0.288086,0.732422,0.74707,0.244141,0.859375,2.587891,1
17/11/2017 11:19:33.649,0.292969,0.732422,0.74707,0.244141,0.859375,2.587891,1
17/11/2017 11:19:34.648,0.288086,0.732422,0.74707,0.244141,0.859375,2.587891,1
17/11/2017 11:19:35.648,0.288086,0.732422,0.74707,0.244141,0.859375,2.587891,1
17/11/2017 11:19:36.651,0.292969,0.732422,0.74707,0.244141,0.859375,2.587891,1
17/11/2017 11:19:37.651,0.292969,0.732422,0.74707,0.244141,0.859375,2.587891,1
17/11/2017 11:19:38.650,0.288086,0.732422,0.74707,0.244141,0.859375,2.587891,1
17/11/2017 11:19:39.650,0.292969,0.732422,0.74707,0.244141,0.859375,2.587891,1
17/11/2017 11:19:40.649,0.292969,0.732422,0.74707,0.244141,0.859375,2.592773,1
17/11/2017 11:19:41.652,0.292969,0.732422,0.74707,0.244141,0.859375,2.592773,1
17/11/2017 11:19:42.652,0.292969,0.732422,0.74707,0.244141,0.859375,2.592773,1
17/11/2017 11:19:43.652,0.292969,0.732422,0.74707,0.244141,0.859375,2.592773,1
17/11/2017 11:19:44.651,0.292969,0.732422,0.74707,0.244141,0.859375,2.592773,1
17/11/2017 11:19:45.649,0.292969,0.732422,0.74707,0.244141,0.859375,2.592773,1
17/11/2017 11:19:46.653,0.292969,0.732422,0.74707,0.244141,0.859375,2.592773,1
17/11/2017 11:19:47.653,0.292969,0.732422,0.74707,0.244141,0.859375,2.592773,1
17/11/2017 11:19:48.652,0.292969,0.732422,0.74707,0.244141,0.859375,2.592773,1
17/11/2017 11:19:49.652,0.292969,0.732422,0.74707,0.244141,0.859375,2.592773,1
17/11/2017 11:19:50.656,0.292969,0.732422,0.74707,0.244141,0.859375,2.592773,1
17/11/2017 11:19:51.654,0.292969,0.732422,0.74707,0.244141,0.859375,2.592773,1
17/11/2017 11:19:52.654,0.292969,0.732422,0.751953,0.244141,0.859375,2.592773,1
17/11/2017 11:19:53.654,0.292969,0.732422,0.751953,0.249023,0.859375,2.592773,1
17/11/2017 11:19:54.657,0.292969,0.732422,0.74707,0.244141,0.859375,2.592773,1
17/11/2017 11:19:55.656,0.292969,0.732422,0.751953,0.244141,0.859375,2.597656,1
17/11/2017 11:19:56.660,0.292969,0.732422,0.751953,0.244141,0.859375,2.597656,1
17/11/2017 11:19:57.659,0.292969,0.732422,0.751953,0.249023,0.859375,2.597656,1
17/11/2017 11:19:58.657,0.292969,0.732422,0.751953,0.244141,0.859375,2.592773,1
17/11/2017 11:19:59.657,0.292969,0.732422,0.751953,0.244141,0.859375,2.592773,1
17/11/2017 11:20:00.656,0.292969,0.732422,0.751953,0.249023,0.859375,2.592773,1
17/11/2017 11:20:01.660,0.292969,0.732422,0.751953,0.249023,0.859375,2.592773,1
17/11/2017 11:20:02.660,0.292969,0.732422,0.751953,0.249023,0.859375,2.592773,1
17/11/2017 11:20:03.658,0.292969,0.732422,0.751953,0.249023,0.864258,2.592773,1
17/11/2017 11:20:04.658,0.292969,0.732422,0.751953,0.249023,0.859375,2.592773,1
17/11/2017 11:20:05.657,0.292969,0.732422,0.751953,0.249023,0.859375,2.592773,1
17/11/2017 11:20:06.661,0.292969,0.737305,0.751953,0.249023,0.864258,2.592773,1
17/11/2017 11:20:07.660,0.292969,0.737305,0.751953,0.249023,0.864258,2.592773,1
17/11/2017 11:20:08.659,0.292969,0.737305,0.751953,0.249023,0.859375,2.592773,1
17/11/2017 11:20:09.660,0.292969,0.737305,0.751953,0.249023,0.864258,2.592773,1
17/11/2017 11:20:10.658,0.292969,0.737305,0.751953,0.249023,0.864258,2.592773,1
17/11/2017 11:20:11.663,0.292969,0.737305,0.751953,0.249023,0.859375,2.592773,1
17/11/2017 11:20:12.662,0.292969,0.737305,0.751953,0.249023,0.864258,2.592773,1
17/11/2017 11:20:13.661,0.292969,0.737305,0.751953,0.249023,0.864258,2.592773,1
17/11/2017 11:20:14.661,0.292969,0.737305,0.751953,0.249023,0.864258,2.592773,1
17/11/2017 11:20:15.660,0.292969,0.737305,0.751953,0.249023,0.864258,2.592773,1
17/11/2017 11:20:16.658,0.292969,0.737305,0.751953,0.249023,0.864258,2.592773,1
17/11/2017 11:20:17.662,0.292969,0.737305,0.751953,0.249023,0.864258,2.592773,1
17/11/2017 11:20:18.663,0.292969,0.737305,0.751953,0.249023,0.864258,2.592773,1
17/11/2017 11:20:19.660,0.292969,0.737305,0.751953,0.249023,0.864258,2.592773,1
17/11/2017 11:20:20.665,0.292969,0.737305,0.751953,0.249023,0.864258,2.592773,1
17/11/2017 11:20:21.664,0.292969,0.737305,0.751953,0.249023,0.864258,2.592773,1
17/11/2017 11:20:22.665,0.292969,0.737305,0.751953,0.249023,0.864258,2.592773,1
17/11/2017 11:20:23.663,0.297852,0.737305,0.751953,0.249023,0.864258,2.592773,1
17/11/2017 11:20:24.662,0.292969,0.737305,0.751953,0.249023,0.864258,2.592773,1
17/11/2017 11:20:25.661,0.292969,0.737305,0.751953,0.249023,0.864258,2.592773,1
17/11/2017 11:20:26.662,0.292969,0.737305,0.751953,0.249023,0.864258,2.592773,1
17/11/2017 11:20:27.660,0.292969,0.737305,0.751953,0.249023,0.864258,2.592773,1
17/11/2017 11:20:28.664,0.297852,0.737305,0.751953,0.249023,0.864258,2.592773,1
17/11/2017 11:20:29.663,0.292969,0.737305,0.751953,0.249023,0.864258,2.592773,1
17/11/2017 11:20:30.663,0.297852,0.737305,0.751953,0.249023,0.864258,2.592773,1
17/11/2017 11:20:31.666,0.297852,0.737305,0.751953,0.249023,0.864258,2.592773,1
17/11/2017 11:20:32.666,0.297852,0.737305,0.751953,0.249023,0.864258,2.597656,1
17/11/2017 11:20:33.664,0.297852,0.737305,0.751953,0.249023,0.864258,2.592773,1
17/11/2017 11:20:34.663,0.297852,0.737305,0.751953,0.249023,0.864258,2.597656,1
17/11/2017 11:20:35.667,0.297852,0.737305,0.751953,0.249023,0.864258,2.592773,1
17/11/2017 11:20:36.666,0.297852,0.737305,0.751953,0.249023,0.864258,2.592773,1
17/11/2017 11:20:37.667,0.297852,0.737305,0.751953,0.249023,0.864258,2.597656,1
17/11/2017 11:20:38.665,0.297852,0.737305,0.751953,0.249023,0.864258,2.592773,1
17/11/2017 11:20:39.664,0.297852,0.737305,0.751953,0.249023,0.864258,2.592773,1
17/11/2017 11:20:40.668,0.297852,0.737305,0.751953,0.249023,0.864258,2.592773,1
17/11/2017 11:20:41.667,0.297852,0.737305,0.751953,0.249023,0.864258,2.592773,1
17/11/2017 11:20:42.667,0.297852,0.737305,0.751953,0.249023,0.864258,2.592773,1
17/11/2017 11:20:43.670,0.297852,0.737305,0.751953,0.249023,0.864258,2.592773,1
17/11/2017 11:20:44.669,0.297852,0.737305,0.751953,0.249023,0.864258,2.592773,1
17/11/2017 11:20:45.670,0.297852,0.737305,0.751953,0.249023,0.864258,2.597656,1
17/11/2017 11:20:46.668,0.297852,0.737305,0.751953,0.249023,0.864258,2.592773,1
17/11/2017 11:20:47.674,0.297852,0.737305,0.751953,0.249023,0.864258,2.592773,1
17/11/2017 11:20:48.671,0.297852,0.737305,0.751953,0.249023,0.864258,2.592773,1
17/11/2017 11:20:49.671,0.297852,0.737305,0.751953,0.249023,0.864258,2.592773,1
17/11/2017 11:20:50.670,0.297852,0.737305,0.751953,0.249023,0.864258,2.592773,1
17/11/2017 11:20:51.674,0.297852,0.737305,0.751953,0.249023,0.864258,2.592773,1
17/11/2017 11:20:52.672,0.297852,0.737305,0.751953,0.249023,0.864258,2.592773,1
17/11/2017 11:20:53.673,0.297852,0.737305,0.751953,0.249023,0.864258,2.592773,1
17/11/2017 11:20:54.672,0.297852,0.737305,0.751953,0.249023,0.864258,2.592773,1
17/11/2017 11:20:55.671,0.297852,0.737305,0.751953,0.249023,0.869141,2.592773,1
17/11/2017 11:20:56.675,0.297852,0.737305,0.751953,0.249023,0.864258,2.592773,1
17/11/2017 11:20:57.674,0.297852,0.737305,0.751953,0.249023,0.864258,2.592773,1
17/11/2017 11:20:58.673,0.297852,0.737305,0.751953,0.249023,0.864258,2.592773,1
17/11/2017 11:20:59.673,0.297852,0.742187,0.751953,0.249023,0.864258,2.592773,1
17/11/2017 11:21:00.677,0.297852,0.737305,0.751953,0.249023,0.864258,2.592773,1
17/11/2017 11:21:01.675,0.297852,0.737305,0.751953,0.249023,0.864258,2.592773,1
17/11/2017 11:21:02.675,0.297852,0.742187,0.751953,0.249023,0.869141,2.592773,1
17/11/2017 11:21:03.675,0.297852,0.742187,0.751953,0.249023,0.869141,2.592773,1
17/11/2017 11:21:04.674,0.297852,0.737305,0.751953,0.249023,0.869141,2.592773,1
17/11/2017 11:21:05.678,0.297852,0.742187,0.756836,0.249023,0.869141,2.592773,1
17/11/2017 11:21:06.677,0.297852,0.742187,0.751953,0.249023,0.869141,2.592773,1
17/11/2017 11:21:07.676,0.297852,0.742187,0.756836,0.249023,0.869141,2.592773,1
17/11/2017 11:21:08.676,0.297852,0.742187,0.751953,0.249023,0.869141,2.592773,1
17/11/2017 11:21:09.679,0.297852,0.737305,0.756836,0.249023,0.869141,2.592773,1
17/11/2017 11:21:10.678,0.297852,0.742187,0.756836,0.249023,0.869141,2.592773,1
17/11/2017 11:21:11.677,0.297852,0.742187,0.756836,0.249023,0.869141,2.592773,1
17/11/2017 11:21:12.682,0.297852,0.737305,0.756836,0.249023,0.869141,2.592773,1
17/11/2017 11:21:13.680,0.297852,0.742187,0.756836,0.249023,0.869141,2.592773,1
17/11/2017 11:21:14.679,0.297852,0.742187,0.756836,0.249023,0.869141,2.592773,1
17/11/2017 11:21:15.679,0.297852,0.742187,0.756836,0.249023,0.869141,2.592773,1
17/11/2017 11:21:16.683,0.297852,0.742187,0.756836,0.249023,0.869141,2.592773,1
17/11/2017 11:21:17.684,0.297852,0.742187,0.756836,0.249023,0.869141,2.592773,1
17/11/2017 11:21:18.681,0.297852,0.742187,0.756836,0.249023,0.869141,2.592773,1
17/11/2017 11:21:19.681,0.297852,0.742187,0.756836,0.249023,0.869141,2.592773,1
17/11/2017 11:21:20.680,0.297852,0.742187,0.756836,0.249023,0.869141,2.592773,1
17/11/2017 11:21:21.684,0.297852,0.742187,0.756836,0.249023,0.869141,2.592773,1
17/11/2017 11:21:22.683,0.297852,0.742187,0.756836,0.249023,0.869141,2.592773,1
17/11/2017 11:21:23.683,0.297852,0.742187,0.756836,0.253906,0.869141,2.592773,1
17/11/2017 11:21:24.682,0.302734,0.742187,0.756836,0.249023,0.869141,2.592773,1
17/11/2017 11:21:25.681,0.297852,0.742187,0.756836,0.253906,0.869141,2.592773,1
17/11/2017 11:21:26.680,0.297852,0.742187,0.756836,0.249023,0.869141,2.592773,1
17/11/2017 11:21:27.680,0.297852,0.742187,0.756836,0.253906,0.869141,2.592773,1
17/11/2017 11:21:28.683,0.297852,0.742187,0.756836,0.253906,0.869141,2.592773,1
17/11/2017 11:21:29.682,0.297852,0.742187,0.756836,0.253906,0.869141,2.592773,1
17/11/2017 11:21:30.682,0.297852,0.742187,0.756836,0.253906,0.869141,2.592773,1
17/11/2017 11:21:31.681,0.297852,0.742187,0.756836,0.253906,0.869141,2.592773,1
17/11/2017 11:21:32.681,0.297852,0.742187,0.756836,0.253906,0.869141,2.592773,1
17/11/2017 11:21:33.682,0.302734,0.742187,0.756836,0.253906,0.869141,2.592773,1
17/11/2017 11:21:34.683,0.302734,0.742187,0.756836,0.253906,0.869141,2.592773,1
17/11/2017 11:21:35.683,0.302734,0.742187,0.756836,0.253906,0.869141,2.592773,1
17/11/2017 11:21:36.682,0.297852,0.742187,0.756836,0.253906,0.869141,2.592773,1
17/11/2017 11:21:37.683,0.302734,0.742187,0.756836,0.253906,0.874023,2.597656,1
17/11/2017 11:21:38.681,0.302734,0.742187,0.756836,0.253906,0.869141,2.592773,1
17/11/2017 11:21:39.685,0.302734,0.742187,0.756836,0.253906,0.869141,2.597656,1
17/11/2017 11:21:40.683,0.302734,0.742187,0.756836,0.253906,0.874023,2.592773,1
17/11/2017 11:21:41.683,0.302734,0.742187,0.756836,0.253906,0.869141,2.592773,1
17/11/2017 11:21:42.683,0.302734,0.742187,0.756836,0.253906,0.874023,2.592773,1
17/11/2017 11:21:43.681,0.302734,0.742187,0.756836,0.253906,0.874023,2.592773,1
17/11/2017 11:21:44.681,0.302734,0.742187,0.756836,0.253906,0.874023,2.592773,1
17/11/2017 11:21:45.684,0.302734,0.742187,0.756836,0.253906,0.874023,2.592773,1
17/11/2017 11:21:46.684,0.302734,0.742187,0.756836,0.253906,0.874023,2.592773,1
17/11/2017 11:21:47.683,0.302734,0.742187,0.756836,0.253906,0.874023,2.592773,1
17/11/2017 11:21:48.683,0.302734,0.742187,0.756836,0.253906,0.874023,2.592773,1
17/11/2017 11:21:49.681,0.302734,0.742187,0.756836,0.253906,0.874023,2.592773,1
17/11/2017 11:21:50.685,0.302734,0.742187,0.756836,0.253906,0.874023,2.597656,1
17/11/2017 11:21:51.684,0.302734,0.742187,0.756836,0.253906,0.874023,2.597656,1
17/11/2017 11:21:52.684,0.302734,0.742187,0.756836,0.253906,0.874023,2.597656,1
17/11/2017 11:21:53.684,0.302734,0.742187,0.756836,0.253906,0.874023,2.592773,1
17/11/2017 11:21:54.687,0.302734,0.742187,0.756836,0.253906,0.874023,2.592773,1
17/11/2017 11:21:55.686,0.302734,0.742187,0.756836,0.253906,0.874023,2.592773,1
17/11/2017 11:21:56.685,0.302734,0.742187,0.756836,0.253906,0.874023,2.592773,1
17/11/2017 11:21:57.686,0.302734,0.742187,0.756836,0.253906,0.874023,2.592773,1
17/11/2017 11:21:58.684,0.302734,0.742187,0.756836,0.253906,0.874023,2.592773,1
17/11/2017 11:21:59.687,0.302734,0.74707,0.756836,0.253906,0.874023,2.592773,1
17/11/2017 11:22:00.688,0.302734,0.74707,0.756836,0.253906,0.874023,2.592773,1
17/11/2017 11:22:01.687,0.302734,0.742187,0.761719,0.253906,0.874023,2.592773,1
17/11/2017 11:22:02.686,0.302734,0.74707,0.761719,0.253906,0.874023,2.592773,1
17/11/2017 11:22:03.685,0.302734,0.74707,0.761719,0.253906,0.874023,2.592773,1
17/11/2017 11:22:04.685,0.302734,0.74707,0.761719,0.253906,0.874023,2.592773,1
17/11/2017 11:22:05.688,0.302734,0.74707,0.761719,0.253906,0.874023,2.592773,1
17/11/2017 11:22:06.688,0.302734,0.74707,0.761719,0.253906,0.874023,2.592773,1
17/11/2017 11:22:07.688,0.302734,0.74707,0.761719,0.253906,0.874023,2.592773,1
17/11/2017 11:22:08.690,0.302734,0.74707,0.761719,0.253906,0.874023,2.592773,1
17/11/2017 11:22:09.689,0.302734,0.74707,0.761719,0.253906,0.874023,2.592773,1
17/11/2017 11:22:10.689,0.302734,0.74707,0.761719,0.253906,0.874023,2.597656,1
17/11/2017 11:22:11.688,0.302734,0.74707,0.761719,0.253906,0.874023,2.597656,1
17/11/2017 11:22:12.688,0.302734,0.74707,0.761719,0.253906,0.874023,2.592773,1
17/11/2017 11:22:13.688,0.302734,0.74707,0.761719,0.253906,0.874023,2.592773,1
17/11/2017 11:22:14.690,0.302734,0.74707,0.761719,0.253906,0.874023,2.592773,1
17/11/2017 11:22:15.690,0.302734,0.74707,0.761719,0.253906,0.874023,2.592773,1
17/11/2017 11:22:16.690,0.302734,0.74707,0.761719,0.253906,0.874023,2.592773,1
17/11/2017 11:22:17.689,0.302734,0.74707,0.761719,0.253906,0.874023,2.592773,1
17/11/2017 11:22:18.688,0.302734,0.74707,0.761719,0.253906,0.874023,2.592773,1
17/11/2017 11:22:19.692,0.302734,0.74707,0.761719,0.253906,0.874023,2.592773,1
17/11/2017 11:22:20.692,0.302734,0.74707,0.761719,0.253906,0.874023,2.592773,1
17/11/2017 11:22:21.690,0.302734,0.74707,0.761719,0.253906,0.874023,2.592773,1
17/11/2017 11:22:22.691,0.302734,0.74707,0.761719,0.253906,0.874023,2.592773,1
17/11/2017 11:22:23.694,0.302734,0.74707,0.761719,0.253906,0.874023,2.592773,1
17/11/2017 11:22:24.692,0.302734,0.74707,0.761719,0.253906,0.874023,2.592773,1
17/11/2017 11:22:25.692,0.302734,0.74707,0.761719,0.253906,0.874023,2.592773,1
17/11/2017 11:22:26.692,0.302734,0.74707,0.761719,0.253906,0.874023,2.592773,1
17/11/2017 11:22:27.692,0.302734,0.74707,0.761719,0.253906,0.874023,2.592773,1
17/11/2017 11:22:28.690,0.302734,0.74707,0.761719,0.253906,0.874023,2.592773,1
17/11/2017 11:22:29.693,0.302734,0.74707,0.761719,0.253906,0.874023,2.592773,1
17/11/2017 11:22:30.692,0.302734,0.74707,0.761719,0.253906,0.874023,2.592773,1
17/11/2017 11:22:31.692,0.302734,0.74707,0.761719,0.253906,0.874023,2.592773,1
17/11/2017 11:22:32.691,0.302734,0.74707,0.761719,0.253906,0.874023,2.592773,1
17/11/2017 11:22:33.691,0.302734,0.74707,0.761719,0.253906,0.874023,2.592773,1
17/11/2017 11:22:34.695,0.302734,0.74707,0.761719,0.253906,0.874023,2.592773,1
17/11/2017 11:22:35.694,0.302734,0.74707,0.761719,0.253906,0.874023,2.592773,1
17/11/2017 11:22:36.694,0.302734,0.74707,0.761719,0.253906,0.874023,2.592773,1
17/11/2017 11:22:37.692,0.302734,0.74707,0.761719,0.253906,0.874023,2.592773,1
17/11/2017 11:22:38.693,0.302734,0.74707,0.761719,0.253906,0.874023,2.592773,1
17/11/2017 11:22:39.694,0.302734,0.74707,0.761719,0.253906,0.874023,2.592773,1
17/11/2017 11:22:40.694,0.302734,0.74707,0.761719,0.253906,0.874023,2.592773,1
17/11/2017 11:22:41.694,0.302734,0.74707,0.761719,0.253906,0.874023,2.592773,1
17/11/2017 11:22:42.697,0.302734,0.74707,0.761719,0.253906,0.874023,2.592773,1
17/11/2017 11:22:43.697,0.302734,0.74707,0.761719,0.253906,0.874023,2.592773,1
17/11/2017 11:22:44.696,0.307617,0.74707,0.761719,0.253906,0.874023,2.592773,1
17/11/2017 11:22:45.700,0.302734,0.74707,0.761719,0.253906,0.874023,2.592773,1
17/11/2017 11:22:46.699,0.302734,0.74707,0.761719,0.253906,0.874023,2.592773,1
17/11/2017 11:22:47.698,0.302734,0.74707,0.761719,0.253906,0.874023,2.592773,1
17/11/2017 11:22:48.699,0.302734,0.74707,0.761719,0.253906,0.874023,2.592773,1
17/11/2017 11:22:49.701,0.302734,0.74707,0.761719,0.253906,0.874023,2.592773,1
17/11/2017 11:22:50.700,0.302734,0.74707,0.761719,0.253906,0.878906,2.592773,1
17/11/2017 11:22:51.701,0.307617,0.74707,0.761719,0.253906,0.878906,2.592773,1
17/11/2017 11:22:52.699,0.302734,0.74707,0.761719,0.253906,0.874023,2.592773,1
17/11/2017 11:22:53.698,0.307617,0.74707,0.761719,0.253906,0.878906,2.592773,1
17/11/2017 11:22:54.703,0.302734,0.74707,0.761719,0.253906,0.878906,2.592773,1
17/11/2017 11:22:55.701,0.307617,0.74707,0.761719,0.253906,0.874023,2.592773,1
17/11/2017 11:22:56.702,0.307617,0.74707,0.761719,0.253906,0.878906,2.592773,1
17/11/2017 11:22:57.701,0.302734,0.74707,0.761719,0.253906,0.878906,2.592773,1
17/11/2017 11:22:58.700,0.307617,0.74707,0.761719,0.253906,0.878906,2.592773,1
17/11/2017 11:22:59.699,0.302734,0.74707,0.761719,0.253906,0.878906,2.592773,1
17/11/2017 11:23:00.699,0.302734,0.74707,0.761719,0.253906,0.878906,2.592773,1
17/11/2017 11:23:01.701,0.307617,0.74707,0.761719,0.253906,0.878906,2.592773,1
17/11/2017 11:23:02.701,0.307617,0.74707,0.761719,0.253906,0.878906,2.592773,1
17/11/2017 11:23:03.700,0.307617,0.74707,0.761719,0.253906,0.878906,2.592773,1
17/11/2017 11:23:04.700,0.302734,0.74707,0.761719,0.253906,0.878906,2.592773,1
17/11/2017 11:23:05.703,0.307617,0.74707,0.761719,0.253906,0.878906,2.592773,1
17/11/2017 11:23:06.704,0.307617,0.74707,0.761719,0.253906,0.878906,2.592773,1
17/11/2017 11:23:07.702,0.307617,0.74707,0.761719,0.253906,0.878906,2.592773,1
17/11/2017 11:23:08.702,0.307617,0.74707,0.761719,0.253906,0.878906,2.592773,1
17/11/2017 11:23:09.704,0.307617,0.74707,0.761719,0.253906,0.878906,2.592773,1
17/11/2017 11:23:10.705,0.302734,0.74707,0.761719,0.253906,0.878906,2.592773,1
17/11/2017 11:23:11.705,0.307617,0.74707,0.761719,0.253906,0.878906,2.592773,1
17/11/2017 11:23:12.703,0.307617,0.74707,0.761719,0.253906,0.878906,2.592773,1
17/11/2017 11:23:13.707,0.307617,0.74707,0.761719,0.253906,0.878906,2.592773,1
17/11/2017 11:23:14.702,0.307617,0.74707,0.761719,0.253906,0.878906,2.592773,1
17/11/2017 11:23:15.705,0.307617,0.74707,0.761719,0.253906,0.878906,2.592773,1
17/11/2017 11:23:16.704,0.307617,0.74707,0.761719,0.253906,0.878906,2.592773,1
17/11/2017 11:23:17.703,0.307617,0.74707,0.761719,0.253906,0.878906,2.592773,1
17/11/2017 11:23:18.703,0.307617,0.74707,0.761719,0.253906,0.878906,2.592773,1
17/11/2017 11:23:19.707,0.307617,0.74707,0.761719,0.253906,0.878906,2.587891,1
17/11/2017 11:23:20.707,0.307617,0.74707,0.761719,0.253906,0.878906,2.592773,1
17/11/2017 11:23:21.705,0.307617,0.74707,0.761719,0.253906,0.878906,2.592773,1
17/11/2017 11:23:22.704,0.307617,0.74707,0.761719,0.253906,0.878906,2.587891,1
17/11/2017 11:23:23.709,0.307617,0.74707,0.761719,0.253906,0.878906,2.587891,1
17/11/2017 11:23:24.709,0.307617,0.74707,0.761719,0.253906,0.878906,2.587891,1
17/11/2017 11:23:25.712,0.307617,0.74707,0.761719,0.253906,0.878906,2.587891,1
17/11/2017 11:23:26.710,0.307617,0.74707,0.761719,0.253906,0.878906,2.587891,1
17/11/2017 11:23:27.711,0.307617,0.74707,0.766602,0.253906,0.878906,2.587891,1
17/11/2017 11:23:28.710,0.307617,0.74707,0.761719,0.253906,0.878906,2.587891,1
17/11/2017 11:23:29.709,0.307617,0.74707,0.761719,0.253906,0.878906,2.587891,1
17/11/2017 11:23:30.713,0.307617,0.74707,0.761719,0.253906,0.878906,2.587891,1
17/11/2017 11:23:31.712,0.307617,0.74707,0.761719,0.258789,0.878906,2.587891,1
17/11/2017 11:23:32.712,0.307617,0.74707,0.766602,0.253906,0.878906,2.587891,1
17/11/2017 11:23:33.711,0.307617,0.751953,0.761719,0.253906,0.878906,2.587891,1
17/11/2017 11:23:34.709,0.307617,0.74707,0.761719,0.253906,0.878906,2.587891,1
17/11/2017 11:23:35.708,0.307617,0.74707,0.766602,0.253906,0.878906,2.587891,1
17/11/2017 11:23:36.711,0.307617,0.74707,0.766602,0.258789,0.878906,2.587891,1
17/11/2017 11:23:37.712,0.307617,0.74707,0.766602,0.253906,0.878906,2.587891,1
17/11/2017 11:23:38.712,0.307617,0.74707,0.761719,0.258789,0.878906,2.587891,1
17/11/2017 11:23:39.715,0.307617,0.74707,0.766602,0.258789,0.878906,2.592773,1
17/11/2017 11:23:40.713,0.307617,0.74707,0.766602,0.253906,0.878906,2.592773,1
17/11/2017 11:23:41.713,0.307617,0.74707,0.766602,0.253906,0.878906,2.592773,1
17/11/2017 11:23:42.714,0.307617,0.74707,0.766602,0.253906,0.878906,2.592773,1
17/11/2017 11:23:43.717,0.307617,0.74707,0.766602,0.253906,0.878906,2.592773,1
17/11/2017 11:23:44.716,0.307617,0.74707,0.766602,0.253906,0.878906,2.592773,1
17/11/2017 11:23:45.715,0.307617,0.74707,0.766602,0.253906,0.878906,2.592773,1
17/11/2017 11:23:46.719,0.307617,0.74707,0.766602,0.258789,0.878906,2.592773,1
17/11/2017 11:23:47.717,0.307617,0.74707,0.766602,0.253906,0.878906,2.592773,1
17/11/2017 11:23:48.717,0.307617,0.74707,0.766602,0.258789,0.878906,2.592773,1
17/11/2017 11:23:49.717,0.307617,0.74707,0.766602,0.258789,0.878906,2.592773,1
17/11/2017 11:23:50.716,0.307617,0.74707,0.766602,0.258789,0.878906,2.592773,1
17/11/2017 11:23:51.720,0.307617,0.74707,0.766602,0.253906,0.878906,2.592773,1
17/11/2017 11:23:52.719,0.307617,0.751953,0.766602,0.253906,0.878906,2.592773,1
17/11/2017 11:23:53.718,0.307617,0.74707,0.766602,0.258789,0.883789,2.592773,1
17/11/2017 11:23:54.721,0.307617,0.751953,0.766602,0.258789,0.883789,2.592773,1
17/11/2017 11:23:55.721,0.307617,0.751953,0.766602,0.258789,0.878906,2.592773,1
17/11/2017 11:23:56.719,0.307617,0.751953,0.766602,0.258789,0.883789,2.592773,1
17/11/2017 11:23:57.720,0.307617,0.751953,0.766602,0.258789,0.883789,2.592773,1
17/11/2017 11:23:58.721,0.307617,0.751953,0.766602,0.258789,0.883789,2.592773,1
17/11/2017 11:23:59.718,0.307617,0.74707,0.766602,0.253906,0.883789,2.592773,1
17/11/2017 11:24:00.722,0.307617,0.751953,0.766602,0.258789,0.883789,2.592773,1
17/11/2017 11:24:01.720,0.307617,0.751953,0.766602,0.258789,0.883789,2.592773,1
17/11/2017 11:24:02.724,0.307617,0.751953,0.766602,0.258789,0.883789,2.592773,1
17/11/2017 11:24:03.724,0.307617,0.751953,0.766602,0.258789,0.883789,2.592773,1
17/11/2017 11:24:04.724,0.307617,0.74707,0.766602,0.258789,0.883789,2.592773,1
17/11/2017 11:24:05.723,0.307617,0.751953,0.766602,0.258789,0.883789,2.592773,1
17/11/2017 11:24:06.721,0.307617,0.751953,0.766602,0.258789,0.883789,2.592773,1
17/11/2017 11:24:07.726,0.307617,0.751953,0.766602,0.258789,0.883789,2.592773,1
17/11/2017 11:24:08.726,0.307617,0.751953,0.766602,0.258789,0.883789,2.592773,1
17/11/2017 11:24:09.725,0.307617,0.751953,0.766602,0.258789,0.883789,2.592773,1
17/11/2017 11:24:10.727,0.307617,0.751953,0.766602,0.258789,0.883789,2.592773,1
17/11/2017 11:24:11.726,0.307617,0.751953,0.766602,0.258789,0.883789,2.592773,1
17/11/2017 11:24:12.726,0.307617,0.751953,0.766602,0.258789,0.883789,2.592773,1
17/11/2017 11:24:13.725,0.307617,0.751953,0.766602,0.258789,0.883789,2.592773,1
17/11/2017 11:24:14.725,0.307617,0.74707,0.766602,0.258789,0.859375,2.587891,1
17/11/2017 11:24:15.724,0.302734,0.732422,0.756836,0.253906,0.825195,2.578125,1
17/11/2017 11:24:16.728,0.302734,0.722656,0.74707,0.253906,0.800781,2.568359,1
17/11/2017 11:24:17.728,0.297852,0.712891,0.737305,0.249023,0.786133,2.553711,1
17/11/2017 11:24:18.727,0.292969,0.703125,0.722656,0.249023,0.771484,2.53418,1
17/11/2017 11:24:19.730,0.288086,0.693359,0.708008,0.244141,0.756836,2.514648,1
17/11/2017 11:24:20.729,0.288086,0.688477,0.693359,0.244141,0.74707,2.495117,1
17/11/2017 11:24:21.730,0.283203,0.678711,0.678711,0.244141,0.732422,2.475586,1
17/11/2017 11:24:22.729,0.27832,0.673828,0.664062,0.239258,0.722656,2.451172,1
17/11/2017 11:24:23.733,0.27832,0.664062,0.654297,0.239258,0.717773,2.431641,1
17/11/2017 11:24:24.732,0.273437,0.65918,0.639648,0.234375,0.708008,2.407227,1
17/11/2017 11:24:25.731,0.268555,0.649414,0.629883,0.234375,0.698242,2.382812,1
17/11/2017 11:24:26.731,0.263672,0.644531,0.620117,0.229492,0.688477,2.358398,1
17/11/2017 11:24:27.729,0.263672,0.639648,0.610352,0.229492,0.683594,2.333984,1
17/11/2017 11:24:28.732,0.258789,0.629883,0.600586,0.229492,0.673828,2.30957,1
17/11/2017 11:24:29.733,0.258789,0.625,0.59082,0.224609,0.668945,2.285156,1
17/11/2017 11:24:30.732,0.253906,0.620117,0.581055,0.224609,0.664062,2.265625,1
17/11/2017 11:24:31.730,0.253906,0.615234,0.571289,0.224609,0.654297,2.241211,1
17/11/2017 11:24:32.730,0.249023,0.610352,0.566406,0.224609,0.649414,2.216797,1
17/11/2017 11:24:33.734,0.249023,0.605469,0.556641,0.219727,0.644531,2.192383,1
17/11/2017 11:24:34.733,0.249023,0.595703,0.551758,0.219727,0.639648,2.172852,1
17/11/2017 11:24:35.732,0.244141,0.59082,0.546875,0.219727,0.634766,2.148437,1
17/11/2017 11:24:36.736,0.244141,0.585937,0.537109,0.214844,0.625,2.128906,1
17/11/2017 11:24:37.735,0.239258,0.581055,0.532227,0.214844,0.625,2.109375,1
17/11/2017 11:24:38.734,0.239258,0.576172,0.527344,0.214844,0.615234,2.089844,1
17/11/2017 11:24:39.734,0.239258,0.571289,0.522461,0.214844,0.610352,2.070312,1
17/11/2017 11:24:40.737,0.234375,0.566406,0.517578,0.209961,0.605469,2.045898,1
17/11/2017 11:24:41.737,0.234375,0.561523,0.512695,0.209961,0.605469,2.026367,1
17/11/2017 11:24:42.736,0.234375,0.556641,0.507812,0.209961,0.600586,2.011719,1
17/11/2017 11:24:43.735,0.229492,0.551758,0.50293,0.209961,0.595703,1.992187,1
17/11/2017 11:24:44.739,0.229492,0.546875,0.498047,0.205078,0.59082,1.977539,1
17/11/2017 11:24:45.738,0.229492,0.541992,0.493164,0.205078,0.585937,1.958008,1
17/11/2017 11:24:46.738,0.229492,0.537109,0.493164,0.205078,0.581055,1.943359,1
17/11/2017 11:24:47.742,0.224609,0.532227,0.488281,0.205078,0.576172,1.928711,1
17/11/2017 11:24:48.739,0.224609,0.527344,0.483398,0.205078,0.576172,1.914062,1
17/11/2017 11:24:49.739,0.224609,0.522461,0.478516,0.200195,0.571289,1.899414,1
17/11/2017 11:24:50.739,0.224609,0.517578,0.478516,0.200195,0.566406,1.879883,1
17/11/2017 11:24:51.742,0.219727,0.512695,0.473633,0.200195,0.561523,1.870117,1
17/11/2017 11:24:52.743,0.219727,0.507812,0.473633,0.200195,0.561523,1.855469,1
17/11/2017 11:24:53.742,0.219727,0.50293,0.46875,0.200195,0.556641,1.84082,1
17/11/2017 11:24:54.745,0.214844,0.498047,0.46875,0.200195,0.551758,1.831055,1
17/11/2017 11:24:55.744,0.214844,0.498047,0.463867,0.195312,0.551758,1.816406,1
17/11/2017 11:24:56.743,0.214844,0.493164,0.463867,0.195312,0.546875,1.806641,1
17/11/2017 11:24:57.744,0.214844,0.488281,0.458984,0.195312,0.541992,1.796875,1
17/11/2017 11:24:58.746,0.214844,0.483398,0.458984,0.195312,0.541992,1.782227,1
17/11/2017 11:24:59.745,0.209961,0.478516,0.454102,0.195312,0.537109,1.772461,1
17/11/2017 11:25:00.745,0.209961,0.473633,0.454102,0.19043,0.537109,1.762695,1
17/11/2017 11:25:01.745,0.209961,0.473633,0.449219,0.19043,0.532227,1.75293,1
17/11/2017 11:25:02.745,0.209961,0.46875,0.449219,0.19043,0.527344,1.743164,1
17/11/2017 11:25:03.742,0.209961,0.463867,0.449219,0.19043,0.527344,1.733398,1
17/11/2017 11:25:04.746,0.205078,0.458984,0.444336,0.19043,0.527344,1.723633,1
17/11/2017 11:25:05.746,0.205078,0.458984,0.444336,0.19043,0.522461,1.71875,1
17/11/2017 11:25:06.750,0.205078,0.454102,0.444336,0.19043,0.522461,1.708984,1
17/11/2017 11:25:07.750,0.205078,0.449219,0.439453,0.185547,0.517578,1.704102,1
17/11/2017 11:25:08.748,0.205078,0.449219,0.439453,0.185547,0.517578,1.694336,1
17/11/2017 11:25:09.749,0.205078,0.444336,0.439453,0.185547,0.512695,1.68457,1
17/11/2017 11:25:10.751,0.205078,0.439453,0.43457,0.185547,0.512695,1.679687,1
17/11/2017 11:25:11.751,0.200195,0.439453,0.43457,0.185547,0.507812,1.669922,1
17/11/2017 11:25:12.750,0.200195,0.43457,0.43457,0.185547,0.507812,1.665039,1
17/11/2017 11:25:13.749,0.200195,0.429687,0.429687,0.185547,0.507812,1.655273,1
17/11/2017 11:25:14.749,0.200195,0.429687,0.429687,0.185547,0.50293,1.650391,1
17/11/2017 11:25:15.753,0.200195,0.424805,0.429687,0.180664,0.50293,1.645508,1
17/11/2017 11:25:16.751,0.200195,0.419922,0.429687,0.180664,0.498047,1.635742,1
17/11/2017 11:25:17.751,0.200195,0.419922,0.424805,0.180664,0.498047,1.630859,1
17/11/2017 11:25:18.751,0.195312,0.415039,0.424805,0.180664,0.493164,1.625977,1
17/11/2017 11:25:19.749,0.195312,0.415039,0.424805,0.180664,0.493164,1.621094,1
17/11/2017 11:25:20.753,0.195312,0.410156,0.424805,0.180664,0.493164,1.616211,1
17/11/2017 11:25:21.754,0.195312,0.405273,0.419922,0.180664,0.493164,1.611328,1
17/11/2017 11:25:22.751,0.195312,0.405273,0.419922,0.175781,0.488281,1.606445,1
17/11/2017 11:25:23.752,0.195312,0.400391,0.419922,0.175781,0.488281,1.601562,1
17/11/2017 11:25:24.751,0.195312,0.400391,0.419922,0.175781,0.483398,1.59668,1
17/11/2017 11:25:25.749,0.19043,0.395508,0.419922,0.175781,0.483398,1.591797,1
17/11/2017 11:25:26.754,0.19043,0.395508,0.415039,0.175781,0.483398,1.586914,1
17/11/2017 11:25:27.752,0.19043,0.390625,0.415039,0.175781,0.483398,1.582031,1
17/11/2017 11:25:28.752,0.19043,0.390625,0.415039,0.175781,0.478516,1.577148,1
17/11/2017 11:25:29.755,0.19043,0.385742,0.415039,0.175781,0.478516,1.572266,1
17/11/2017 11:25:30.756,0.19043,0.385742,0.415039,0.175781,0.478516,1.567383,1
17/11/2017 11:25:31.755,0.19043,0.380859,0.415039,0.170898,0.473633,1.567383,1
17/11/2017 11:25:32.753,0.19043,0.380859,0.410156,0.170898,0.473633,1.5625,1
17/11/2017 11:25:33.753,0.185547,0.375977,0.410156,0.170898,0.473633,1.557617,1
17/11/2017 11:25:34.752,0.185547,0.375977,0.410156,0.170898,0.473633,1.552734,1
17/11/2017 11:25:35.756,0.185547,0.371094,0.410156,0.170898,0.46875,1.552734,1
17/11/2017 11:25:36.756,0.185547,0.371094,0.410156,0.170898,0.46875,1.547852,1
17/11/2017 11:25:37.754,0.185547,0.371094,0.410156,0.170898,0.46875,1.542969,1
17/11/2017 11:25:38.753,0.185547,0.366211,0.405273,0.170898,0.46875,1.538086,1
17/11/2017 11:25:39.757,0.185547,0.366211,0.405273,0.170898,0.463867,1.538086,1
17/11/2017 11:25:40.757,0.185547,0.361328,0.405273,0.170898,0.463867,1.533203,1
17/11/2017 11:25:41.756,0.185547,0.361328,0.405273,0.170898,0.463867,1.52832,1
17/11/2017 11:25:42.755,0.185547,0.356445,0.405273,0.166016,0.463867,1.52832,1
17/11/2017 11:25:43.754,0.180664,0.356445,0.405273,0.166016,0.458984,1.523437,1
17/11/2017 11:25:44.759,0.180664,0.356445,0.405273,0.166016,0.458984,1.523437,1
17/11/2017 11:25:45.757,0.180664,0.351562,0.400391,0.166016,0.458984,1.518555,1
17/11/2017 11:25:46.757,0.180664,0.351562,0.400391,0.166016,0.458984,1.513672,1
17/11/2017 11:25:47.760,0.180664,0.34668,0.400391,0.166016,0.458984,1.508789,1
17/11/2017 11:25:48.760,0.180664,0.34668,0.400391,0.166016,0.458984,1.508789,1
17/11/2017 11:25:49.759,0.180664,0.34668,0.400391,0.166016,0.454102,1.503906,1
17/11/2017 11:25:50.759,0.180664,0.341797,0.400391,0.166016,0.454102,1.503906,1
17/11/2017 11:25:51.762,0.180664,0.341797,0.400391,0.161133,0.454102,1.499023,1
17/11/2017 11:25:52.762,0.180664,0.336914,0.400391,0.161133,0.454102,1.494141,1
17/11/2017 11:25:53.762,0.180664,0.336914,0.400391,0.161133,0.454102,1.494141,1
17/11/2017 11:25:54.761,0.180664,0.336914,0.395508,0.161133,0.449219,1.489258,1
17/11/2017 11:25:55.763,0.180664,0.336914,0.395508,0.161133,0.449219,1.489258,1
17/11/2017 11:25:56.765,0.180664,0.332031,0.395508,0.161133,0.449219,1.489258,1
17/11/2017 11:25:57.762,0.175781,0.332031,0.395508,0.161133,0.449219,1.484375,1
17/11/2017 11:25:58.761,0.175781,0.332031,0.395508,0.161133,0.449219,1.484375,1
17/11/2017 11:25:59.765,0.175781,0.332031,0.395508,0.161133,0.444336,1.479492,1
17/11/2017 11:26:00.764,0.175781,0.327148,0.395508,0.161133,0.444336,1.479492,1
17/11/2017 11:26:01.763,0.175781,0.327148,0.395508,0.161133,0.444336,1.474609,1
17/11/2017 11:26:02.763,0.175781,0.322266,0.395508,0.161133,0.444336,1.474609,1
17/11/2017 11:26:03.763,0.175781,0.322266,0.395508,0.161133,0.444336,1.469727,1
17/11/2017 11:26:04.766,0.175781,0.322266,0.395508,0.161133,0.439453,1.469727,1
17/11/2017 11:26:05.765,0.175781,0.317383,0.390625,0.15625,0.439453,1.469727,1
17/11/2017 11:26:06.766,0.175781,0.317383,0.390625,0.15625,0.439453,1.464844,1
17/11/2017 11:26:07.768,0.175781,0.317383,0.390625,0.15625,0.439453,1.464844,1
17/11/2017 11:26:08.769,0.175781,0.317383,0.390625,0.15625,0.439453,1.464844,1
17/11/2017 11:26:09.766,0.175781,0.3125,0.390625,0.15625,0.439453,1.459961,1
17/11/2017 11:26:10.771,0.170898,0.3125,0.390625,0.15625,0.439453,1.459961,1
17/11/2017 11:26:11.770,0.170898,0.3125,0.390625,0.15625,0.439453,1.455078,1
17/11/2017 11:26:12.770,0.170898,0.3125,0.390625,0.15625,0.43457,1.455078,1
17/11/2017 11:26:13.770,0.170898,0.307617,0.390625,0.15625,0.43457,1.450195,1
17/11/2017 11:26:14.769,0.170898,0.307617,0.390625,0.15625,0.43457,1.450195,1
17/11/2017 11:26:15.771,0.170898,0.307617,0.390625,0.15625,0.43457,1.450195,1
17/11/2017 11:26:16.771,0.170898,0.307617,0.385742,0.15625,0.43457,1.450195,1
17/11/2017 11:26:17.775,0.170898,0.307617,0.385742,0.15625,0.43457,1.445312,1
17/11/2017 11:26:18.773,0.170898,0.302734,0.385742,0.15625,0.43457,1.445312,1
17/11/2017 11:26:19.772,0.170898,0.302734,0.385742,0.15625,0.43457,1.445312,1
17/11/2017 11:26:20.771,0.170898,0.302734,0.385742,0.151367,0.429687,1.44043,1
17/11/2017 11:26:21.777,0.170898,0.302734,0.385742,0.15625,0.429687,1.44043,1
17/11/2017 11:26:22.775,0.170898,0.297852,0.385742,0.151367,0.429687,1.44043,1
17/11/2017 11:26:23.775,0.170898,0.297852,0.385742,0.151367,0.429687,1.44043,1
17/11/2017 11:26:24.773,0.170898,0.297852,0.385742,0.151367,0.429687,1.435547,1
17/11/2017 11:26:25.778,0.170898,0.297852,0.385742,0.151367,0.429687,1.435547,1
17/11/2017 11:26:26.777,0.166016,0.297852,0.385742,0.151367,0.429687,1.435547,1
17/11/2017 11:26:27.776,0.170898,0.292969,0.385742,0.151367,0.429687,1.430664,1
17/11/2017 11:26:28.780,0.166016,0.292969,0.385742,0.151367,0.429687,1.430664,1
17/11/2017 11:26:29.778,0.166016,0.292969,0.385742,0.151367,0.424805,1.430664,1
17/11/2017 11:26:30.778,0.166016,0.292969,0.380859,0.151367,0.424805,1.425781,1
17/11/2017 11:26:31.778,0.166016,0.292969,0.380859,0.151367,0.424805,1.425781,1
17/11/2017 11:26:32.777,0.166016,0.292969,0.380859,0.151367,0.424805,1.425781,1
17/11/2017 11:26:33.781,0.166016,0.288086,0.380859,0.151367,0.424805,1.425781,1
17/11/2017 11:26:34.780,0.166016,0.288086,0.380859,0.151367,0.424805,1.420898,1
17/11/2017 11:26:35.779,0.166016,0.288086,0.380859,0.151367,0.424805,1.420898,1
17/11/2017 11:26:36.779,0.166016,0.288086,0.380859,0.151367,0.424805,1.420898,1
17/11/2017 11:26:37.779,0.166016,0.288086,0.380859,0.146484,0.424805,1.420898,1
17/11/2017 11:26:38.782,0.166016,0.283203,0.380859,0.146484,0.424805,1.420898,1
17/11/2017 11:26:39.780,0.166016,0.283203,0.380859,0.146484,0.424805,1.420898,1
17/11/2017 11:26:40.779,0.166016,0.283203,0.380859,0.146484,0.424805,1.416016,1
17/11/2017 11:26:41.780,0.166016,0.283203,0.380859,0.146484,0.419922,1.416016,1
17/11/2017 11:26:42.778,0.166016,0.283203,0.380859,0.146484,0.424805,1.416016,1
17/11/2017 11:26:43.777,0.166016,0.283203,0.380859,0.146484,0.419922,1.416016,1
17/11/2017 11:26:44.781,0.161133,0.283203,0.380859,0.146484,0.419922,1.411133,1
17/11/2017 11:26:45.781,0.166016,0.27832,0.375977,0.146484,0.419922,1.411133,1
17/11/2017 11:26:46.784,0.166016,0.27832,0.375977,0.146484,0.419922,1.411133,1
17/11/2017 11:26:47.784,0.166016,0.27832,0.375977,0.146484,0.419922,1.411133,1
17/11/2017 11:26:48.783,0.166016,0.27832,0.375977,0.146484,0.419922,1.411133,1
17/11/2017 11:26:49.783,0.161133,0.27832,0.375977,0.146484,0.419922,1.411133,1
17/11/2017 11:26:50.787,0.166016,0.27832,0.375977,0.146484,0.419922,1.40625,1
17/11/2017 11:26:51.784,0.161133,0.27832,0.375977,0.146484,0.419922,1.40625,1
17/11/2017 11:26:52.785,0.161133,0.27832,0.375977,0.146484,0.419922,1.40625,1
17/11/2017 11:26:53.784,0.161133,0.273437,0.375977,0.146484,0.419922,1.40625,1
17/11/2017 11:26:54.783,0.161133,0.273437,0.375977,0.146484,0.415039,1.40625,1
17/11/2017 11:26:55.786,0.161133,0.273437,0.375977,0.146484,0.415039,1.40625,1
17/11/2017 11:26:56.785,0.161133,0.273437,0.375977,0.146484,0.415039,1.401367,1
17/11/2017 11:26:57.786,0.161133,0.268555,0.375977,0.141602,0.415039,1.401367,1
17/11/2017 11:26:58.789,0.161133,0.273437,0.375977,0.141602,0.415039,1.401367,1
17/11/2017 11:26:59.789,0.161133,0.268555,0.375977,0.141602,0.415039,1.401367,1
17/11/2017 11:27:00.788,0.161133,0.268555,0.375977,0.141602,0.415039,1.396484,1
17/11/2017 11:27:01.788,0.161133,0.268555,0.375977,0.141602,0.415039,1.396484,1
17/11/2017 11:27:02.787,0.161133,0.268555,0.375977,0.141602,0.415039,1.396484,1
17/11/2017 11:27:03.789,0.161133,0.268555,0.371094,0.141602,0.415039,1.396484,1
17/11/2017 11:27:04.789,0.161133,0.268555,0.371094,0.141602,0.415039,1.396484,1
17/11/2017 11:27:05.789,0.161133,0.268555,0.371094,0.141602,0.415039,1.391602,1
17/11/2017 11:27:06.793,0.161133,0.268555,0.371094,0.141602,0.415039,1.391602,1
17/11/2017 11:27:07.791,0.161133,0.263672,0.371094,0.141602,0.415039,1.391602,1
17/11/2017 11:27:08.790,0.161133,0.263672,0.371094,0.141602,0.415039,1.391602,1
17/11/2017 11:27:09.790,0.161133,0.263672,0.371094,0.141602,0.415039,1.391602,1
17/11/2017 11:27:10.794,0.161133,0.263672,0.371094,0.141602,0.415039,1.391602,1
17/11/2017 11:27:11.794,0.161133,0.263672,0.371094,0.141602,0.415039,1.391602,1
17/11/2017 11:27:12.793,0.15625,0.263672,0.371094,0.141602,0.415039,1.391602,1
17/11/2017 11:27:13.796,0.15625,0.263672,0.371094,0.141602,0.410156,1.386719,1
17/11/2017 11:27:14.796,0.15625,0.263672,0.371094,0.141602,0.410156,1.386719,1
17/11/2017 11:27:15.795,0.15625,0.263672,0.371094,0.141602,0.410156,1.386719,1
17/11/2017 11:27:16.794,0.15625,0.258789,0.371094,0.141602,0.410156,1.386719,1
17/11/2017 11:27:17.797,0.15625,0.258789,0.371094,0.141602,0.410156,1.381836,1
17/11/2017 11:27:18.797,0.15625,0.258789,0.371094,0.136719,0.410156,1.381836,1
17/11/2017 11:27:19.796,0.15625,0.258789,0.371094,0.141602,0.410156,1.381836,1
17/11/2017 11:27:20.796,0.15625,0.258789,0.371094,0.141602,0.410156,1.381836,1
17/11/2017 11:27:21.799,0.15625,0.258789,0.366211,0.136719,0.410156,1.381836,1
17/11/2017 11:27:22.799,0.15625,0.258789,0.371094,0.136719,0.410156,1.381836,1
17/11/2017 11:27:23.799,0.15625,0.258789,0.366211,0.136719,0.410156,1.381836,1
17/11/2017 11:27:24.801,0.15625,0.258789,0.371094,0.136719,0.410156,1.376953,1
17/11/2017 11:27:25.800,0.15625,0.258789,0.366211,0.136719,0.410156,1.376953,1
17/11/2017 11:27:26.801,0.15625,0.258789,0.366211,0.136719,0.410156,1.376953,1
17/11/2017 11:27:27.799,0.15625,0.258789,0.366211,0.136719,0.410156,1.376953,1
17/11/2017 11:27:28.803,0.15625,0.258789,0.366211,0.136719,0.410156,1.376953,1
17/11/2017 11:27:29.802,0.15625,0.253906,0.366211,0.136719,0.410156,1.376953,1
17/11/2017 11:27:30.801,0.15625,0.253906,0.366211,0.136719,0.410156,1.376953,1
17/11/2017 11:27:31.801,0.15625,0.253906,0.366211,0.136719,0.405273,1.376953,1
17/11/2017 11:27:32.800,0.15625,0.253906,0.366211,0.136719,0.405273,1.37207,1
17/11/2017 11:27:33.800,0.15625,0.253906,0.366211,0.136719,0.405273,1.376953,1
17/11/2017 11:27:34.802,0.15625,0.253906,0.366211,0.136719,0.405273,1.376953,1
17/11/2017 11:27:35.804,0.15625,0.253906,0.366211,0.136719,0.405273,1.376953,1
17/11/2017 11:27:36.801,0.15625,0.253906,0.366211,0.136719,0.405273,1.37207,1
17/11/2017 11:27:37.802,0.15625,0.253906,0.366211,0.136719,0.405273,1.37207,1
17/11/2017 11:27:38.801,0.15625,0.253906,0.366211,0.136719,0.405273,1.37207,1
17/11/2017 11:27:39.804,0.15625,0.253906,0.366211,0.136719,0.405273,1.37207,1
17/11/2017 11:27:40.803,0.15625,0.253906,0.366211,0.136719,0.405273,1.37207,1
17/11/2017 11:27:41.803,0.15625,0.253906,0.366211,0.136719,0.405273,1.37207,1
17/11/2017 11:27:42.806,0.15625,0.249023,0.366211,0.136719,0.405273,1.37207,1
17/11/2017 11:27:43.805,0.151367,0.249023,0.366211,0.136719,0.405273,1.37207,1
17/11/2017 11:27:44.805,0.151367,0.249023,0.361328,0.136719,0.405273,1.367187,1
17/11/2017 11:27:45.808,0.151367,0.249023,0.361328,0.131836,0.405273,1.367187,1
17/11/2017 11:27:46.809,0.15625,0.249023,0.361328,0.136719,0.405273,1.367187,1
17/11/2017 11:27:47.806,0.151367,0.249023,0.361328,0.131836,0.405273,1.367187,1
17/11/2017 11:27:48.807,0.151367,0.249023,0.361328,0.136719,0.405273,1.367187,1
17/11/2017 11:27:49.805,0.151367,0.249023,0.361328,0.131836,0.405273,1.367187,1
17/11/2017 11:27:50.806,0.151367,0.249023,0.361328,0.136719,0.405273,1.367187,1
17/11/2017 11:27:51.810,0.151367,0.249023,0.361328,0.131836,0.405273,1.367187,1
17/11/2017 11:27:52.807,0.151367,0.249023,0.361328,0.131836,0.405273,1.367187,1
17/11/2017 11:27:53.807,0.151367,0.249023,0.361328,0.131836,0.405273,1.367187,1
17/11/2017 11:27:54.808,0.151367,0.249023,0.361328,0.131836,0.405273,1.367187,1
17/11/2017 11:27:55.806,0.151367,0.244141,0.361328,0.131836,0.405273,1.367187,1
17/11/2017 11:27:56.810,0.151367,0.244141,0.361328,0.131836,0.405273,1.367187,1
17/11/2017 11:27:57.809,0.151367,0.244141,0.361328,0.131836,0.405273,1.362305,1
17/11/2017 11:27:58.810,0.151367,0.244141,0.361328,0.131836,0.400391,1.362305,1
17/11/2017 11:27:59.808,0.151367,0.244141,0.361328,0.131836,0.400391,1.362305,1
17/11/2017 11:28:00.811,0.151367,0.244141,0.361328,0.131836,0.400391,1.362305,1
17/11/2017 11:28:01.811,0.151367,0.244141,0.361328,0.131836,0.400391,1.362305,1
17/11/2017 11:28:02.811,0.151367,0.244141,0.361328,0.131836,0.400391,1.362305,1
17/11/2017 11:28:03.809,0.151367,0.244141,0.361328,0.131836,0.400391,1.362305,1
17/11/2017 11:28:04.810,0.151367,0.244141,0.361328,0.131836,0.400391,1.362305,1
17/11/2017 11:28:05.812,0.151367,0.244141,0.361328,0.131836,0.400391,1.362305,1
17/11/2017 11:28:06.812,0.151367,0.244141,0.356445,0.131836,0.400391,1.357422,1
17/11/2017 11:28:07.812,0.151367,0.244141,0.361328,0.131836,0.400391,1.357422,1
17/11/2017 11:28:08.810,0.151367,0.244141,0.361328,0.131836,0.400391,1.357422,1
17/11/2017 11:28:09.810,0.151367,0.244141,0.356445,0.131836,0.400391,1.357422,1
17/11/2017 11:28:10.814,0.151367,0.244141,0.356445,0.131836,0.400391,1.357422,1
17/11/2017 11:28:11.812,0.151367,0.244141,0.356445,0.131836,0.400391,1.357422,1
17/11/2017 11:28:12.812,0.151367,0.239258,0.361328,0.131836,0.400391,1.357422,1
17/11/2017 11:28:13.816,0.151367,0.239258,0.356445,0.131836,0.400391,1.357422,1
17/11/2017 11:28:14.815,0.151367,0.239258,0.356445,0.131836,0.400391,1.357422,1
17/11/2017 11:28:15.813,0.151367,0.239258,0.356445,0.131836,0.400391,1.352539,1
17/11/2017 11:28:16.813,0.151367,0.239258,0.356445,0.131836,0.400391,1.352539,1
17/11/2017 11:28:17.813,0.151367,0.239258,0.356445,0.131836,0.400391,1.352539,1
17/11/2017 11:28:18.817,0.146484,0.239258,0.356445,0.131836,0.400391,1.352539,1
17/11/2017 11:28:19.816,0.151367,0.239258,0.356445,0.131836,0.400391,1.352539,1
17/11/2017 11:28:20.815,0.151367,0.239258,0.356445,0.131836,0.400391,1.352539,1
17/11/2017 11:28:21.814,0.146484,0.239258,0.356445,0.131836,0.400391,1.352539,1
17/11/2017 11:38:26.603,0.097656,0.175781,0.263672,0.097656,0.375977,0.888672,1
17/11/2017 11:38:27.603,0.097656,0.175781,0.263672,0.097656,0.375977,0.888672,1
17/11/2017 11:38:28.601,0.097656,0.175781,0.263672,0.097656,0.375977,0.888672,1
17/11/2017 11:38:29.601,0.097656,0.175781,0.263672,0.097656,0.380859,0.888672,1
17/11/2017 11:38:30.601,0.097656,0.175781,0.263672,0.097656,0.375977,0.888672,1
17/11/2017 11:38:31.604,0.097656,0.175781,0.263672,0.097656,0.375977,0.888672,1
17/11/2017 11:38:32.603,0.097656,0.175781,0.263672,0.097656,0.380859,0.888672,1
17/11/2017 11:38:33.602,0.097656,0.175781,0.268555,0.097656,0.380859,0.888672,1
17/11/2017 11:38:34.606,0.097656,0.175781,0.268555,0.097656,0.380859,0.888672,1
17/11/2017 11:38:35.605,0.097656,0.175781,0.263672,0.097656,0.380859,0.888672,1
17/11/2017 11:38:36.605,0.097656,0.175781,0.268555,0.097656,0.380859,0.888672,1
17/11/2017 11:38:37.605,0.097656,0.175781,0.268555,0.097656,0.380859,0.888672,1
17/11/2017 11:38:38.608,0.097656,0.175781,0.268555,0.097656,0.380859,0.888672,1
17/11/2017 11:38:39.607,0.097656,0.175781,0.268555,0.097656,0.380859,0.888672,1
17/11/2017 11:38:40.607,0.097656,0.175781,0.268555,0.097656,0.380859,0.888672,1
17/11/2017 11:38:41.605,0.097656,0.175781,0.268555,0.097656,0.380859,0.888672,1
17/11/2017 11:38:42.606,0.097656,0.180664,0.268555,0.097656,0.380859,0.888672,1
17/11/2017 11:38:43.609,0.097656,0.175781,0.268555,0.097656,0.380859,0.888672,1
17/11/2017 11:38:44.608,0.097656,0.175781,0.268555,0.097656,0.380859,0.888672,1
17/11/2017 11:38:45.608,0.097656,0.175781,0.268555,0.097656,0.380859,0.888672,1
17/11/2017 11:38:46.607,0.097656,0.175781,0.268555,0.097656,0.380859,0.888672,1
17/11/2017 11:38:47.606,0.097656,0.180664,0.268555,0.097656,0.380859,0.888672,1
17/11/2017 11:38:48.610,0.097656,0.175781,0.268555,0.097656,0.380859,0.888672,1
17/11/2017 11:38:49.608,0.097656,0.175781,0.268555,0.097656,0.380859,0.893555,1
17/11/2017 11:38:50.609,0.097656,0.180664,0.268555,0.097656,0.380859,0.888672,1
17/11/2017 11:38:51.607,0.097656,0.180664,0.268555,0.097656,0.380859,0.893555,1
17/11/2017 11:38:52.608,0.097656,0.180664,0.268555,0.097656,0.380859,0.893555,1
17/11/2017 11:38:53.606,0.097656,0.180664,0.268555,0.097656,0.380859,0.893555,1
17/11/2017 11:38:54.605,0.097656,0.180664,0.268555,0.097656,0.380859,0.893555,1
17/11/2017 11:38:55.609,0.097656,0.180664,0.268555,0.097656,0.380859,0.893555,1
17/11/2017 11:38:56.607,0.097656,0.180664,0.268555,0.097656,0.380859,0.893555,1
17/11/2017 11:38:57.608,0.097656,0.180664,0.268555,0.097656,0.380859,0.893555,1
17/11/2017 11:38:58.607,0.097656,0.180664,0.268555,0.097656,0.380859,0.893555,1
17/11/2017 11:38:59.611,0.097656,0.180664,0.268555,0.097656,0.380859,0.893555,1
17/11/2017 11:39:00.611,0.097656,0.180664,0.268555,0.097656,0.380859,0.893555,1
17/11/2017 11:39:01.609,0.097656,0.180664,0.268555,0.097656,0.380859,0.893555,1
17/11/2017 11:39:02.613,0.097656,0.180664,0.268555,0.097656,0.380859,0.893555,1
17/11/2017 11:39:03.612,0.097656,0.180664,0.268555,0.097656,0.380859,0.893555,1
17/11/2017 11:39:04.611,0.097656,0.180664,0.268555,0.097656,0.380859,0.893555,1
17/11/2017 11:39:05.611,0.097656,0.180664,0.268555,0.097656,0.380859,0.893555,1
17/11/2017 11:39:06.611,0.097656,0.180664,0.268555,0.097656,0.380859,0.893555,1
17/11/2017 11:39:07.609,0.097656,0.180664,0.268555,0.097656,0.380859,0.893555,1
17/11/2017 11:39:08.614,0.097656,0.180664,0.268555,0.097656,0.380859,0.893555,1
17/11/2017 11:39:09.612,0.097656,0.180664,0.268555,0.097656,0.380859,0.893555,1
17/11/2017 11:39:10.612,0.097656,0.180664,0.268555,0.097656,0.380859,0.893555,1
17/11/2017 11:39:11.611,0.097656,0.180664,0.273437,0.097656,0.380859,0.893555,1
17/11/2017 11:39:12.611,0.097656,0.180664,0.268555,0.097656,0.380859,0.893555,1
17/11/2017 11:39:13.610,0.097656,0.180664,0.273437,0.097656,0.380859,0.893555,1
17/11/2017 11:39:14.612,0.097656,0.180664,0.273437,0.097656,0.380859,0.893555,1
17/11/2017 11:39:15.615,0.097656,0.180664,0.273437,0.097656,0.380859,0.893555,1
17/11/2017 11:39:16.613,0.097656,0.180664,0.273437,0.097656,0.380859,0.893555,1
17/11/2017 11:39:17.611,0.097656,0.180664,0.273437,0.097656,0.380859,0.893555,1
17/11/2017 11:39:18.611,0.097656,0.180664,0.273437,0.102539,0.380859,0.893555,1
17/11/2017 11:39:19.610,0.097656,0.180664,0.273437,0.097656,0.380859,0.893555,1
17/11/2017 11:39:20.614,0.097656,0.180664,0.273437,0.097656,0.380859,0.893555,1
17/11/2017 11:39:21.613,0.097656,0.180664,0.273437,0.097656,0.380859,0.893555,1
17/11/2017 11:39:22.617,0.097656,0.180664,0.273437,0.097656,0.380859,0.893555,1
17/11/2017 11:39:23.617,0.097656,0.180664,0.273437,0.102539,0.380859,0.893555,1
17/11/2017 11:39:24.615,0.097656,0.180664,0.273437,0.097656,0.380859,0.893555,1
17/11/2017 11:39:25.615,0.097656,0.180664,0.273437,0.102539,0.380859,0.893555,1
17/11/2017 11:39:26.615,0.097656,0.180664,0.273437,0.097656,0.385742,0.893555,1
17/11/2017 11:39:27.614,0.097656,0.180664,0.273437,0.097656,0.380859,0.893555,1
17/11/2017 11:39:28.617,0.097656,0.180664,0.273437,0.097656,0.380859,0.893555,1
17/11/2017 11:39:29.616,0.097656,0.180664,0.273437,0.102539,0.380859,0.893555,1
17/11/2017 11:39:30.615,0.097656,0.180664,0.273437,0.102539,0.380859,0.893555,1
17/11/2017 11:39:31.614,0.097656,0.180664,0.273437,0.097656,0.380859,0.893555,1
17/11/2017 11:39:32.615,0.097656,0.180664,0.273437,0.102539,0.385742,0.893555,1
17/11/2017 11:39:33.618,0.097656,0.180664,0.273437,0.097656,0.385742,0.898437,1
17/11/2017 11:39:34.617,0.097656,0.180664,0.273437,0.102539,0.380859,0.893555,1
17/11/2017 11:39:35.616,0.097656,0.180664,0.273437,0.097656,0.385742,0.898437,1
17/11/2017 11:39:36.620,0.097656,0.180664,0.273437,0.097656,0.385742,0.898437,1
17/11/2017 11:39:37.618,0.097656,0.180664,0.273437,0.102539,0.385742,0.898437,1
17/11/2017 11:39:38.618,0.097656,0.180664,0.273437,0.102539,0.385742,0.898437,1
17/11/2017 11:39:39.618,0.097656,0.180664,0.273437,0.102539,0.385742,0.898437,1
17/11/2017 11:39:40.622,0.097656,0.180664,0.273437,0.097656,0.385742,0.898437,1
17/11/2017 11:39:41.620,0.097656,0.180664,0.273437,0.102539,0.385742,0.898437,1
17/11/2017 11:39:42.625,0.097656,0.180664,0.273437,0.102539,0.385742,0.898437,1
17/11/2017 11:39:43.623,0.097656,0.180664,0.273437,0.097656,0.385742,0.898437,1
17/11/2017 11:39:44.624,0.097656,0.180664,0.273437,0.102539,0.385742,0.898437,1
17/11/2017 11:39:45.623,0.097656,0.180664,0.273437,0.102539,0.385742,0.898437,1
17/11/2017 11:39:46.622,0.097656,0.180664,0.273437,0.102539,0.385742,0.898437,1
17/11/2017 11:39:47.622,0.097656,0.180664,0.273437,0.097656,0.385742,0.898437,1
17/11/2017 11:39:48.625,0.097656,0.180664,0.273437,0.102539,0.385742,0.898437,1
17/11/2017 11:39:49.625,0.097656,0.185547,0.273437,0.102539,0.385742,0.898437,1
17/11/2017 11:39:50.624,0.097656,0.185547,0.273437,0.102539,0.385742,0.898437,1
17/11/2017 11:39:51.624,0.097656,0.185547,0.273437,0.102539,0.385742,0.898437,1
17/11/2017 11:39:52.622,0.097656,0.180664,0.27832,0.102539,0.385742,0.898437,1
17/11/2017 11:39:53.621,0.097656,0.180664,0.27832,0.097656,0.385742,0.898437,1
17/11/2017 11:39:54.625,0.097656,0.180664,0.27832,0.097656,0.385742,0.898437,1
17/11/2017 11:39:55.623,0.097656,0.185547,0.27832,0.102539,0.385742,0.898437,1
17/11/2017 11:39:56.623,0.097656,0.185547,0.27832,0.102539,0.385742,0.898437,1
17/11/2017 11:39:57.623,0.097656,0.180664,0.27832,0.097656,0.385742,0.898437,1
17/11/2017 11:39:58.623,0.097656,0.180664,0.27832,0.102539,0.385742,0.898437,1
17/11/2017 11:39:59.626,0.097656,0.185547,0.27832,0.102539,0.385742,0.898437,1
17/11/2017 11:40:00.626,0.097656,0.185547,0.27832,0.102539,0.385742,0.898437,1
17/11/2017 11:40:01.624,0.097656,0.185547,0.27832,0.102539,0.385742,0.898437,1
17/11/2017 11:40:02.624,0.097656,0.185547,0.27832,0.102539,0.385742,0.898437,1
17/11/2017 11:40:03.627,0.097656,0.185547,0.27832,0.102539,0.385742,0.898437,1
17/11/2017 11:40:04.628,0.097656,0.185547,0.27832,0.102539,0.385742,0.898437,1
17/11/2017 11:40:05.626,0.097656,0.185547,0.27832,0.097656,0.385742,0.898437,1
17/11/2017 11:40:06.624,0.097656,0.185547,0.27832,0.102539,0.385742,0.898437,1
17/11/2017 11:40:07.630,0.097656,0.185547,0.27832,0.102539,0.385742,0.898437,1
17/11/2017 11:40:08.629,0.102539,0.185547,0.27832,0.102539,0.385742,0.913086,1
17/11/2017 11:40:09.628,0.102539,0.195312,0.288086,0.102539,0.395508,0.947266,1
17/11/2017 11:40:10.626,0.112305,0.214844,0.3125,0.102539,0.405273,0.996094,1
17/11/2017 11:40:11.630,0.117187,0.239258,0.336914,0.107422,0.419922,1.049805,1
17/11/2017 11:40:12.630,0.12207,0.263672,0.366211,0.112305,0.43457,1.103516,1
17/11/2017 11:40:13.628,0.126953,0.283203,0.390625,0.112305,0.449219,1.162109,1
17/11/2017 11:40:14.633,0.131836,0.297852,0.410156,0.117187,0.458984,1.21582,1
17/11/2017 11:40:15.631,0.136719,0.317383,0.429687,0.117187,0.46875,1.264648,1
17/11/2017 11:40:16.632,0.141602,0.327148,0.444336,0.12207,0.478516,1.318359,1
17/11/2017 11:40:17.635,0.141602,0.341797,0.458984,0.12207,0.488281,1.367187,1
17/11/2017 11:40:18.635,0.146484,0.34668,0.473633,0.126953,0.498047,1.416016,1
17/11/2017 11:40:19.634,0.146484,0.356445,0.483398,0.126953,0.507812,1.459961,1
17/11/2017 11:40:20.633,0.151367,0.366211,0.498047,0.126953,0.512695,1.503906,1
17/11/2017 11:40:21.632,0.151367,0.371094,0.507812,0.131836,0.522461,1.547852,1
17/11/2017 11:40:22.632,0.15625,0.380859,0.517578,0.131836,0.527344,1.586914,1
17/11/2017 11:40:23.635,0.15625,0.385742,0.527344,0.131836,0.537109,1.621094,1
17/11/2017 11:40:24.635,0.161133,0.390625,0.537109,0.136719,0.541992,1.660156,1
17/11/2017 11:40:25.633,0.161133,0.395508,0.541992,0.136719,0.551758,1.694336,1
17/11/2017 11:40:26.637,0.161133,0.400391,0.551758,0.136719,0.556641,1.723633,1
17/11/2017 11:40:27.637,0.166016,0.405273,0.556641,0.136719,0.561523,1.757812,1
17/11/2017 11:40:28.636,0.166016,0.410156,0.561523,0.141602,0.566406,1.787109,1
17/11/2017 11:40:29.639,0.166016,0.415039,0.566406,0.141602,0.576172,1.816406,1
17/11/2017 11:40:30.639,0.170898,0.419922,0.576172,0.141602,0.581055,1.84082,1
17/11/2017 11:40:31.639,0.170898,0.424805,0.581055,0.141602,0.585937,1.865234,1
17/11/2017 11:40:32.637,0.170898,0.429687,0.585937,0.141602,0.59082,1.889648,1
17/11/2017 11:40:33.638,0.170898,0.43457,0.585937,0.146484,0.595703,1.914062,1
17/11/2017 11:40:34.636,0.175781,0.43457,0.59082,0.146484,0.600586,1.933594,1
17/11/2017 11:40:35.635,0.175781,0.439453,0.595703,0.146484,0.605469,1.958008,1
17/11/2017 11:40:36.640,0.175781,0.444336,0.600586,0.146484,0.610352,1.977539,1
17/11/2017 11:40:37.639,0.175781,0.449219,0.605469,0.146484,0.615234,1.992187,1
17/11/2017 11:40:38.638,0.175781,0.449219,0.605469,0.146484,0.620117,2.011719,1
17/11/2017 11:40:39.642,0.180664,0.454102,0.610352,0.151367,0.625,2.026367,1
17/11/2017 11:40:40.641,0.180664,0.458984,0.615234,0.151367,0.629883,2.045898,1
17/11/2017 11:40:41.641,0.180664,0.463867,0.615234,0.151367,0.629883,2.060547,1
17/11/2017 11:40:42.643,0.180664,0.463867,0.620117,0.151367,0.634766,2.075195,1
17/11/2017 11:40:43.644,0.185547,0.46875,0.620117,0.151367,0.639648,2.089844,1
17/11/2017 11:40:44.643,0.185547,0.46875,0.625,0.15625,0.644531,2.104492,1
17/11/2017 11:40:45.641,0.185547,0.473633,0.625,0.15625,0.649414,2.114258,1
17/11/2017 11:40:46.641,0.185547,0.478516,0.629883,0.15625,0.649414,2.128906,1
17/11/2017 11:40:47.640,0.185547,0.478516,0.629883,0.15625,0.654297,2.138672,1
17/11/2017 11:40:48.645,0.185547,0.483398,0.629883,0.15625,0.65918,2.15332,1
17/11/2017 11:40:49.643,0.19043,0.488281,0.634766,0.15625,0.65918,2.163086,1
17/11/2017 11:40:50.643,0.19043,0.488281,0.634766,0.15625,0.664062,2.172852,1
17/11/2017 11:40:51.642,0.19043,0.493164,0.634766,0.161133,0.668945,2.182617,1
17/11/2017 11:40:52.644,0.19043,0.493164,0.639648,0.161133,0.668945,2.192383,1
17/11/2017 11:40:53.646,0.19043,0.498047,0.639648,0.161133,0.673828,2.202148,1
17/11/2017 11:40:54.644,0.19043,0.498047,0.644531,0.161133,0.678711,2.211914,1
17/11/2017 11:40:55.644,0.19043,0.50293,0.644531,0.161133,0.678711,2.22168,1
17/11/2017 11:40:56.644,0.19043,0.507812,0.644531,0.161133,0.683594,2.226562,1
17/11/2017 11:40:57.647,0.195312,0.507812,0.644531,0.161133,0.688477,2.236328,1
17/11/2017 11:40:58.645,0.195312,0.512695,0.644531,0.166016,0.688477,2.246094,1
17/11/2017 11:40:59.645,0.195312,0.512695,0.649414,0.166016,0.693359,2.250977,1
17/11/2017 11:41:00.644,0.195312,0.517578,0.649414,0.166016,0.693359,2.260742,1
17/11/2017 11:41:01.648,0.195312,0.517578,0.649414,0.166016,0.698242,2.265625,1
17/11/2017 11:41:02.647,0.195312,0.517578,0.649414,0.166016,0.698242,2.270508,1
17/11/2017 11:41:03.647,0.200195,0.522461,0.654297,0.166016,0.703125,2.275391,1
17/11/2017 11:41:04.645,0.200195,0.527344,0.649414,0.166016,0.703125,2.285156,1
17/11/2017 11:41:05.649,0.200195,0.527344,0.654297,0.170898,0.708008,2.290039,1
17/11/2017 11:41:06.649,0.200195,0.532227,0.654297,0.170898,0.708008,2.294922,1
17/11/2017 11:41:07.649,0.200195,0.532227,0.654297,0.170898,0.712891,2.299805,1
17/11/2017 11:41:08.648,0.200195,0.532227,0.654297,0.170898,0.712891,2.304687,1
17/11/2017 11:41:09.651,0.200195,0.537109,0.654297,0.170898,0.712891,2.30957,1
17/11/2017 11:41:10.650,0.200195,0.537109,0.65918,0.170898,0.717773,2.314453,1
17/11/2017 11:41:11.649,0.200195,0.541992,0.65918,0.170898,0.717773,2.319336,1
17/11/2017 11:41:12.654,0.200195,0.541992,0.65918,0.170898,0.717773,2.324219,1
17/11/2017 11:41:13.652,0.205078,0.546875,0.65918,0.175781,0.722656,2.329102,1
17/11/2017 11:41:14.653,0.205078,0.546875,0.65918,0.175781,0.722656,2.333984,1
17/11/2017 11:41:15.651,0.205078,0.546875,0.65918,0.175781,0.727539,2.333984,1
17/11/2017 11:41:16.652,0.205078,0.551758,0.65918,0.175781,0.727539,2.338867,1
17/11/2017 11:41:17.653,0.205078,0.551758,0.664062,0.175781,0.727539,2.34375,1
17/11/2017 11:41:18.654,0.205078,0.556641,0.664062,0.175781,0.732422,2.348633,1
17/11/2017 11:41:19.654,0.205078,0.556641,0.664062,0.175781,0.732422,2.348633,1
17/11/2017 11:41:20.653,0.205078,0.556641,0.664062,0.175781,0.737305,2.353516,1
17/11/2017 11:41:21.652,0.205078,0.561523,0.664062,0.175781,0.737305,2.353516,1
17/11/2017 11:41:22.650,0.209961,0.561523,0.664062,0.175781,0.737305,2.358398,1
17/11/2017 11:41:23.650,0.209961,0.561523,0.664062,0.180664,0.737305,2.363281,1
17/11/2017 11:41:24.653,0.209961,0.566406,0.668945,0.180664,0.742187,2.363281,1
17/11/2017 11:41:25.653,0.209961,0.566406,0.668945,0.180664,0.742187,2.368164,1
17/11/2017 11:41:26.653,0.209961,0.566406,0.668945,0.180664,0.742187,2.368164,1
17/11/2017 11:41:27.656,0.209961,0.571289,0.668945,0.180664,0.74707,2.373047,1
17/11/2017 11:41:28.655,0.209961,0.571289,0.668945,0.180664,0.74707,2.373047,1
17/11/2017 11:41:29.655,0.209961,0.571289,0.668945,0.180664,0.74707,2.37793,1
17/11/2017 11:41:30.654,0.209961,0.576172,0.668945,0.180664,0.74707,2.37793,1
17/11/2017 11:41:31.654,0.214844,0.576172,0.668945,0.180664,0.751953,2.382812,1
17/11/2017 11:41:32.653,0.209961,0.581055,0.668945,0.185547,0.751953,2.382812,1
17/11/2017 11:41:33.656,0.214844,0.581055,0.668945,0.185547,0.751953,2.387695,1
17/11/2017 11:41:34.656,0.214844,0.581055,0.668945,0.185547,0.756836,2.387695,1
17/11/2017 11:41:35.656,0.214844,0.585937,0.673828,0.185547,0.756836,2.387695,1
17/11/2017 11:41:36.659,0.214844,0.585937,0.673828,0.185547,0.756836,2.392578,1
17/11/2017 11:41:37.658,0.214844,0.585937,0.673828,0.185547,0.756836,2.397461,1
17/11/2017 11:41:38.657,0.214844,0.585937,0.673828,0.185547,0.756836,2.397461,1
17/11/2017 11:41:39.657,0.214844,0.59082,0.673828,0.185547,0.761719,2.402344,1
17/11/2017 11:41:40.660,0.214844,0.59082,0.673828,0.185547,0.761719,2.402344,1
17/11/2017 11:41:41.660,0.214844,0.59082,0.673828,0.185547,0.761719,2.402344,1
17/11/2017 11:41:42.658,0.219727,0.595703,0.673828,0.185547,0.761719,2.407227,1
17/11/2017 11:41:43.658,0.219727,0.595703,0.673828,0.19043,0.761719,2.407227,1
17/11/2017 11:41:44.661,0.219727,0.595703,0.673828,0.19043,0.766602,2.412109,1
17/11/2017 11:41:45.660,0.219727,0.595703,0.678711,0.19043,0.766602,2.412109,1
17/11/2017 11:41:46.659,0.219727,0.595703,0.678711,0.19043,0.766602,2.416992,1
17/11/2017 11:41:47.659,0.219727,0.600586,0.673828,0.19043,0.766602,2.416992,1
17/11/2017 11:41:48.660,0.219727,0.600586,0.678711,0.19043,0.771484,2.421875,1
17/11/2017 11:41:49.659,0.219727,0.600586,0.678711,0.19043,0.771484,2.421875,1
17/11/2017 11:41:50.662,0.219727,0.600586,0.678711,0.19043,0.771484,2.426758,1
17/11/2017 11:41:51.662,0.219727,0.605469,0.678711,0.19043,0.771484,2.426758,1
17/11/2017 11:41:52.661,0.219727,0.605469,0.678711,0.19043,0.771484,2.426758,1
17/11/2017 11:41:53.659,0.219727,0.605469,0.678711,0.19043,0.776367,2.431641,1
17/11/2017 11:41:54.663,0.224609,0.610352,0.678711,0.195312,0.776367,2.431641,1
17/11/2017 11:41:55.663,0.224609,0.610352,0.678711,0.195312,0.776367,2.431641,1
17/11/2017 11:41:56.662,0.224609,0.610352,0.678711,0.195312,0.776367,2.431641,1
17/11/2017 11:41:57.663,0.224609,0.610352,0.678711,0.195312,0.776367,2.436523,1
17/11/2017 11:41:58.663,0.224609,0.610352,0.678711,0.195312,0.776367,2.436523,1
17/11/2017 11:41:59.660,0.224609,0.615234,0.678711,0.195312,0.78125,2.436523,1
17/11/2017 11:42:00.663,0.224609,0.615234,0.683594,0.195312,0.78125,2.436523,1
17/11/2017 11:42:01.662,0.224609,0.615234,0.683594,0.195312,0.78125,2.441406,1
17/11/2017 11:42:02.664,0.224609,0.620117,0.683594,0.195312,0.78125,2.441406,1
17/11/2017 11:42:03.661,0.224609,0.620117,0.678711,0.195312,0.78125,2.441406,1
17/11/2017 11:42:04.665,0.224609,0.620117,0.683594,0.195312,0.78125,2.441406,1
17/11/2017 11:42:05.666,0.229492,0.620117,0.683594,0.195312,0.78125,2.446289,1
17/11/2017 11:42:06.664,0.224609,0.620117,0.683594,0.195312,0.786133,2.446289,1
17/11/2017 11:42:07.664,0.229492,0.625,0.683594,0.195312,0.786133,2.446289,1
17/11/2017 11:42:08.667,0.229492,0.625,0.683594,0.195312,0.786133,2.446289,1
17/11/2017 11:42:09.666,0.229492,0.625,0.683594,0.200195,0.786133,2.446289,1
17/11/2017 11:42:10.665,0.229492,0.625,0.683594,0.200195,0.786133,2.451172,1
17/11/2017 11:42:11.670,0.229492,0.625,0.683594,0.200195,0.786133,2.451172,1
17/11/2017 11:42:12.669,0.229492,0.625,0.683594,0.200195,0.786133,2.451172,1
17/11/2017 11:42:13.669,0.229492,0.629883,0.683594,0.200195,0.791016,2.451172,1
17/11/2017 11:42:14.667,0.229492,0.629883,0.683594,0.200195,0.791016,2.456055,1
17/11/2017 11:42:15.666,0.229492,0.629883,0.683594,0.200195,0.791016,2.456055,1
17/11/2017 11:42:16.665,0.229492,0.629883,0.683594,0.200195,0.791016,2.456055,1
17/11/2017 11:42:17.670,0.229492,0.629883,0.683594,0.200195,0.791016,2.456055,1
17/11/2017 11:42:18.668,0.229492,0.629883,0.683594,0.200195,0.791016,2.460937,1
17/11/2017 11:42:19.668,0.234375,0.634766,0.683594,0.200195,0.791016,2.460937,1
17/11/2017 11:42:20.667,0.229492,0.634766,0.683594,0.200195,0.791016,2.460937,1
17/11/2017 11:42:21.667,0.229492,0.634766,0.683594,0.200195,0.791016,2.460937,1
17/11/2017 11:42:22.670,0.234375,0.634766,0.688477,0.200195,0.795898,2.460937,1
17/11/2017 11:42:23.669,0.234375,0.639648,0.688477,0.200195,0.795898,2.460937,1
17/11/2017 11:42:24.670,0.234375,0.639648,0.688477,0.205078,0.795898,2.46582,1
17/11/2017 11:42:25.669,0.234375,0.639648,0.688477,0.205078,0.795898,2.46582,1
17/11/2017 11:42:26.667,0.234375,0.639648,0.688477,0.205078,0.795898,2.46582,1
17/11/2017 11:42:27.666,0.234375,0.639648,0.688477,0.205078,0.795898,2.46582,1
17/11/2017 11:42:28.666,0.234375,0.639648,0.688477,0.205078,0.795898,2.46582,1
17/11/2017 11:42:29.669,0.234375,0.644531,0.688477,0.205078,0.800781,2.470703,1
17/11/2017 11:42:30.669,0.234375,0.644531,0.688477,0.205078,0.795898,2.470703,1
17/11/2017 11:42:31.670,0.234375,0.644531,0.688477,0.205078,0.800781,2.470703,1
17/11/2017 11:42:32.673,0.234375,0.644531,0.688477,0.205078,0.800781,2.470703,1
17/11/2017 11:42:33.672,0.234375,0.644531,0.688477,0.205078,0.800781,2.470703,1
17/11/2017 11:42:34.671,0.234375,0.644531,0.688477,0.205078,0.800781,2.470703,1
17/11/2017 11:42:35.671,0.234375,0.649414,0.688477,0.205078,0.800781,2.475586,1
17/11/2017 11:42:36.671,0.234375,0.649414,0.688477,0.205078,0.800781,2.475586,1
17/11/2017 11:42:37.668,0.234375,0.649414,0.688477,0.205078,0.800781,2.475586,1
17/11/2017 11:42:38.668,0.239258,0.649414,0.688477,0.205078,0.800781,2.475586,1
17/11/2017 11:42:39.671,0.239258,0.649414,0.688477,0.205078,0.800781,2.475586,1
17/11/2017 11:42:40.671,0.239258,0.649414,0.688477,0.205078,0.800781,2.475586,1
17/11/2017 11:42:41.670,0.239258,0.649414,0.688477,0.205078,0.805664,2.475586,1
17/11/2017 11:42:42.669,0.239258,0.654297,0.688477,0.209961,0.805664,2.475586,1
17/11/2017 11:42:43.673,0.239258,0.654297,0.688477,0.209961,0.805664,2.480469,1
17/11/2017 11:42:44.673,0.239258,0.654297,0.688477,0.209961,0.805664,2.480469,1
17/11/2017 11:42:45.672,0.239258,0.654297,0.688477,0.209961,0.805664,2.480469,1
17/11/2017 11:42:46.675,0.239258,0.654297,0.688477,0.209961,0.805664,2.480469,1
17/11/2017 11:42:47.675,0.239258,0.654297,0.688477,0.209961,0.805664,2.480469,1
17/11/2017 11:42:48.675,0.239258,0.654297,0.688477,0.209961,0.805664,2.480469,1
17/11/2017 11:42:49.674,0.239258,0.65918,0.688477,0.209961,0.805664,2.480469,1
17/11/2017 11:42:50.678,0.239258,0.65918,0.688477,0.209961,0.805664,2.480469,1
17/11/2017 11:42:51.677,0.239258,0.65918,0.688477,0.209961,0.805664,2.480469,1
17/11/2017 11:42:52.677,0.239258,0.65918,0.688477,0.209961,0.810547,2.485352,1
17/11/2017 11:42:53.675,0.239258,0.65918,0.693359,0.209961,0.805664,2.485352,1
17/11/2017 11:42:54.675,0.239258,0.65918,0.693359,0.209961,0.810547,2.485352,1
17/11/2017 11:42:55.678,0.244141,0.65918,0.693359,0.209961,0.810547,2.485352,1
17/11/2017 11:42:56.678,0.239258,0.65918,0.693359,0.209961,0.810547,2.485352,1
17/11/2017 11:42:57.676,0.244141,0.65918,0.693359,0.209961,0.810547,2.485352,1
17/11/2017 11:42:58.675,0.239258,0.664062,0.693359,0.209961,0.810547,2.485352,1
17/11/2017 11:42:59.676,0.244141,0.664062,0.693359,0.209961,0.810547,2.485352,1
17/11/2017 11:43:00.679,0.244141,0.664062,0.693359,0.209961,0.810547,2.485352,1
17/11/2017 11:43:01.678,0.244141,0.664062,0.693359,0.209961,0.810547,2.490234,1
17/11/2017 11:43:02.678,0.244141,0.664062,0.693359,0.214844,0.810547,2.490234,1
17/11/2017 11:43:03.677,0.244141,0.664062,0.693359,0.209961,0.810547,2.490234,1
17/11/2017 11:43:04.680,0.244141,0.664062,0.693359,0.209961,0.810547,2.490234,1
17/11/2017 11:43:05.679,0.244141,0.664062,0.693359,0.214844,0.810547,2.490234,1
17/11/2017 11:43:06.680,0.244141,0.668945,0.693359,0.214844,0.810547,2.490234,1
17/11/2017 11:43:07.679,0.244141,0.668945,0.693359,0.214844,0.810547,2.490234,1
17/11/2017 11:43:08.678,0.244141,0.668945,0.693359,0.214844,0.810547,2.490234,1
17/11/2017 11:43:09.682,0.244141,0.668945,0.693359,0.214844,0.81543,2.490234,1
17/11/2017 11:43:10.681,0.244141,0.668945,0.693359,0.214844,0.81543,2.495117,1
17/11/2017 11:43:11.680,0.244141,0.668945,0.693359,0.214844,0.81543,2.495117,1
17/11/2017 11:43:12.680,0.244141,0.668945,0.693359,0.214844,0.81543,2.490234,1
17/11/2017 11:43:13.680,0.244141,0.668945,0.693359,0.214844,0.81543,2.490234,1
17/11/2017 11:43:14.677,0.244141,0.673828,0.693359,0.214844,0.81543,2.490234,1
17/11/2017 11:43:15.683,0.244141,0.673828,0.693359,0.214844,0.81543,2.490234,1
17/11/2017 11:43:16.682,0.244141,0.673828,0.693359,0.214844,0.81543,2.490234,1
17/11/2017 11:43:17.680,0.244141,0.673828,0.693359,0.214844,0.81543,2.490234,1
17/11/2017 11:43:18.680,0.249023,0.673828,0.693359,0.214844,0.81543,2.495117,1
17/11/2017 11:43:19.678,0.249023,0.673828,0.693359,0.214844,0.81543,2.490234,1
17/11/2017 11:43:20.679,0.249023,0.673828,0.693359,0.214844,0.81543,2.495117,1
17/11/2017 11:43:21.682,0.244141,0.673828,0.693359,0.214844,0.81543,2.490234,1
17/11/2017 11:43:22.681,0.249023,0.673828,0.693359,0.214844,0.81543,2.495117,1
17/11/2017 11:43:23.680,0.249023,0.673828,0.698242,0.214844,0.81543,2.495117,1
17/11/2017 11:43:24.683,0.249023,0.673828,0.693359,0.214844,0.81543,2.495117,1
17/11/2017 11:43:25.683,0.249023,0.678711,0.693359,0.214844,0.81543,2.495117,1
17/11/2017 11:43:26.683,0.249023,0.678711,0.698242,0.214844,0.81543,2.495117,1
17/11/2017 11:43:27.682,0.249023,0.678711,0.698242,0.214844,0.820312,2.495117,1
17/11/2017 11:43:28.682,0.249023,0.678711,0.698242,0.219727,0.820312,2.495117,1
17/11/2017 11:43:29.685,0.249023,0.678711,0.698242,0.214844,0.820312,2.495117,1
17/11/2017 11:43:30.684,0.249023,0.678711,0.698242,0.219727,0.820312,2.495117,1
17/11/2017 11:43:31.684,0.249023,0.678711,0.698242,0.219727,0.820312,2.495117,1
17/11/2017 11:43:32.684,0.249023,0.678711,0.698242,0.219727,0.820312,2.495117,1
17/11/2017 11:43:33.687,0.249023,0.678711,0.698242,0.219727,0.820312,2.5,1
17/11/2017 11:43:34.687,0.249023,0.678711,0.698242,0.219727,0.820312,2.5,1
17/11/2017 11:43:35.685,0.249023,0.678711,0.698242,0.219727,0.820312,2.5,1
17/11/2017 11:43:36.684,0.249023,0.678711,0.698242,0.219727,0.820312,2.5,1
17/11/2017 11:43:37.685,0.249023,0.683594,0.698242,0.219727,0.820312,2.5,1
17/11/2017 11:43:38.683,0.249023,0.683594,0.698242,0.219727,0.820312,2.5,1
17/11/2017 11:43:39.688,0.249023,0.683594,0.698242,0.219727,0.820312,2.5,1
17/11/2017 11:43:40.688,0.249023,0.683594,0.698242,0.219727,0.820312,2.5,1
17/11/2017 11:43:41.686,0.249023,0.683594,0.698242,0.219727,0.820312,2.5,1
17/11/2017 11:43:42.689,0.253906,0.683594,0.698242,0.219727,0.820312,2.5,1
17/11/2017 11:43:43.689,0.249023,0.683594,0.698242,0.219727,0.820312,2.5,1
17/11/2017 11:43:44.687,0.253906,0.683594,0.698242,0.219727,0.820312,2.5,1
17/11/2017 11:43:45.692,0.253906,0.683594,0.698242,0.219727,0.820312,2.5,1
17/11/2017 11:43:46.691,0.253906,0.683594,0.698242,0.219727,0.820312,2.5,1
17/11/2017 11:43:47.690,0.253906,0.683594,0.698242,0.219727,0.820312,2.5,1
17/11/2017 11:43:48.689,0.253906,0.683594,0.698242,0.219727,0.820312,2.5,1
17/11/2017 11:43:49.689,0.253906,0.683594,0.698242,0.219727,0.820312,2.5,1
17/11/2017 11:43:50.689,0.253906,0.688477,0.698242,0.219727,0.820312,2.5,1
17/11/2017 11:43:51.691,0.253906,0.688477,0.698242,0.219727,0.825195,2.504883,1
17/11/2017 11:43:52.691,0.253906,0.683594,0.698242,0.219727,0.820312,2.504883,1
17/11/2017 11:43:53.690,0.253906,0.688477,0.698242,0.219727,0.825195,2.504883,1
17/11/2017 11:43:54.690,0.253906,0.688477,0.698242,0.219727,0.825195,2.504883,1
17/11/2017 11:43:55.694,0.253906,0.688477,0.698242,0.219727,0.825195,2.504883,1
17/11/2017 11:43:56.693,0.253906,0.688477,0.698242,0.219727,0.825195,2.504883,1
17/11/2017 11:43:57.693,0.253906,0.688477,0.698242,0.219727,0.825195,2.504883,1
17/11/2017 11:43:58.691,0.253906,0.688477,0.698242,0.224609,0.825195,2.504883,1
17/11/2017 11:43:59.695,0.253906,0.688477,0.698242,0.219727,0.825195,2.504883,1
17/11/2017 11:44:00.693,0.253906,0.688477,0.698242,0.224609,0.825195,2.504883,1
17/11/2017 11:44:01.695,0.253906,0.688477,0.698242,0.219727,0.825195,2.504883,1
17/11/2017 11:44:02.694,0.253906,0.688477,0.698242,0.224609,0.825195,2.504883,1
17/11/2017 11:44:03.693,0.253906,0.688477,0.698242,0.224609,0.825195,2.504883,1
17/11/2017 11:44:04.696,0.253906,0.688477,0.698242,0.219727,0.825195,2.504883,1
17/11/2017 11:44:05.696,0.253906,0.688477,0.698242,0.224609,0.825195,2.504883,1
17/11/2017 11:44:06.694,0.253906,0.688477,0.698242,0.224609,0.825195,2.504883,1
17/11/2017 11:44:07.693,0.253906,0.688477,0.698242,0.224609,0.825195,2.504883,1
17/11/2017 11:44:08.694,0.253906,0.688477,0.698242,0.224609,0.825195,2.5,1
17/11/2017 11:44:09.692,0.253906,0.688477,0.698242,0.224609,0.825195,2.504883,1
17/11/2017 11:44:10.696,0.253906,0.693359,0.698242,0.224609,0.825195,2.5,1
17/11/2017 11:44:11.695,0.258789,0.693359,0.698242,0.224609,0.825195,2.504883,1
17/11/2017 11:44:12.695,0.258789,0.693359,0.698242,0.224609,0.825195,2.504883,1
17/11/2017 11:44:13.695,0.258789,0.693359,0.698242,0.224609,0.825195,2.504883,1
17/11/2017 11:44:14.694,0.258789,0.693359,0.698242,0.224609,0.825195,2.5,1
17/11/2017 11:44:15.692,0.258789,0.693359,0.703125,0.224609,0.825195,2.5,1
17/11/2017 11:44:16.697,0.258789,0.693359,0.698242,0.224609,0.825195,2.5,1
17/11/2017 11:44:17.695,0.258789,0.693359,0.698242,0.224609,0.825195,2.5,1
17/11/2017 11:44:18.697,0.258789,0.693359,0.698242,0.224609,0.830078,2.5,1
17/11/2017 11:44:19.695,0.258789,0.693359,0.703125,0.224609,0.830078,2.5,1
17/11/2017 11:44:20.699,0.258789,0.693359,0.703125,0.224609,0.825195,2.5,1
17/11/2017 11:44:21.698,0.258789,0.693359,0.703125,0.224609,0.825195,2.5,1
17/11/2017 11:44:22.697,0.258789,0.693359,0.698242,0.224609,0.830078,2.5,1
17/11/2017 11:44:23.695,0.258789,0.693359,0.698242,0.224609,0.830078,2.5,1
17/11/2017 11:44:24.695,0.258789,0.693359,0.698242,0.224609,0.830078,2.5,1
17/11/2017 11:44:25.694,0.258789,0.693359,0.703125,0.224609,0.830078,2.5,1
17/11/2017 11:44:26.694,0.258789,0.693359,0.698242,0.224609,0.830078,2.5,1
17/11/2017 11:44:27.694,0.258789,0.693359,0.698242,0.224609,0.830078,2.5,1
17/11/2017 11:44:28.697,0.258789,0.693359,0.703125,0.224609,0.830078,2.5,1
17/11/2017 11:44:29.696,0.258789,0.693359,0.703125,0.224609,0.830078,2.5,1
17/11/2017 11:44:30.695,0.258789,0.698242,0.703125,0.224609,0.830078,2.5,1
17/11/2017 11:44:31.696,0.258789,0.698242,0.703125,0.224609,0.830078,2.5,1
17/11/2017 11:44:32.698,0.258789,0.698242,0.703125,0.224609,0.830078,2.504883,1
17/11/2017 11:44:33.698,0.258789,0.698242,0.703125,0.229492,0.830078,2.504883,1
17/11/2017 11:44:34.698,0.258789,0.698242,0.703125,0.224609,0.830078,2.504883,1
17/11/2017 11:44:35.696,0.258789,0.698242,0.703125,0.224609,0.830078,2.504883,1
17/11/2017 11:44:36.700,0.258789,0.698242,0.703125,0.229492,0.830078,2.504883,1
17/11/2017 11:44:37.699,0.258789,0.698242,0.703125,0.229492,0.830078,2.504883,1
17/11/2017 11:44:38.698,0.258789,0.698242,0.703125,0.224609,0.830078,2.504883,1
17/11/2017 11:44:39.698,0.258789,0.698242,0.703125,0.229492,0.830078,2.504883,1
17/11/2017 11:44:40.701,0.258789,0.698242,0.703125,0.224609,0.830078,2.504883,1
17/11/2017 11:44:41.701,0.258789,0.698242,0.703125,0.229492,0.830078,2.504883,1
17/11/2017 11:44:42.701,0.258789,0.698242,0.703125,0.224609,0.830078,2.504883,1
17/11/2017 11:44:43.700,0.258789,0.698242,0.703125,0.224609,0.830078,2.504883,1
17/11/2017 11:44:44.700,0.258789,0.698242,0.703125,0.229492,0.830078,2.504883,1
17/11/2017 11:44:45.698,0.263672,0.698242,0.703125,0.229492,0.830078,2.504883,1
17/11/2017 11:44:46.697,0.258789,0.698242,0.703125,0.229492,0.830078,2.504883,1
17/11/2017 11:44:47.697,0.258789,0.698242,0.703125,0.229492,0.830078,2.504883,1
17/11/2017 11:44:48.701,0.258789,0.698242,0.703125,0.229492,0.830078,2.504883,1
17/11/2017 11:44:49.701,0.258789,0.698242,0.703125,0.229492,0.830078,2.504883,1
17/11/2017 11:44:50.703,0.263672,0.698242,0.703125,0.229492,0.830078,2.504883,1
17/11/2017 11:44:51.702,0.263672,0.698242,0.703125,0.229492,0.830078,2.504883,1
17/11/2017 11:44:52.702,0.263672,0.698242,0.703125,0.229492,0.830078,2.504883,1
17/11/2017 11:44:53.702,0.258789,0.698242,0.703125,0.229492,0.830078,2.504883,1
17/11/2017 11:44:54.705,0.263672,0.698242,0.703125,0.229492,0.830078,2.504883,1
17/11/2017 11:44:55.705,0.263672,0.698242,0.703125,0.229492,0.830078,2.504883,1
17/11/2017 11:44:56.703,0.263672,0.698242,0.703125,0.229492,0.830078,2.504883,1
17/11/2017 11:44:57.703,0.263672,0.703125,0.703125,0.229492,0.830078,2.504883,1
17/11/2017 11:44:58.707,0.263672,0.698242,0.703125,0.229492,0.830078,2.504883,1
17/11/2017 11:44:59.707,0.263672,0.703125,0.703125,0.229492,0.830078,2.504883,1
17/11/2017 11:45:00.707,0.263672,0.703125,0.703125,0.229492,0.830078,2.504883,1
17/11/2017 11:45:01.705,0.263672,0.703125,0.703125,0.229492,0.830078,2.504883,1
17/11/2017 11:45:02.708,0.263672,0.703125,0.703125,0.229492,0.830078,2.504883,1
17/11/2017 11:45:03.707,0.263672,0.703125,0.703125,0.229492,0.830078,2.504883,1
17/11/2017 11:45:04.707,0.263672,0.703125,0.703125,0.229492,0.830078,2.504883,1
17/11/2017 11:45:05.707,0.263672,0.703125,0.703125,0.229492,0.834961,2.504883,1
17/11/2017 11:45:06.706,0.263672,0.703125,0.703125,0.229492,0.830078,2.504883,1
17/11/2017 11:45:07.708,0.263672,0.703125,0.703125,0.229492,0.830078,2.504883,1
17/11/2017 11:45:08.708,0.263672,0.703125,0.703125,0.229492,0.834961,2.504883,1
17/11/2017 11:45:09.708,0.263672,0.703125,0.703125,0.229492,0.834961,2.504883,1
17/11/2017 11:45:10.707,0.263672,0.703125,0.703125,0.229492,0.834961,2.504883,1
17/11/2017 11:45:11.707,0.263672,0.703125,0.703125,0.229492,0.830078,2.504883,1
17/11/2017 11:45:12.705,0.263672,0.703125,0.703125,0.229492,0.830078,2.504883,1
17/11/2017 11:45:13.709,0.263672,0.703125,0.703125,0.229492,0.834961,2.504883,1
17/11/2017 11:45:14.709,0.263672,0.703125,0.703125,0.229492,0.834961,2.504883,1
17/11/2017 11:45:15.709,0.263672,0.703125,0.703125,0.229492,0.834961,2.504883,1
17/11/2017 11:45:16.708,0.263672,0.703125,0.703125,0.229492,0.834961,2.504883,1
17/11/2017 11:45:17.711,0.263672,0.703125,0.703125,0.229492,0.834961,2.504883,1
17/11/2017 11:45:18.710,0.263672,0.703125,0.703125,0.229492,0.834961,2.504883,1
17/11/2017 11:45:19.709,0.263672,0.703125,0.703125,0.229492,0.834961,2.504883,1
17/11/2017 11:45:20.709,0.263672,0.703125,0.703125,0.229492,0.834961,2.504883,1
17/11/2017 11:45:21.712,0.263672,0.703125,0.703125,0.229492,0.834961,2.504883,1
17/11/2017 11:45:22.713,0.263672,0.703125,0.703125,0.229492,0.834961,2.504883,1
17/11/2017 11:45:23.711,0.263672,0.703125,0.703125,0.229492,0.834961,2.504883,1
17/11/2017 11:45:24.710,0.263672,0.703125,0.703125,0.229492,0.834961,2.504883,1
17/11/2017 11:45:25.710,0.263672,0.703125,0.703125,0.229492,0.834961,2.504883,1
17/11/2017 11:45:26.711,0.263672,0.703125,0.703125,0.229492,0.834961,2.504883,1
17/11/2017 11:45:27.712,0.263672,0.703125,0.703125,0.229492,0.834961,2.504883,1
17/11/2017 11:45:28.712,0.263672,0.703125,0.708008,0.229492,0.834961,2.504883,1
17/11/2017 11:45:29.711,0.263672,0.703125,0.708008,0.229492,0.834961,2.504883,1
17/11/2017 11:45:30.710,0.263672,0.703125,0.703125,0.229492,0.834961,2.504883,1
17/11/2017 11:45:31.714,0.263672,0.703125,0.708008,0.229492,0.834961,2.504883,1
17/11/2017 11:45:32.714,0.268555,0.703125,0.703125,0.229492,0.834961,2.504883,1
17/11/2017 11:45:33.714,0.263672,0.708008,0.708008,0.234375,0.834961,2.504883,1
17/11/2017 11:45:34.713,0.263672,0.703125,0.708008,0.229492,0.834961,2.504883,1
17/11/2017 11:45:35.717,0.263672,0.703125,0.708008,0.229492,0.834961,2.504883,1
17/11/2017 11:45:36.715,0.263672,0.703125,0.708008,0.234375,0.834961,2.509766,1
17/11/2017 11:45:37.715,0.263672,0.703125,0.708008,0.229492,0.834961,2.509766,1
17/11/2017 11:45:38.717,0.263672,0.703125,0.708008,0.234375,0.839844,2.504883,1
17/11/2017 11:45:39.717,0.263672,0.708008,0.708008,0.234375,0.834961,2.509766,1
17/11/2017 11:45:40.718,0.268555,0.703125,0.708008,0.234375,0.834961,2.504883,1
17/11/2017 11:45:41.716,0.268555,0.703125,0.708008,0.229492,0.834961,2.509766,1
17/11/2017 11:45:42.719,0.268555,0.708008,0.708008,0.234375,0.834961,2.509766,1
17/11/2017 11:45:43.719,0.268555,0.708008,0.708008,0.234375,0.839844,2.504883,1
17/11/2017 11:45:44.722,0.268555,0.708008,0.708008,0.234375,0.839844,2.504883,1
17/11/2017 11:45:45.721,0.268555,0.708008,0.708008,0.234375,0.839844,2.504883,1
17/11/2017 11:45:46.722,0.268555,0.708008,0.708008,0.234375,0.839844,2.504883,1
17/11/2017 11:45:47.720,0.268555,0.708008,0.708008,0.234375,0.839844,2.504883,1
17/11/2017 11:45:48.721,0.268555,0.708008,0.708008,0.234375,0.839844,2.504883,1
17/11/2017 11:45:49.725,0.268555,0.708008,0.708008,0.234375,0.839844,2.504883,1
17/11/2017 11:45:50.722,0.268555,0.708008,0.708008,0.234375,0.839844,2.504883,1
17/11/2017 11:45:51.722,0.268555,0.708008,0.708008,0.234375,0.839844,2.504883,1
17/11/2017 11:45:52.722,0.268555,0.708008,0.708008,0.234375,0.839844,2.504883,1
17/11/2017 11:45:53.721,0.268555,0.708008,0.708008,0.234375,0.839844,2.504883,1
17/11/2017 11:45:54.720,0.268555,0.708008,0.708008,0.234375,0.839844,2.504883,1
17/11/2017 11:45:55.725,0.268555,0.708008,0.708008,0.234375,0.839844,2.504883,1
17/11/2017 11:45:56.723,0.268555,0.708008,0.708008,0.234375,0.839844,2.504883,1
17/11/2017 11:45:57.723,0.268555,0.708008,0.708008,0.234375,0.839844,2.504883,1
17/11/2017 11:45:58.726,0.268555,0.708008,0.708008,0.234375,0.839844,2.504883,1
17/11/2017 11:45:59.724,0.268555,0.708008,0.708008,0.234375,0.839844,2.504883,1
17/11/2017 11:46:00.725,0.268555,0.708008,0.708008,0.234375,0.839844,2.504883,1
17/11/2017 11:46:01.723,0.268555,0.708008,0.708008,0.234375,0.839844,2.504883,1
17/11/2017 11:46:02.724,0.268555,0.708008,0.708008,0.234375,0.839844,2.504883,1
17/11/2017 11:46:03.723,0.268555,0.708008,0.708008,0.234375,0.839844,2.504883,1
17/11/2017 11:46:04.726,0.268555,0.708008,0.708008,0.234375,0.839844,2.504883,1
17/11/2017 11:46:05.726,0.268555,0.708008,0.708008,0.234375,0.839844,2.504883,1
17/11/2017 11:46:06.725,0.268555,0.708008,0.708008,0.234375,0.839844,2.504883,1
17/11/2017 11:46:07.724,0.268555,0.708008,0.708008,0.234375,0.839844,2.504883,1
17/11/2017 11:46:08.723,0.268555,0.708008,0.708008,0.234375,0.839844,2.504883,1
17/11/2017 11:46:09.727,0.268555,0.708008,0.708008,0.234375,0.839844,2.504883,1
17/11/2017 11:46:10.726,0.268555,0.708008,0.708008,0.234375,0.839844,2.504883,1
17/11/2017 11:46:11.726,0.268555,0.708008,0.708008,0.234375,0.839844,2.504883,1
17/11/2017 11:46:12.730,0.268555,0.708008,0.708008,0.234375,0.839844,2.504883,1
17/11/2017 11:46:13.729,0.268555,0.708008,0.708008,0.234375,0.839844,2.504883,1
17/11/2017 11:46:14.729,0.268555,0.708008,0.708008,0.234375,0.839844,2.504883,1
17/11/2017 11:46:15.732,0.268555,0.708008,0.708008,0.234375,0.839844,2.504883,1
17/11/2017 11:46:16.731,0.268555,0.708008,0.708008,0.234375,0.839844,2.504883,1
17/11/2017 11:46:17.730,0.268555,0.708008,0.708008,0.234375,0.839844,2.504883,1
17/11/2017 11:46:18.729,0.268555,0.712891,0.708008,0.234375,0.839844,2.504883,1
17/11/2017 11:46:19.733,0.268555,0.708008,0.708008,0.234375,0.839844,2.504883,1
17/11/2017 11:46:20.733,0.268555,0.708008,0.708008,0.234375,0.839844,2.504883,1
17/11/2017 11:46:21.732,0.268555,0.712891,0.708008,0.234375,0.839844,2.504883,1
17/11/2017 11:46:22.736,0.268555,0.708008,0.708008,0.234375,0.839844,2.504883,1
17/11/2017 11:46:23.734,0.268555,0.712891,0.708008,0.234375,0.839844,2.504883,1
17/11/2017 11:46:24.733,0.268555,0.708008,0.712891,0.234375,0.839844,2.504883,1
17/11/2017 11:46:25.734,0.268555,0.712891,0.712891,0.234375,0.839844,2.504883,1
17/11/2017 11:46:26.733,0.268555,0.712891,0.712891,0.234375,0.839844,2.504883,1
17/11/2017 11:46:27.738,0.268555,0.712891,0.708008,0.234375,0.839844,2.504883,1
17/11/2017 11:46:28.735,0.273437,0.712891,0.708008,0.234375,0.839844,2.504883,1
17/11/2017 11:46:29.736,0.268555,0.712891,0.708008,0.234375,0.839844,2.504883,1
17/11/2017 11:46:30.735,0.268555,0.712891,0.708008,0.234375,0.839844,2.504883,1
17/11/2017 11:46:31.734,0.273437,0.712891,0.712891,0.234375,0.839844,2.504883,1
17/11/2017 11:46:32.738,0.268555,0.712891,0.712891,0.234375,0.839844,2.504883,1
17/11/2017 11:46:33.736,0.268555,0.712891,0.712891,0.234375,0.839844,2.504883,1
17/11/2017 11:46:34.736,0.273437,0.712891,0.712891,0.234375,0.839844,2.504883,1
17/11/2017 11:46:35.739,0.273437,0.712891,0.712891,0.234375,0.839844,2.509766,1
17/11/2017 11:46:36.740,0.273437,0.712891,0.712891,0.234375,0.839844,2.509766,1
17/11/2017 11:46:37.738,0.273437,0.712891,0.708008,0.234375,0.839844,2.509766,1
17/11/2017 11:46:38.738,0.273437,0.712891,0.712891,0.234375,0.839844,2.509766,1
17/11/2017 11:46:39.737,0.273437,0.712891,0.708008,0.234375,0.844727,2.509766,1
17/11/2017 11:46:40.741,0.273437,0.712891,0.712891,0.234375,0.844727,2.509766,1
17/11/2017 11:46:41.740,0.273437,0.712891,0.712891,0.234375,0.844727,2.509766,1
17/11/2017 11:46:42.738,0.273437,0.712891,0.712891,0.234375,0.844727,2.509766,1
17/11/2017 11:46:43.738,0.273437,0.712891,0.712891,0.234375,0.839844,2.509766,1
17/11/2017 11:46:44.741,0.273437,0.712891,0.712891,0.234375,0.839844,2.509766,1
17/11/2017 11:46:45.740,0.273437,0.712891,0.712891,0.234375,0.844727,2.509766,1
17/11/2017 11:46:46.740,0.273437,0.712891,0.712891,0.234375,0.839844,2.509766,1
17/11/2017 11:46:47.739,0.273437,0.712891,0.712891,0.234375,0.839844,2.509766,1
17/11/2017 11:46:48.739,0.273437,0.712891,0.712891,0.234375,0.844727,2.509766,1
17/11/2017 11:46:49.744,0.273437,0.712891,0.712891,0.234375,0.844727,2.509766,1
17/11/2017 11:46:50.742,0.273437,0.712891,0.712891,0.234375,0.844727,2.509766,1
17/11/2017 11:46:51.742,0.273437,0.712891,0.712891,0.234375,0.844727,2.504883,1
17/11/2017 11:46:52.740,0.273437,0.712891,0.712891,0.234375,0.844727,2.504883,1
17/11/2017 11:46:53.744,0.273437,0.712891,0.712891,0.234375,0.844727,2.504883,1
17/11/2017 11:46:54.745,0.273437,0.712891,0.712891,0.234375,0.844727,2.504883,1
17/11/2017 11:46:55.743,0.273437,0.712891,0.712891,0.234375,0.844727,2.504883,1
17/11/2017 11:46:56.742,0.273437,0.712891,0.712891,0.234375,0.844727,2.504883,1
17/11/2017 11:46:57.741,0.273437,0.712891,0.712891,0.234375,0.844727,2.504883,1
17/11/2017 11:46:58.745,0.273437,0.712891,0.712891,0.234375,0.844727,2.504883,1
17/11/2017 11:46:59.744,0.273437,0.712891,0.712891,0.239258,0.844727,2.504883,1
17/11/2017 11:47:00.745,0.273437,0.712891,0.712891,0.234375,0.844727,2.504883,1
17/11/2017 11:47:01.747,0.273437,0.712891,0.712891,0.234375,0.844727,2.504883,1
17/11/2017 11:47:02.748,0.273437,0.712891,0.712891,0.234375,0.844727,2.504883,1
17/11/2017 11:47:03.746,0.273437,0.712891,0.712891,0.234375,0.844727,2.509766,1
17/11/2017 11:47:04.746,0.273437,0.712891,0.712891,0.239258,0.844727,2.509766,1
17/11/2017 11:47:05.744,0.273437,0.712891,0.712891,0.234375,0.844727,2.509766,1
17/11/2017 11:47:06.744,0.273437,0.712891,0.712891,0.239258,0.844727,2.509766,1
17/11/2017 11:47:07.747,0.273437,0.712891,0.712891,0.239258,0.844727,2.509766,1
17/11/2017 11:47:08.748,0.273437,0.712891,0.712891,0.239258,0.844727,2.509766,1
17/11/2017 11:47:09.747,0.273437,0.717773,0.712891,0.234375,0.844727,2.509766,1
17/11/2017 11:47:10.745,0.273437,0.717773,0.712891,0.239258,0.844727,2.509766,1
17/11/2017 11:47:11.750,0.273437,0.712891,0.712891,0.234375,0.844727,2.509766,1
17/11/2017 11:47:12.749,0.273437,0.717773,0.712891,0.234375,0.844727,2.509766,1
17/11/2017 11:47:13.747,0.273437,0.712891,0.712891,0.234375,0.844727,2.504883,1
17/11/2017 11:47:14.746,0.273437,0.712891,0.712891,0.239258,0.844727,2.504883,1
17/11/2017 11:47:15.751,0.273437,0.717773,0.712891,0.234375,0.844727,2.504883,1
17/11/2017 11:47:16.751,0.273437,0.712891,0.712891,0.239258,0.844727,2.504883,1
17/11/2017 11:47:17.749,0.273437,0.717773,0.712891,0.239258,0.844727,2.504883,1
17/11/2017 11:47:18.750,0.273437,0.712891,0.712891,0.239258,0.844727,2.504883,1
17/11/2017 11:47:19.749,0.273437,0.717773,0.712891,0.239258,0.844727,2.504883,1
17/11/2017 11:47:20.747,0.273437,0.712891,0.712891,0.239258,0.844727,2.504883,1
17/11/2017 11:47:21.747,0.273437,0.717773,0.712891,0.239258,0.844727,2.504883,1
17/11/2017 11:47:22.750,0.273437,0.717773,0.712891,0.239258,0.844727,2.509766,1
17/11/2017 11:47:23.751,0.273437,0.717773,0.712891,0.239258,0.844727,2.509766,1
17/11/2017 11:47:24.750,0.273437,0.712891,0.712891,0.239258,0.844727,2.509766,1
17/11/2017 11:47:25.750,0.273437,0.717773,0.712891,0.239258,0.844727,2.509766,1
17/11/2017 11:47:26.753,0.273437,0.717773,0.712891,0.239258,0.844727,2.509766,1
17/11/2017 11:47:27.751,0.273437,0.717773,0.712891,0.239258,0.844727,2.509766,1
17/11/2017 11:47:28.750,0.273437,0.717773,0.712891,0.239258,0.844727,2.509766,1
17/11/2017 11:47:29.750,0.273437,0.717773,0.712891,0.239258,0.844727,2.509766,1
17/11/2017 11:47:30.754,0.273437,0.717773,0.712891,0.239258,0.844727,2.504883,1
17/11/2017 11:47:31.754,0.273437,0.717773,0.712891,0.239258,0.844727,2.504883,1
17/11/2017 11:47:32.752,0.273437,0.717773,0.712891,0.239258,0.844727,2.509766,1
17/11/2017 11:47:33.752,0.273437,0.717773,0.712891,0.239258,0.844727,2.509766,1
17/11/2017 11:47:34.756,0.273437,0.717773,0.712891,0.239258,0.844727,2.509766,1
17/11/2017 11:47:35.755,0.273437,0.717773,0.712891,0.239258,0.844727,2.509766,1
17/11/2017 11:47:36.755,0.27832,0.717773,0.712891,0.239258,0.844727,2.504883,1
17/11/2017 11:47:37.753,0.273437,0.717773,0.712891,0.239258,0.844727,2.504883,1
17/11/2017 11:47:38.757,0.273437,0.717773,0.712891,0.239258,0.844727,2.509766,1
17/11/2017 11:47:39.757,0.27832,0.717773,0.712891,0.239258,0.844727,2.504883,1
17/11/2017 11:47:40.756,0.273437,0.717773,0.712891,0.239258,0.844727,2.504883,1
17/11/2017 11:47:41.754,0.273437,0.717773,0.712891,0.239258,0.844727,2.504883,1
17/11/2017 11:47:42.758,0.273437,0.717773,0.712891,0.239258,0.844727,2.504883,1
17/11/2017 11:47:43.757,0.273437,0.717773,0.712891,0.239258,0.849609,2.504883,1
17/11/2017 11:47:44.756,0.27832,0.717773,0.712891,0.239258,0.844727,2.504883,1
17/11/2017 11:47:45.761,0.27832,0.717773,0.717773,0.239258,0.844727,2.504883,1
17/11/2017 11:47:46.760,0.273437,0.717773,0.717773,0.239258,0.844727,2.509766,1
17/11/2017 11:47:47.759,0.27832,0.717773,0.717773,0.239258,0.844727,2.509766,1
17/11/2017 11:47:48.758,0.27832,0.717773,0.717773,0.239258,0.844727,2.509766,1
17/11/2017 11:47:49.757,0.27832,0.717773,0.717773,0.239258,0.844727,2.509766,1
17/11/2017 11:47:50.760,0.273437,0.717773,0.712891,0.239258,0.844727,2.509766,1
17/11/2017 11:47:51.762,0.27832,0.717773,0.717773,0.239258,0.844727,2.509766,1
17/11/2017 11:47:52.761,0.27832,0.717773,0.717773,0.239258,0.849609,2.504883,1
17/11/2017 11:47:53.760,0.27832,0.717773,0.717773,0.239258,0.844727,2.509766,1
17/11/2017 11:47:54.759,0.27832,0.717773,0.712891,0.239258,0.844727,2.509766,1
17/11/2017 11:47:55.758,0.27832,0.717773,0.717773,0.239258,0.844727,2.509766,1
17/11/2017 11:47:56.762,0.27832,0.717773,0.717773,0.239258,0.849609,2.509766,1
17/11/2017 11:47:57.761,0.27832,0.717773,0.712891,0.239258,0.844727,2.509766,1
17/11/2017 11:47:58.760,0.27832,0.717773,0.712891,0.239258,0.849609,2.509766,1
17/11/2017 11:47:59.760,0.27832,0.717773,0.717773,0.239258,0.844727,2.509766,1
17/11/2017 11:48:00.759,0.27832,0.717773,0.712891,0.239258,0.849609,2.509766,1
17/11/2017 11:48:01.763,0.27832,0.717773,0.717773,0.239258,0.849609,2.509766,1
17/11/2017 11:48:02.762,0.27832,0.717773,0.712891,0.239258,0.844727,2.509766,1
17/11/2017 11:48:03.761,0.27832,0.717773,0.712891,0.239258,0.849609,2.509766,1
17/11/2017 11:48:04.766,0.27832,0.717773,0.712891,0.239258,0.844727,2.509766,1
17/11/2017 11:48:05.765,0.27832,0.717773,0.717773,0.239258,0.844727,2.509766,1
17/11/2017 11:48:06.765,0.27832,0.717773,0.712891,0.239258,0.844727,2.509766,1
17/11/2017 11:48:07.762,0.27832,0.717773,0.712891,0.239258,0.849609,2.509766,1
17/11/2017 11:48:08.767,0.27832,0.717773,0.717773,0.239258,0.849609,2.509766,1
17/11/2017 11:48:09.767,0.27832,0.717773,0.712891,0.239258,0.849609,2.509766,1
17/11/2017 11:48:10.766,0.27832,0.717773,0.712891,0.239258,0.849609,2.509766,1
17/11/2017 11:48:11.765,0.27832,0.717773,0.712891,0.239258,0.849609,2.509766,1
17/11/2017 11:48:12.768,0.27832,0.717773,0.717773,0.239258,0.849609,2.509766,1
17/11/2017 11:48:13.767,0.27832,0.717773,0.717773,0.239258,0.849609,2.509766,1
17/11/2017 11:48:14.768,0.27832,0.717773,0.712891,0.239258,0.849609,2.504883,1
17/11/2017 11:48:15.766,0.27832,0.717773,0.717773,0.239258,0.849609,2.509766,1
17/11/2017 11:48:16.769,0.27832,0.717773,0.712891,0.239258,0.849609,2.509766,1
17/11/2017 11:48:17.769,0.27832,0.717773,0.717773,0.239258,0.849609,2.509766,1
17/11/2017 11:48:18.769,0.27832,0.717773,0.717773,0.239258,0.849609,2.509766,1
17/11/2017 11:48:19.769,0.27832,0.717773,0.717773,0.239258,0.849609,2.509766,1
17/11/2017 11:48:20.767,0.27832,0.717773,0.717773,0.239258,0.849609,2.509766,1
17/11/2017 11:48:21.771,0.27832,0.717773,0.717773,0.239258,0.849609,2.509766,1
17/11/2017 11:48:22.771,0.27832,0.717773,0.717773,0.239258,0.849609,2.509766,1
17/11/2017 11:48:23.770,0.27832,0.717773,0.717773,0.239258,0.849609,2.509766,1
17/11/2017 11:48:24.769,0.27832,0.717773,0.717773,0.239258,0.849609,2.509766,1
17/11/2017 11:48:25.768,0.27832,0.717773,0.717773,0.239258,0.849609,2.504883,1
17/11/2017 11:48:26.767,0.27832,0.717773,0.717773,0.239258,0.849609,2.504883,1
17/11/2017 11:48:27.772,0.27832,0.717773,0.717773,0.239258,0.849609,2.504883,1
17/11/2017 11:48:28.770,0.27832,0.717773,0.717773,0.239258,0.849609,2.504883,1
17/11/2017 11:48:29.770,0.27832,0.717773,0.717773,0.239258,0.849609,2.504883,1
17/11/2017 11:48:30.769,0.27832,0.717773,0.717773,0.239258,0.849609,2.504883,1
17/11/2017 11:48:31.772,0.27832,0.717773,0.717773,0.239258,0.849609,2.5,1
17/11/2017 11:48:32.772,0.27832,0.717773,0.717773,0.239258,0.849609,2.5,1
17/11/2017 11:48:33.771,0.27832,0.717773,0.717773,0.239258,0.849609,2.5,1
17/11/2017 11:48:34.772,0.27832,0.717773,0.717773,0.239258,0.849609,2.5,1
17/11/2017 11:48:35.770,0.27832,0.717773,0.717773,0.239258,0.849609,2.5,1
17/11/2017 11:48:36.769,0.27832,0.717773,0.717773,0.239258,0.849609,2.5,1
17/11/2017 11:48:37.769,0.27832,0.717773,0.717773,0.239258,0.849609,2.5,1
17/11/2017 11:48:38.773,0.27832,0.717773,0.717773,0.239258,0.849609,2.5,1
17/11/2017 11:48:39.771,0.27832,0.717773,0.717773,0.239258,0.849609,2.5,1
17/11/2017 11:48:40.770,0.27832,0.717773,0.717773,0.239258,0.849609,2.5,1
17/11/2017 11:48:41.775,0.27832,0.717773,0.717773,0.239258,0.849609,2.5,1
17/11/2017 11:48:42.775,0.27832,0.717773,0.717773,0.239258,0.849609,2.5,1
17/11/2017 11:48:43.774,0.27832,0.717773,0.717773,0.239258,0.849609,2.5,1
17/11/2017 11:48:44.773,0.27832,0.717773,0.717773,0.239258,0.849609,2.5,1
17/11/2017 11:48:45.771,0.27832,0.717773,0.717773,0.239258,0.849609,2.5,1
17/11/2017 11:48:46.775,0.27832,0.717773,0.717773,0.239258,0.849609,2.5,1
17/11/2017 11:48:47.775,0.27832,0.717773,0.717773,0.239258,0.849609,2.504883,1
17/11/2017 11:48:48.773,0.27832,0.717773,0.717773,0.239258,0.849609,2.504883,1
17/11/2017 11:48:49.773,0.27832,0.717773,0.717773,0.239258,0.849609,2.504883,1
17/11/2017 11:48:50.776,0.27832,0.717773,0.717773,0.239258,0.849609,2.5,1
17/11/2017 11:48:51.776,0.27832,0.717773,0.717773,0.239258,0.849609,2.5,1
17/11/2017 11:48:52.775,0.27832,0.717773,0.717773,0.239258,0.849609,2.5,1
17/11/2017 11:48:53.774,0.27832,0.717773,0.717773,0.239258,0.849609,2.5,1
17/11/2017 11:48:54.775,0.27832,0.722656,0.717773,0.239258,0.849609,2.5,1
17/11/2017 11:48:55.774,0.27832,0.717773,0.717773,0.239258,0.849609,2.5,1
17/11/2017 11:48:56.777,0.27832,0.722656,0.717773,0.239258,0.849609,2.5,1
17/11/2017 11:48:57.776,0.27832,0.717773,0.717773,0.239258,0.849609,2.5,1
17/11/2017 11:48:58.777,0.27832,0.722656,0.717773,0.239258,0.849609,2.5,1
17/11/2017 11:48:59.776,0.27832,0.717773,0.717773,0.239258,0.849609,2.5,1
17/11/2017 11:49:00.778,0.27832,0.722656,0.717773,0.239258,0.849609,2.5,1
17/11/2017 11:49:01.777,0.27832,0.717773,0.722656,0.239258,0.849609,2.5,1
17/11/2017 11:49:02.777,0.27832,0.722656,0.722656,0.239258,0.849609,2.5,1
17/11/2017 11:49:03.781,0.27832,0.717773,0.717773,0.239258,0.849609,2.5,1
17/11/2017 11:49:04.781,0.27832,0.717773,0.717773,0.239258,0.849609,2.5,1
17/11/2017 11:49:05.779,0.27832,0.717773,0.717773,0.239258,0.849609,2.5,1
17/11/2017 11:49:06.779,0.27832,0.717773,0.717773,0.239258,0.849609,2.5,1
17/11/2017 11:49:07.782,0.27832,0.717773,0.722656,0.239258,0.849609,2.5,1
17/11/2017 11:49:08.781,0.27832,0.717773,0.717773,0.239258,0.849609,2.5,1
17/11/2017 11:49:09.780,0.27832,0.722656,0.722656,0.239258,0.849609,2.5,1
17/11/2017 11:49:10.785,0.27832,0.717773,0.717773,0.239258,0.849609,2.5,1
17/11/2017 11:49:11.783,0.27832,0.722656,0.722656,0.239258,0.854492,2.5,1
17/11/2017 11:49:12.783,0.27832,0.717773,0.717773,0.239258,0.854492,2.5,1
17/11/2017 11:49:13.783,0.27832,0.722656,0.717773,0.239258,0.849609,2.504883,1
17/11/2017 11:49:14.785,0.27832,0.722656,0.722656,0.239258,0.849609,2.5,1
17/11/2017 11:49:15.786,0.27832,0.717773,0.717773,0.239258,0.854492,2.5,1
17/11/2017 11:49:16.785,0.27832,0.722656,0.717773,0.239258,0.854492,2.5,1
17/11/2017 11:49:17.789,0.283203,0.722656,0.722656,0.239258,0.849609,2.5,1
17/11/2017 11:49:18.788,0.27832,0.722656,0.722656,0.239258,0.854492,2.5,1
17/11/2017 11:49:19.788,0.283203,0.722656,0.722656,0.239258,0.854492,2.504883,1
17/11/2017 11:49:20.787,0.283203,0.722656,0.722656,0.239258,0.849609,2.504883,1
17/11/2017 11:49:21.785,0.283203,0.722656,0.722656,0.239258,0.854492,2.504883,1
17/11/2017 11:49:22.790,0.283203,0.722656,0.722656,0.239258,0.854492,2.504883,1
17/11/2017 11:49:23.789,0.27832,0.722656,0.722656,0.239258,0.854492,2.504883,1
17/11/2017 11:49:24.788,0.283203,0.722656,0.722656,0.239258,0.854492,2.5,1
17/11/2017 11:49:25.791,0.283203,0.722656,0.722656,0.239258,0.854492,2.5,1
17/11/2017 11:49:26.792,0.283203,0.722656,0.722656,0.239258,0.849609,2.5,1
17/11/2017 11:49:27.790,0.27832,0.722656,0.722656,0.239258,0.854492,2.5,1
17/11/2017 11:49:28.790,0.283203,0.722656,0.722656,0.239258,0.854492,2.5,1
17/11/2017 11:49:29.788,0.27832,0.722656,0.717773,0.239258,0.854492,2.5,1
17/11/2017 11:49:30.793,0.283203,0.722656,0.722656,0.239258,0.854492,2.5,1
17/11/2017 11:49:31.791,0.283203,0.722656,0.722656,0.239258,0.854492,2.5,1
17/11/2017 11:49:32.791,0.283203,0.722656,0.722656,0.239258,0.854492,2.5,1
17/11/2017 11:49:33.791,0.283203,0.722656,0.722656,0.244141,0.854492,2.5,1
17/11/2017 11:49:34.791,0.283203,0.722656,0.722656,0.239258,0.854492,2.5,1
17/11/2017 11:49:35.789,0.283203,0.722656,0.722656,0.239258,0.854492,2.5,1
17/11/2017 11:49:36.792,0.283203,0.722656,0.722656,0.239258,0.854492,2.5,1
17/11/2017 11:49:37.791,0.283203,0.722656,0.722656,0.239258,0.854492,2.5,1
17/11/2017 11:49:38.792,0.283203,0.722656,0.722656,0.239258,0.854492,2.5,1
17/11/2017 11:49:39.791,0.283203,0.722656,0.722656,0.239258,0.854492,2.5,1
17/11/2017 11:49:40.794,0.283203,0.722656,0.722656,0.239258,0.854492,2.5,1
17/11/2017 11:49:41.794,0.283203,0.722656,0.722656,0.239258,0.854492,2.5,1
17/11/2017 11:49:42.793,0.283203,0.722656,0.722656,0.239258,0.854492,2.5,1
17/11/2017 11:49:43.797,0.283203,0.722656,0.722656,0.239258,0.854492,2.5,1
17/11/2017 11:49:44.797,0.283203,0.722656,0.722656,0.239258,0.854492,2.5,1
17/11/2017 11:49:45.796,0.283203,0.722656,0.722656,0.239258,0.854492,2.5,1
17/11/2017 11:49:46.794,0.283203,0.722656,0.722656,0.239258,0.854492,2.5,1
17/11/2017 11:49:47.794,0.283203,0.722656,0.722656,0.239258,0.854492,2.5,1
17/11/2017 11:49:48.797,0.283203,0.722656,0.722656,0.239258,0.854492,2.5,1
17/11/2017 11:49:49.796,0.283203,0.722656,0.722656,0.239258,0.854492,2.5,1
17/11/2017 11:49:50.795,0.283203,0.722656,0.722656,0.239258,0.854492,2.5,1
17/11/2017 11:49:51.795,0.283203,0.722656,0.722656,0.239258,0.854492,2.5,1
17/11/2017 11:49:52.799,0.283203,0.722656,0.722656,0.239258,0.854492,2.5,1
17/11/2017 11:49:53.797,0.283203,0.722656,0.722656,0.239258,0.854492,2.5,1
17/11/2017 11:49:54.797,0.283203,0.722656,0.722656,0.239258,0.854492,2.5,1
17/11/2017 11:49:55.797,0.283203,0.722656,0.722656,0.239258,0.854492,2.5,1
17/11/2017 11:49:56.799,0.283203,0.722656,0.722656,0.239258,0.854492,2.5,1
17/11/2017 11:49:57.800,0.283203,0.722656,0.722656,0.239258,0.854492,2.5,1
17/11/2017 11:49:58.799,0.283203,0.722656,0.722656,0.239258,0.854492,2.5,1
17/11/2017 11:49:59.799,0.283203,0.722656,0.722656,0.239258,0.854492,2.5,1
17/11/2017 11:50:00.802,0.283203,0.722656,0.722656,0.239258,0.854492,2.5,1
17/11/2017 11:50:01.802,0.283203,0.722656,0.722656,0.239258,0.854492,2.5,1
17/11/2017 11:50:02.801,0.283203,0.722656,0.722656,0.239258,0.854492,2.5,1
17/11/2017 11:50:03.799,0.283203,0.722656,0.722656,0.244141,0.854492,2.5,1
17/11/2017 11:50:04.803,0.283203,0.722656,0.722656,0.244141,0.854492,2.5,1
17/11/2017 11:50:05.803,0.283203,0.722656,0.722656,0.239258,0.854492,2.5,1
17/11/2017 11:50:06.803,0.283203,0.722656,0.722656,0.239258,0.854492,2.5,1
17/11/2017 11:50:07.802,0.283203,0.722656,0.722656,0.239258,0.854492,2.5,1
17/11/2017 11:50:08.800,0.283203,0.717773,0.722656,0.239258,0.834961,2.5,1
17/11/2017 11:50:09.804,0.27832,0.708008,0.717773,0.239258,0.805664,2.490234,1
17/11/2017 11:50:10.804,0.27832,0.703125,0.708008,0.239258,0.791016,2.480469,1
17/11/2017 11:50:11.803,0.273437,0.693359,0.698242,0.234375,0.776367,2.46582,1
17/11/2017 11:50:12.802,0.273437,0.688477,0.688477,0.234375,0.761719,2.451172,1
17/11/2017 11:50:13.802,0.268555,0.678711,0.673828,0.234375,0.751953,2.436523,1
17/11/2017 11:50:14.806,0.263672,0.673828,0.65918,0.229492,0.742187,2.416992,1
17/11/2017 11:50:15.805,0.263672,0.668945,0.649414,0.229492,0.732422,2.397461,1
17/11/2017 11:50:16.804,0.258789,0.65918,0.639648,0.229492,0.727539,2.37793,1
17/11/2017 11:50:17.804,0.258789,0.654297,0.629883,0.224609,0.717773,2.353516,1
17/11/2017 11:50:18.803,0.253906,0.649414,0.620117,0.224609,0.712891,2.333984,1
17/11/2017 11:50:19.806,0.253906,0.644531,0.610352,0.224609,0.703125,2.314453,1
17/11/2017 11:50:20.806,0.249023,0.639648,0.600586,0.219727,0.698242,2.290039,1
17/11/2017 11:50:21.804,0.249023,0.629883,0.59082,0.219727,0.688477,2.270508,1
17/11/2017 11:50:22.804,0.249023,0.625,0.585937,0.219727,0.683594,2.246094,1
17/11/2017 11:50:23.804,0.244141,0.620117,0.576172,0.219727,0.678711,2.226562,1
17/11/2017 11:50:24.803,0.244141,0.615234,0.566406,0.214844,0.673828,2.202148,1
17/11/2017 11:50:25.807,0.239258,0.610352,0.561523,0.214844,0.668945,2.182617,1
17/11/2017 11:50:26.807,0.239258,0.605469,0.556641,0.214844,0.664062,2.158203,1
17/11/2017 11:50:27.805,0.239258,0.600586,0.546875,0.214844,0.65918,2.138672,1
17/11/2017 11:50:28.804,0.234375,0.595703,0.541992,0.209961,0.654297,2.119141,1
17/11/2017 11:50:29.807,0.234375,0.59082,0.537109,0.209961,0.649414,2.099609,1
17/11/2017 11:50:30.808,0.234375,0.585937,0.532227,0.209961,0.644531,2.080078,1
17/11/2017 11:50:31.807,0.229492,0.581055,0.527344,0.209961,0.639648,2.060547,1
17/11/2017 11:50:32.805,0.229492,0.576172,0.522461,0.205078,0.634766,2.045898,1
17/11/2017 11:50:33.809,0.229492,0.571289,0.517578,0.205078,0.629883,2.026367,1
17/11/2017 11:50:34.810,0.224609,0.566406,0.512695,0.205078,0.625,2.011719,1
17/11/2017 11:50:35.809,0.224609,0.561523,0.507812,0.205078,0.625,1.992187,1
17/11/2017 11:50:36.808,0.224609,0.556641,0.50293,0.205078,0.620117,1.977539,1
17/11/2017 11:50:37.811,0.224609,0.551758,0.498047,0.200195,0.615234,1.962891,1
17/11/2017 11:50:38.810,0.219727,0.546875,0.498047,0.200195,0.610352,1.948242,1
17/11/2017 11:50:39.810,0.219727,0.541992,0.493164,0.200195,0.610352,1.933594,1
17/11/2017 11:50:40.810,0.219727,0.541992,0.488281,0.200195,0.605469,1.918945,1
17/11/2017 11:50:41.808,0.219727,0.537109,0.488281,0.200195,0.600586,1.904297,1
17/11/2017 11:50:42.808,0.214844,0.532227,0.483398,0.195312,0.595703,1.894531,1
17/11/2017 11:50:43.811,0.214844,0.527344,0.483398,0.195312,0.595703,1.879883,1
17/11/2017 11:50:44.811,0.214844,0.522461,0.478516,0.195312,0.59082,1.870117,1
17/11/2017 11:50:45.809,0.214844,0.517578,0.473633,0.195312,0.59082,1.855469,1
17/11/2017 11:50:46.813,0.209961,0.517578,0.473633,0.195312,0.585937,1.845703,1
17/11/2017 11:50:47.814,0.209961,0.512695,0.473633,0.19043,0.581055,1.835937,1
17/11/2017 11:50:48.813,0.209961,0.507812,0.46875,0.19043,0.581055,1.826172,1
17/11/2017 11:50:49.811,0.209961,0.50293,0.46875,0.19043,0.576172,1.816406,1
17/11/2017 11:50:50.814,0.209961,0.498047,0.46875,0.19043,0.576172,1.806641,1
17/11/2017 11:50:51.815,0.209961,0.498047,0.463867,0.19043,0.571289,1.796875,1
17/11/2017 11:50:52.815,0.209961,0.493164,0.463867,0.19043,0.571289,1.787109,1
17/11/2017 11:50:53.813,0.205078,0.488281,0.458984,0.19043,0.566406,1.777344,1
17/11/2017 11:50:54.813,0.205078,0.483398,0.458984,0.185547,0.566406,1.767578,1
17/11/2017 11:50:55.813,0.205078,0.483398,0.458984,0.185547,0.561523,1.762695,1
17/11/2017 11:50:56.812,0.205078,0.478516,0.454102,0.185547,0.561523,1.75293,1
17/11/2017 11:50:57.815,0.200195,0.473633,0.454102,0.185547,0.556641,1.748047,1
17/11/2017 11:50:58.814,0.205078,0.46875,0.454102,0.185547,0.556641,1.738281,1
17/11/2017 11:50:59.814,0.200195,0.46875,0.449219,0.185547,0.551758,1.728516,1
17/11/2017 11:51:00.817,0.200195,0.463867,0.449219,0.185547,0.551758,1.723633,1
17/11/2017 11:51:01.816,0.200195,0.458984,0.449219,0.185547,0.546875,1.713867,1
17/11/2017 11:51:02.817,0.200195,0.458984,0.449219,0.185547,0.546875,1.708984,1
17/11/2017 11:51:03.816,0.200195,0.454102,0.444336,0.180664,0.546875,1.704102,1
17/11/2017 11:51:04.819,0.200195,0.449219,0.444336,0.180664,0.541992,1.694336,1
17/11/2017 11:51:05.819,0.195312,0.449219,0.444336,0.180664,0.541992,1.689453,1
17/11/2017 11:51:06.817,0.195312,0.444336,0.439453,0.180664,0.537109,1.68457,1
17/11/2017 11:51:07.817,0.195312,0.439453,0.439453,0.180664,0.537109,1.679687,1
17/11/2017 11:51:08.816,0.195312,0.439453,0.439453,0.180664,0.537109,1.669922,1
17/11/2017 11:51:09.816,0.195312,0.43457,0.439453,0.180664,0.532227,1.665039,1
17/11/2017 11:51:10.820,0.195312,0.43457,0.43457,0.180664,0.532227,1.660156,1
17/11/2017 11:51:11.819,0.19043,0.429687,0.43457,0.175781,0.532227,1.655273,1
17/11/2017 11:51:12.818,0.19043,0.429687,0.43457,0.175781,0.527344,1.650391,1
17/11/2017 11:51:13.817,0.195312,0.424805,0.43457,0.175781,0.527344,1.645508,1
17/11/2017 11:51:14.820,0.19043,0.424805,0.43457,0.175781,0.527344,1.640625,1
17/11/2017 11:51:15.820,0.19043,0.419922,0.43457,0.175781,0.522461,1.640625,1
17/11/2017 11:51:16.820,0.19043,0.415039,0.429687,0.175781,0.522461,1.635742,1
17/11/2017 11:51:17.819,0.19043,0.415039,0.429687,0.170898,0.522461,1.630859,1
17/11/2017 11:51:18.819,0.19043,0.410156,0.429687,0.175781,0.522461,1.625977,1
17/11/2017 11:51:19.818,0.19043,0.410156,0.429687,0.170898,0.517578,1.621094,1
17/11/2017 11:51:20.817,0.19043,0.410156,0.429687,0.170898,0.517578,1.616211,1
17/11/2017 11:51:21.816,0.19043,0.405273,0.424805,0.170898,0.517578,1.616211,1
17/11/2017 11:51:22.820,0.19043,0.405273,0.424805,0.170898,0.512695,1.611328,1
17/11/2017 11:51:23.820,0.185547,0.400391,0.424805,0.170898,0.512695,1.606445,1
17/11/2017 11:51:24.819,0.185547,0.400391,0.424805,0.170898,0.512695,1.601562,1
17/11/2017 11:51:25.819,0.185547,0.395508,0.424805,0.170898,0.512695,1.601562,1
17/11/2017 11:51:26.817,0.185547,0.395508,0.424805,0.170898,0.512695,1.59668,1
17/11/2017 11:51:27.816,0.185547,0.390625,0.419922,0.170898,0.507812,1.591797,1
17/11/2017 11:51:28.820,0.185547,0.390625,0.419922,0.170898,0.507812,1.586914,1
17/11/2017 11:51:29.819,0.185547,0.390625,0.419922,0.166016,0.507812,1.586914,1
17/11/2017 11:51:30.818,0.185547,0.385742,0.419922,0.166016,0.507812,1.582031,1
17/11/2017 11:51:31.818,0.185547,0.385742,0.419922,0.166016,0.507812,1.582031,1
17/11/2017 11:51:32.822,0.185547,0.385742,0.419922,0.166016,0.50293,1.577148,1
17/11/2017 11:51:33.820,0.185547,0.380859,0.419922,0.166016,0.50293,1.577148,1
17/11/2017 11:51:34.820,0.180664,0.380859,0.419922,0.166016,0.50293,1.572266,1
17/11/2017 11:51:35.823,0.180664,0.375977,0.419922,0.166016,0.50293,1.567383,1
17/11/2017 11:51:36.824,0.180664,0.375977,0.415039,0.166016,0.50293,1.567383,1
17/11/2017 11:51:37.823,0.180664,0.375977,0.415039,0.166016,0.498047,1.5625,1
17/11/2017 11:51:38.822,0.180664,0.375977,0.415039,0.166016,0.498047,1.5625,1
17/11/2017 11:51:39.821,0.180664,0.371094,0.415039,0.166016,0.498047,1.5625,1
17/11/2017 11:51:40.821,0.180664,0.371094,0.415039,0.161133,0.498047,1.557617,1
17/11/2017 11:51:41.824,0.180664,0.366211,0.415039,0.161133,0.498047,1.557617,1
17/11/2017 11:51:42.824,0.180664,0.366211,0.415039,0.166016,0.498047,1.552734,1
17/11/2017 11:51:43.823,0.180664,0.366211,0.415039,0.161133,0.498047,1.552734,1
17/11/2017 11:51:44.827,0.180664,0.361328,0.415039,0.161133,0.493164,1.547852,1
17/11/2017 11:51:45.825,0.175781,0.361328,0.410156,0.161133,0.493164,1.547852,1
17/11/2017 11:51:46.825,0.180664,0.361328,0.410156,0.161133,0.493164,1.547852,1
17/11/2017 11:51:47.824,0.180664,0.361328,0.410156,0.161133,0.493164,1.542969,1
17/11/2017 11:51:48.827,0.175781,0.356445,0.410156,0.161133,0.493164,1.542969,1
17/11/2017 11:51:49.826,0.175781,0.356445,0.410156,0.161133,0.493164,1.538086,1
17/11/2017 11:51:50.826,0.175781,0.351562,0.410156,0.161133,0.488281,1.538086,1
17/11/2017 11:51:51.825,0.175781,0.351562,0.410156,0.161133,0.488281,1.538086,1
17/11/2017 11:51:52.826,0.175781,0.351562,0.410156,0.161133,0.488281,1.533203,1
17/11/2017 11:51:53.823,0.175781,0.351562,0.410156,0.15625,0.488281,1.533203,1
17/11/2017 11:51:54.829,0.175781,0.34668,0.410156,0.15625,0.488281,1.52832,1
17/11/2017 11:51:55.827,0.175781,0.34668,0.405273,0.15625,0.488281,1.52832,1
17/11/2017 11:51:56.830,0.175781,0.34668,0.405273,0.15625,0.483398,1.52832,1
17/11/2017 11:51:57.831,0.175781,0.34668,0.405273,0.15625,0.483398,1.523437,1
17/11/2017 11:51:58.829,0.175781,0.341797,0.405273,0.15625,0.483398,1.523437,1
17/11/2017 11:51:59.828,0.175781,0.341797,0.405273,0.15625,0.483398,1.523437,1
17/11/2017 11:52:00.828,0.175781,0.341797,0.405273,0.15625,0.483398,1.518555,1
17/11/2017 11:52:01.831,0.170898,0.336914,0.405273,0.15625,0.483398,1.518555,1
17/11/2017 11:52:02.827,0.170898,0.336914,0.405273,0.15625,0.483398,1.518555,1
17/11/2017 11:52:03.831,0.170898,0.336914,0.405273,0.15625,0.483398,1.513672,1
17/11/2017 11:52:04.829,0.170898,0.336914,0.405273,0.15625,0.483398,1.513672,1
17/11/2017 11:52:05.830,0.170898,0.336914,0.405273,0.15625,0.478516,1.513672,1
17/11/2017 11:52:06.828,0.170898,0.332031,0.400391,0.15625,0.478516,1.508789,1
17/11/2017 11:52:07.832,0.170898,0.332031,0.400391,0.15625,0.478516,1.508789,1
17/11/2017 11:52:08.830,0.170898,0.332031,0.400391,0.15625,0.478516,1.508789,1
17/11/2017 11:52:09.831,0.170898,0.332031,0.400391,0.151367,0.478516,1.508789,1
17/11/2017 11:52:10.830,0.170898,0.327148,0.400391,0.15625,0.478516,1.503906,1
17/11/2017 11:52:11.830,0.170898,0.327148,0.400391,0.15625,0.473633,1.503906,1
17/11/2017 11:52:12.833,0.170898,0.327148,0.400391,0.151367,0.473633,1.503906,1
17/11/2017 11:52:13.832,0.170898,0.327148,0.400391,0.15625,0.473633,1.503906,1
17/11/2017 11:52:14.832,0.170898,0.322266,0.395508,0.151367,0.473633,1.499023,1
17/11/2017 11:52:15.831,0.170898,0.322266,0.400391,0.151367,0.473633,1.499023,1
17/11/2017 11:52:16.833,0.170898,0.322266,0.395508,0.151367,0.473633,1.499023,1
17/11/2017 11:52:17.834,0.170898,0.322266,0.400391,0.151367,0.473633,1.494141,1
17/11/2017 11:52:18.833,0.170898,0.322266,0.395508,0.151367,0.473633,1.494141,1
17/11/2017 11:52:19.834,0.166016,0.317383,0.395508,0.151367,0.473633,1.494141,1
17/11/2017 11:52:20.837,0.166016,0.322266,0.395508,0.151367,0.473633,1.494141,1
17/11/2017 11:52:21.836,0.166016,0.317383,0.395508,0.151367,0.46875,1.489258,1
17/11/2017 11:52:22.834,0.166016,0.317383,0.395508,0.151367,0.46875,1.489258,1
17/11/2017 11:52:23.834,0.166016,0.317383,0.395508,0.151367,0.46875,1.489258,1
17/11/2017 11:52:24.839,0.166016,0.317383,0.395508,0.151367,0.46875,1.489258,1
17/11/2017 11:52:25.837,0.166016,0.317383,0.395508,0.146484,0.46875,1.489258,1
17/11/2017 11:52:26.837,0.166016,0.3125,0.395508,0.151367,0.46875,1.484375,1
17/11/2017 11:52:27.837,0.166016,0.3125,0.395508,0.151367,0.46875,1.484375,1
17/11/2017 11:52:28.834,0.166016,0.3125,0.390625,0.146484,0.46875,1.484375,1
17/11/2017 11:52:29.834,0.166016,0.3125,0.395508,0.146484,0.46875,1.484375,1
17/11/2017 11:52:30.838,0.166016,0.3125,0.395508,0.146484,0.46875,1.479492,1
17/11/2017 11:52:31.837,0.166016,0.3125,0.390625,0.146484,0.46875,1.479492,1
17/11/2017 11:52:32.836,0.166016,0.3125,0.390625,0.146484,0.463867,1.479492,1
17/11/2017 11:52:33.837,0.166016,0.307617,0.390625,0.146484,0.463867,1.479492,1
17/11/2017 11:52:34.840,0.166016,0.307617,0.390625,0.146484,0.463867,1.474609,1
17/11/2017 11:52:35.839,0.166016,0.307617,0.390625,0.146484,0.463867,1.474609,1
17/11/2017 11:52:36.837,0.166016,0.307617,0.390625,0.146484,0.463867,1.474609,1
17/11/2017 11:52:37.837,0.166016,0.307617,0.390625,0.146484,0.463867,1.474609,1
17/11/2017 11:52:38.841,0.166016,0.307617,0.390625,0.146484,0.463867,1.469727,1
17/11/2017 11:52:39.841,0.166016,0.302734,0.390625,0.146484,0.463867,1.469727,1
17/11/2017 11:52:40.840,0.161133,0.302734,0.390625,0.146484,0.463867,1.469727,1
17/11/2017 11:52:41.844,0.161133,0.302734,0.390625,0.146484,0.463867,1.469727,1
17/11/2017 11:52:42.842,0.161133,0.302734,0.390625,0.146484,0.463867,1.464844,1
17/11/2017 11:52:43.841,0.161133,0.302734,0.390625,0.146484,0.463867,1.464844,1
17/11/2017 11:52:44.841,0.161133,0.302734,0.390625,0.141602,0.463867,1.464844,1
17/11/2017 11:52:45.845,0.161133,0.297852,0.390625,0.146484,0.463867,1.459961,1
17/11/2017 11:52:46.845,0.161133,0.297852,0.390625,0.146484,0.458984,1.459961,1
17/11/2017 11:52:47.844,0.161133,0.297852,0.385742,0.141602,0.458984,1.459961,1
17/11/2017 11:52:48.843,0.161133,0.297852,0.385742,0.141602,0.458984,1.459961,1
17/11/2017 11:52:49.847,0.161133,0.297852,0.385742,0.141602,0.458984,1.459961,1
17/11/2017 11:52:50.846,0.161133,0.297852,0.385742,0.141602,0.458984,1.459961,1
17/11/2017 11:52:51.849,0.161133,0.297852,0.385742,0.141602,0.458984,1.455078,1
17/11/2017 11:52:52.849,0.161133,0.297852,0.385742,0.141602,0.458984,1.455078,1
17/11/2017 11:52:53.848,0.161133,0.297852,0.385742,0.141602,0.458984,1.455078,1
17/11/2017 11:52:54.846,0.161133,0.297852,0.385742,0.141602,0.458984,1.455078,1
17/11/2017 11:52:55.846,0.161133,0.292969,0.385742,0.141602,0.454102,1.455078,1
17/11/2017 11:52:56.845,0.161133,0.292969,0.385742,0.141602,0.458984,1.450195,1
17/11/2017 11:52:57.849,0.161133,0.292969,0.385742,0.141602,0.458984,1.450195,1
17/11/2017 11:52:58.850,0.161133,0.292969,0.385742,0.141602,0.454102,1.450195,1
17/11/2017 11:52:59.847,0.161133,0.292969,0.385742,0.141602,0.454102,1.450195,1
17/11/2017 11:53:00.847,0.161133,0.292969,0.385742,0.141602,0.454102,1.450195,1
17/11/2017 11:53:01.852,0.161133,0.292969,0.385742,0.141602,0.454102,1.450195,1
17/11/2017 11:53:02.851,0.161133,0.292969,0.385742,0.141602,0.454102,1.445312,1
17/11/2017 11:53:03.851,0.161133,0.292969,0.380859,0.141602,0.454102,1.445312,1
17/11/2017 11:53:04.848,0.15625,0.288086,0.385742,0.141602,0.454102,1.445312,1
17/11/2017 11:53:05.853,0.15625,0.288086,0.380859,0.141602,0.454102,1.445312,1
17/11/2017 11:53:06.853,0.15625,0.288086,0.380859,0.141602,0.454102,1.445312,1
17/11/2017 11:53:07.852,0.15625,0.288086,0.380859,0.141602,0.454102,1.445312,1
17/11/2017 11:53:08.851,0.15625,0.288086,0.380859,0.141602,0.454102,1.445312,1
17/11/2017 11:53:09.855,0.15625,0.288086,0.380859,0.141602,0.454102,1.445312,1
17/11/2017 11:53:10.854,0.15625,0.288086,0.380859,0.141602,0.454102,1.44043,1
17/11/2017 11:53:11.853,0.15625,0.288086,0.380859,0.141602,0.454102,1.44043,1
17/11/2017 11:53:12.851,0.15625,0.288086,0.380859,0.136719,0.454102,1.44043,1
17/11/2017 11:53:13.851,0.15625,0.288086,0.380859,0.136719,0.454102,1.44043,1
17/11/2017 11:53:14.856,0.15625,0.283203,0.380859,0.141602,0.454102,1.44043,1
17/11/2017 11:53:15.854,0.15625,0.283203,0.380859,0.136719,0.449219,1.44043,1
17/11/2017 11:53:16.854,0.15625,0.283203,0.380859,0.136719,0.454102,1.44043,1
17/11/2017 11:53:17.854,0.15625,0.283203,0.380859,0.136719,0.454102,1.44043,1
17/11/2017 11:53:18.857,0.15625,0.283203,0.380859,0.136719,0.449219,1.435547,1
17/11/2017 11:53:19.856,0.15625,0.283203,0.380859,0.136719,0.449219,1.435547,1
17/11/2017 11:53:20.856,0.15625,0.283203,0.380859,0.136719,0.449219,1.435547,1
17/11/2017 11:53:21.855,0.15625,0.283203,0.380859,0.136719,0.449219,1.435547,1
17/11/2017 11:53:22.858,0.15625,0.283203,0.375977,0.136719,0.449219,1.435547,1
17/11/2017 11:53:23.857,0.15625,0.283203,0.375977,0.136719,0.449219,1.435547,1
17/11/2017 11:53:24.858,0.15625,0.27832,0.375977,0.136719,0.449219,1.430664,1
17/11/2017 11:53:25.856,0.15625,0.27832,0.375977,0.136719,0.449219,1.430664,1
17/11/2017 11:53:26.856,0.15625,0.27832,0.375977,0.136719,0.449219,1.430664,1
17/11/2017 11:53:27.860,0.15625,0.27832,0.375977,0.136719,0.444336,1.430664,1
17/11/2017 11:53:28.858,0.15625,0.27832,0.375977,0.136719,0.444336,1.425781,1
17/11/2017 11:53:29.858,0.15625,0.27832,0.375977,0.136719,0.444336,1.425781,1
17/11/2017 11:53:30.858,0.15625,0.27832,0.375977,0.136719,0.444336,1.425781,1
17/11/2017 11:53:31.862,0.15625,0.27832,0.375977,0.136719,0.444336,1.425781,1
17/11/2017 11:53:32.859,0.15625,0.27832,0.375977,0.136719,0.444336,1.425781,1
17/11/2017 11:53:33.863,0.151367,0.27832,0.375977,0.136719,0.444336,1.425781,1
17/11/2017 11:53:34.863,0.15625,0.27832,0.375977,0.136719,0.444336,1.420898,1
17/11/2017 11:53:35.862,0.151367,0.27832,0.375977,0.136719,0.444336,1.420898,1
17/11/2017 11:53:36.862,0.151367,0.273437,0.375977,0.136719,0.444336,1.420898,1
17/11/2017 11:53:37.861,0.151367,0.273437,0.375977,0.136719,0.444336,1.420898,1
17/11/2017 11:53:38.865,0.151367,0.273437,0.371094,0.136719,0.444336,1.420898,1
17/11/2017 11:53:39.865,0.151367,0.273437,0.371094,0.136719,0.444336,1.420898,1
17/11/2017 11:53:40.863,0.151367,0.273437,0.371094,0.136719,0.444336,1.420898,1
17/11/2017 11:53:41.862,0.151367,0.273437,0.371094,0.136719,0.444336,1.420898,1
17/11/2017 11:53:42.862,0.151367,0.273437,0.371094,0.136719,0.444336,1.416016,1
17/11/2017 11:53:43.865,0.151367,0.273437,0.371094,0.131836,0.444336,1.416016,1
17/11/2017 11:53:44.866,0.151367,0.273437,0.371094,0.131836,0.444336,1.416016,1
17/11/2017 11:53:45.865,0.151367,0.273437,0.371094,0.131836,0.444336,1.416016,1
17/11/2017 11:53:46.867,0.151367,0.273437,0.371094,0.131836,0.444336,1.416016,1
17/11/2017 11:53:47.867,0.151367,0.273437,0.371094,0.131836,0.444336,1.416016,1
17/11/2017 11:53:48.867,0.151367,0.273437,0.371094,0.131836,0.444336,1.416016,1
17/11/2017 11:53:49.866,0.151367,0.273437,0.371094,0.131836,0.444336,1.416016,1
17/11/2017 11:53:50.870,0.151367,0.273437,0.371094,0.131836,0.444336,1.411133,1
17/11/2017 11:53:51.868,0.151367,0.273437,0.371094,0.131836,0.444336,1.411133,1
17/11/2017 11:53:52.867,0.151367,0.273437,0.371094,0.131836,0.444336,1.411133,1
17/11/2017 11:53:53.872,0.151367,0.273437,0.371094,0.131836,0.444336,1.411133,1
17/11/2017 11:53:54.870,0.151367,0.273437,0.371094,0.131836,0.439453,1.411133,1
17/11/2017 11:53:55.870,0.151367,0.268555,0.371094,0.131836,0.439453,1.411133,1
17/11/2017 11:53:56.873,0.151367,0.268555,0.371094,0.131836,0.439453,1.40625,1
17/11/2017 11:53:57.873,0.151367,0.268555,0.371094,0.131836,0.439453,1.40625,1
17/11/2017 11:53:58.874,0.151367,0.268555,0.371094,0.131836,0.439453,1.40625,1
17/11/2017 11:53:59.872,0.151367,0.268555,0.371094,0.131836,0.439453,1.40625,1
17/11/2017 11:54:00.876,0.151367,0.268555,0.371094,0.131836,0.439453,1.40625,1
17/11/2017 11:54:01.875,0.151367,0.268555,0.371094,0.131836,0.439453,1.40625,1
17/11/2017 11:54:02.875,0.151367,0.268555,0.371094,0.131836,0.439453,1.40625,1
17/11/2017 11:54:03.873,0.151367,0.268555,0.371094,0.131836,0.439453,1.40625,1
17/11/2017 11:54:04.872,0.151367,0.268555,0.366211,0.131836,0.439453,1.401367,1
17/11/2017 11:54:05.871,0.151367,0.268555,0.366211,0.131836,0.439453,1.401367,1
17/11/2017 11:54:06.876,0.146484,0.268555,0.366211,0.131836,0.439453,1.401367,1
17/11/2017 11:54:07.875,0.151367,0.268555,0.366211,0.131836,0.439453,1.401367,1
17/11/2017 11:54:08.873,0.151367,0.268555,0.366211,0.131836,0.439453,1.401367,1
17/11/2017 11:54:09.873,0.151367,0.263672,0.366211,0.131836,0.439453,1.401367,1
17/11/2017 11:54:10.878,0.146484,0.263672,0.366211,0.131836,0.439453,1.401367,1
17/11/2017 11:54:11.877,0.146484,0.263672,0.366211,0.131836,0.439453,1.401367,1
17/11/2017 11:54:12.875,0.146484,0.263672,0.366211,0.131836,0.439453,1.401367,1
17/11/2017 11:54:13.874,0.146484,0.263672,0.366211,0.131836,0.43457,1.401367,1
17/11/2017 11:54:14.875,0.146484,0.263672,0.366211,0.131836,0.43457,1.401367,1
17/11/2017 11:54:15.879,0.146484,0.263672,0.366211,0.131836,0.43457,1.401367,1
17/11/2017 16:25:15.031,0.102539,0.151367,0.263672,0.126953,0.400391,0.839844,2
17/11/2017 16:25:16.029,0.102539,0.151367,0.263672,0.126953,0.400391,0.839844,2
17/11/2017 16:25:17.033,0.102539,0.151367,0.263672,0.126953,0.400391,0.839844,2
17/11/2017 16:25:18.029,0.102539,0.151367,0.263672,0.126953,0.400391,0.839844,2
17/11/2017 16:25:19.031,0.102539,0.151367,0.263672,0.126953,0.400391,0.839844,2
17/11/2017 16:25:20.032,0.102539,0.151367,0.263672,0.126953,0.400391,0.839844,2
17/11/2017 16:25:21.034,0.102539,0.151367,0.263672,0.126953,0.400391,0.839844,2
17/11/2017 16:25:22.035,0.102539,0.151367,0.263672,0.126953,0.400391,0.839844,2
17/11/2017 16:25:23.033,0.102539,0.151367,0.263672,0.126953,0.400391,0.839844,2
17/11/2017 16:25:24.033,0.102539,0.151367,0.263672,0.126953,0.400391,0.839844,2
17/11/2017 16:25:25.037,0.102539,0.151367,0.263672,0.126953,0.400391,0.839844,2
17/11/2017 16:25:26.036,0.102539,0.151367,0.263672,0.126953,0.400391,0.839844,2
17/11/2017 16:25:27.036,0.102539,0.151367,0.263672,0.126953,0.400391,0.839844,2
17/11/2017 16:25:28.033,0.102539,0.151367,0.263672,0.126953,0.400391,0.839844,2
17/11/2017 16:25:29.037,0.102539,0.151367,0.263672,0.126953,0.400391,0.839844,2
17/11/2017 16:25:30.037,0.102539,0.151367,0.263672,0.126953,0.400391,0.844727,2
17/11/2017 16:25:31.037,0.102539,0.151367,0.263672,0.12207,0.405273,0.844727,2
17/11/2017 16:25:32.036,0.102539,0.151367,0.263672,0.126953,0.400391,0.844727,2
17/11/2017 16:25:33.039,0.102539,0.151367,0.263672,0.126953,0.400391,0.844727,2
17/11/2017 16:25:34.038,0.102539,0.151367,0.263672,0.126953,0.400391,0.844727,2
17/11/2017 16:25:35.038,0.102539,0.151367,0.263672,0.12207,0.400391,0.844727,2
17/11/2017 16:25:36.037,0.102539,0.151367,0.263672,0.126953,0.400391,0.844727,2
17/11/2017 16:25:37.036,0.102539,0.151367,0.263672,0.12207,0.400391,0.844727,2
17/11/2017 16:25:38.040,0.102539,0.151367,0.263672,0.12207,0.400391,0.844727,2
17/11/2017 16:25:39.039,0.102539,0.151367,0.263672,0.12207,0.400391,0.844727,2
17/11/2017 16:25:40.038,0.102539,0.151367,0.263672,0.126953,0.400391,0.844727,2
17/11/2017 16:25:41.039,0.102539,0.151367,0.263672,0.12207,0.400391,0.844727,2
17/11/2017 16:25:42.042,0.102539,0.151367,0.268555,0.12207,0.400391,0.844727,2
17/11/2017 16:25:43.040,0.102539,0.151367,0.268555,0.126953,0.400391,0.844727,2
17/11/2017 16:25:44.040,0.102539,0.151367,0.268555,0.12207,0.405273,0.844727,2
17/11/2017 16:25:45.041,0.102539,0.151367,0.268555,0.126953,0.400391,0.849609,2
17/11/2017 16:25:46.040,0.102539,0.151367,0.268555,0.12207,0.405273,0.849609,2
17/11/2017 16:25:47.042,0.102539,0.151367,0.268555,0.12207,0.405273,0.849609,2
17/11/2017 16:25:48.042,0.102539,0.151367,0.268555,0.12207,0.400391,0.849609,2
17/11/2017 16:25:49.040,0.102539,0.151367,0.268555,0.12207,0.405273,0.849609,2
17/11/2017 16:25:50.040,0.102539,0.151367,0.268555,0.12207,0.400391,0.849609,2
17/11/2017 16:25:51.040,0.102539,0.151367,0.268555,0.12207,0.405273,0.849609,2
17/11/2017 16:25:52.038,0.102539,0.151367,0.268555,0.12207,0.400391,0.849609,2
17/11/2017 16:25:53.043,0.102539,0.151367,0.268555,0.12207,0.400391,0.849609,2
17/11/2017 16:25:54.043,0.102539,0.151367,0.268555,0.12207,0.405273,0.849609,2
17/11/2017 16:25:55.043,0.102539,0.151367,0.268555,0.12207,0.405273,0.849609,2
17/11/2017 16:25:56.045,0.102539,0.151367,0.268555,0.12207,0.405273,0.849609,2
17/11/2017 16:25:57.045,0.102539,0.151367,0.268555,0.12207,0.405273,0.849609,2
17/11/2017 16:25:58.044,0.102539,0.151367,0.268555,0.12207,0.405273,0.849609,2
17/11/2017 16:25:59.043,0.102539,0.151367,0.268555,0.12207,0.405273,0.849609,2
17/11/2017 16:26:00.043,0.102539,0.151367,0.268555,0.12207,0.405273,0.849609,2
17/11/2017 16:26:01.043,0.102539,0.151367,0.268555,0.12207,0.405273,0.854492,2
17/11/2017 16:26:02.042,0.102539,0.151367,0.268555,0.12207,0.405273,0.854492,2
17/11/2017 16:26:03.044,0.102539,0.151367,0.268555,0.12207,0.405273,0.854492,2
17/11/2017 16:26:04.044,0.102539,0.151367,0.268555,0.12207,0.405273,0.854492,2
17/11/2017 16:26:05.042,0.102539,0.151367,0.268555,0.12207,0.405273,0.854492,2
17/11/2017 16:26:06.043,0.102539,0.151367,0.268555,0.12207,0.405273,0.854492,2
17/11/2017 16:26:07.047,0.102539,0.151367,0.268555,0.12207,0.405273,0.854492,2
17/11/2017 16:26:08.046,0.102539,0.151367,0.268555,0.12207,0.405273,0.854492,2
17/11/2017 16:26:09.046,0.102539,0.151367,0.268555,0.12207,0.405273,0.854492,2
17/11/2017 16:26:10.045,0.102539,0.151367,0.268555,0.12207,0.405273,0.854492,2
17/11/2017 16:26:11.044,0.102539,0.151367,0.273437,0.12207,0.405273,0.854492,2
17/11/2017 16:26:12.043,0.102539,0.151367,0.273437,0.12207,0.405273,0.854492,2
17/11/2017 16:26:13.042,0.102539,0.151367,0.268555,0.12207,0.405273,0.859375,2
17/11/2017 16:26:14.046,0.102539,0.151367,0.273437,0.12207,0.405273,0.859375,2
17/11/2017 16:26:15.045,0.102539,0.151367,0.273437,0.12207,0.405273,0.859375,2
17/11/2017 16:26:16.045,0.102539,0.151367,0.273437,0.12207,0.405273,0.859375,2
17/11/2017 16:26:17.048,0.102539,0.151367,0.273437,0.12207,0.405273,0.859375,2
17/11/2017 16:26:18.048,0.102539,0.151367,0.273437,0.12207,0.405273,0.859375,2
17/11/2017 16:26:19.047,0.102539,0.151367,0.273437,0.12207,0.405273,0.859375,2
17/11/2017 16:26:20.046,0.102539,0.151367,0.273437,0.12207,0.405273,0.859375,2
17/11/2017 16:26:21.045,0.102539,0.15625,0.273437,0.12207,0.405273,0.859375,2
17/11/2017 16:26:22.048,0.102539,0.151367,0.273437,0.12207,0.405273,0.859375,2
17/11/2017 16:26:23.048,0.102539,0.151367,0.273437,0.12207,0.405273,0.859375,2
17/11/2017 16:26:24.048,0.102539,0.151367,0.273437,0.12207,0.405273,0.859375,2
17/11/2017 16:26:25.052,0.102539,0.151367,0.273437,0.12207,0.405273,0.859375,2
17/11/2017 16:26:26.051,0.102539,0.15625,0.273437,0.12207,0.405273,0.859375,2
17/11/2017 16:26:27.050,0.102539,0.151367,0.273437,0.12207,0.405273,0.859375,2
17/11/2017 16:26:28.049,0.102539,0.15625,0.273437,0.12207,0.405273,0.859375,2
17/11/2017 16:26:29.052,0.102539,0.151367,0.273437,0.12207,0.405273,0.864258,2
17/11/2017 16:26:30.052,0.102539,0.151367,0.273437,0.12207,0.405273,0.864258,2
17/11/2017 16:26:31.052,0.102539,0.151367,0.273437,0.12207,0.405273,0.864258,2
17/11/2017 16:26:32.051,0.102539,0.151367,0.273437,0.12207,0.405273,0.864258,2
17/11/2017 16:26:33.051,0.102539,0.15625,0.273437,0.12207,0.405273,0.864258,2
17/11/2017 16:26:34.054,0.102539,0.15625,0.273437,0.12207,0.405273,0.864258,2
17/11/2017 16:26:35.053,0.102539,0.15625,0.273437,0.12207,0.405273,0.864258,2
17/11/2017 16:26:36.051,0.102539,0.15625,0.273437,0.12207,0.405273,0.864258,2
17/11/2017 16:26:37.051,0.102539,0.151367,0.273437,0.12207,0.405273,0.864258,2
17/11/2017 16:26:38.050,0.102539,0.15625,0.273437,0.12207,0.405273,0.864258,2
17/11/2017 16:26:39.050,0.102539,0.15625,0.273437,0.12207,0.405273,0.864258,2
17/11/2017 16:26:40.049,0.102539,0.151367,0.273437,0.12207,0.405273,0.864258,2
17/11/2017 16:26:41.054,0.102539,0.15625,0.27832,0.12207,0.405273,0.869141,2
17/11/2017 16:26:42.053,0.102539,0.15625,0.27832,0.12207,0.405273,0.869141,2
17/11/2017 16:26:43.052,0.102539,0.15625,0.27832,0.12207,0.405273,0.869141,2
17/11/2017 16:26:44.052,0.102539,0.15625,0.27832,0.12207,0.405273,0.869141,2
17/11/2017 16:26:45.052,0.102539,0.15625,0.27832,0.12207,0.405273,0.869141,2
17/11/2017 16:26:46.054,0.102539,0.15625,0.27832,0.12207,0.405273,0.869141,2
17/11/2017 16:26:47.053,0.102539,0.15625,0.27832,0.12207,0.405273,0.869141,2
17/11/2017 16:26:48.052,0.102539,0.15625,0.27832,0.12207,0.405273,0.869141,2
17/11/2017 16:26:49.053,0.102539,0.15625,0.27832,0.12207,0.405273,0.869141,2
17/11/2017 16:26:50.057,0.102539,0.15625,0.27832,0.12207,0.410156,0.869141,2
17/11/2017 16:26:51.056,0.102539,0.15625,0.27832,0.12207,0.405273,0.869141,2
17/11/2017 16:26:52.054,0.102539,0.15625,0.27832,0.12207,0.410156,0.869141,2
17/11/2017 16:26:53.059,0.102539,0.15625,0.27832,0.12207,0.410156,0.869141,2
17/11/2017 16:26:54.057,0.102539,0.15625,0.27832,0.12207,0.410156,0.869141,2
17/11/2017 16:26:55.057,0.102539,0.15625,0.27832,0.12207,0.410156,0.874023,2
17/11/2017 16:26:56.057,0.102539,0.15625,0.27832,0.12207,0.410156,0.874023,2
17/11/2017 16:26:57.055,0.102539,0.15625,0.27832,0.12207,0.410156,0.878906,2
17/11/2017 16:26:58.054,0.102539,0.161133,0.283203,0.12207,0.410156,0.893555,2
17/11/2017 16:26:59.058,0.102539,0.166016,0.297852,0.12207,0.419922,0.917969,2
17/11/2017 16:27:00.057,0.107422,0.180664,0.307617,0.12207,0.424805,0.947266,2
17/11/2017 16:27:01.057,0.107422,0.185547,0.322266,0.126953,0.429687,0.97168,2
17/11/2017 16:27:02.057,0.107422,0.195312,0.332031,0.126953,0.43457,0.996094,2
17/11/2017 16:27:03.056,0.112305,0.205078,0.336914,0.126953,0.439453,1.020508,2
17/11/2017 16:27:04.059,0.112305,0.209961,0.34668,0.126953,0.444336,1.040039,2
17/11/2017 16:27:05.059,0.112305,0.219727,0.351562,0.126953,0.449219,1.064453,2
17/11/2017 16:27:06.058,0.112305,0.219727,0.351562,0.126953,0.449219,1.079102,2
17/11/2017 16:27:07.062,0.112305,0.224609,0.356445,0.126953,0.454102,1.098633,2
17/11/2017 16:27:08.061,0.112305,0.229492,0.356445,0.126953,0.454102,1.113281,2
17/11/2017 16:27:09.060,0.117187,0.229492,0.361328,0.131836,0.454102,1.12793,2
17/11/2017 16:27:10.060,0.117187,0.234375,0.366211,0.131836,0.458984,1.137695,2
17/11/2017 16:27:11.058,0.117187,0.234375,0.366211,0.126953,0.458984,1.152344,2
17/11/2017 16:27:12.063,0.117187,0.239258,0.366211,0.131836,0.458984,1.162109,2
17/11/2017 16:27:13.061,0.117187,0.239258,0.366211,0.131836,0.458984,1.171875,2
17/11/2017 16:27:14.060,0.117187,0.244141,0.366211,0.131836,0.463867,1.181641,2
17/11/2017 16:27:15.060,0.117187,0.244141,0.371094,0.131836,0.463867,1.191406,2
17/11/2017 16:27:16.060,0.117187,0.244141,0.371094,0.131836,0.463867,1.196289,2
17/11/2017 16:27:17.059,0.117187,0.244141,0.371094,0.131836,0.463867,1.206055,2
17/11/2017 16:27:18.062,0.117187,0.244141,0.371094,0.131836,0.463867,1.21582,2
17/11/2017 16:27:19.063,0.117187,0.244141,0.371094,0.131836,0.463867,1.220703,2
17/11/2017 16:27:20.061,0.117187,0.249023,0.371094,0.131836,0.463867,1.225586,2
17/11/2017 16:27:21.061,0.117187,0.249023,0.371094,0.131836,0.46875,1.235352,2
17/11/2017 16:27:22.061,0.117187,0.249023,0.371094,0.131836,0.46875,1.240234,2
17/11/2017 16:27:23.059,0.117187,0.249023,0.371094,0.131836,0.46875,1.245117,2
17/11/2017 16:27:24.059,0.117187,0.249023,0.371094,0.131836,0.463867,1.25,2
17/11/2017 16:27:25.061,0.117187,0.253906,0.375977,0.131836,0.46875,1.254883,2
17/11/2017 16:27:26.062,0.117187,0.253906,0.371094,0.131836,0.46875,1.254883,2
17/11/2017 16:27:27.060,0.117187,0.253906,0.375977,0.131836,0.46875,1.259766,2
17/11/2017 16:27:28.060,0.117187,0.253906,0.375977,0.131836,0.46875,1.264648,2
17/11/2017 16:27:29.061,0.117187,0.253906,0.375977,0.131836,0.46875,1.269531,2
17/11/2017 16:27:30.063,0.117187,0.253906,0.375977,0.131836,0.46875,1.274414,2
17/11/2017 16:27:31.062,0.117187,0.253906,0.375977,0.131836,0.46875,1.274414,2
17/11/2017 16:27:32.062,0.117187,0.253906,0.375977,0.131836,0.46875,1.279297,2
17/11/2017 16:27:33.061,0.117187,0.258789,0.375977,0.131836,0.46875,1.279297,2
17/11/2017 16:27:34.060,0.117187,0.258789,0.375977,0.131836,0.46875,1.28418,2
17/11/2017 16:27:35.063,0.117187,0.258789,0.371094,0.131836,0.46875,1.28418,2
17/11/2017 16:27:36.063,0.117187,0.258789,0.375977,0.131836,0.46875,1.289062,2
17/11/2017 16:27:37.064,0.117187,0.258789,0.371094,0.131836,0.46875,1.289062,2
17/11/2017 16:27:38.066,0.117187,0.258789,0.371094,0.131836,0.46875,1.289062,2
17/11/2017 16:27:39.065,0.117187,0.258789,0.375977,0.131836,0.46875,1.293945,2
17/11/2017 16:27:40.065,0.117187,0.258789,0.375977,0.131836,0.46875,1.293945,2
17/11/2017 16:27:41.065,0.117187,0.258789,0.375977,0.131836,0.46875,1.298828,2
17/11/2017 16:27:42.064,0.117187,0.258789,0.375977,0.131836,0.46875,1.298828,2
17/11/2017 16:27:43.066,0.117187,0.258789,0.371094,0.131836,0.46875,1.298828,2
17/11/2017 16:27:44.066,0.117187,0.263672,0.375977,0.131836,0.46875,1.298828,2
17/11/2017 16:27:45.066,0.117187,0.258789,0.371094,0.131836,0.46875,1.298828,2
17/11/2017 16:27:46.069,0.117187,0.258789,0.375977,0.131836,0.46875,1.303711,2
17/11/2017 16:27:47.069,0.117187,0.258789,0.375977,0.131836,0.46875,1.303711,2
17/11/2017 16:27:48.068,0.117187,0.258789,0.371094,0.131836,0.46875,1.303711,2
17/11/2017 16:27:49.067,0.117187,0.263672,0.371094,0.131836,0.46875,1.303711,2
17/11/2017 16:27:50.066,0.117187,0.263672,0.371094,0.131836,0.46875,1.303711,2
17/11/2017 16:27:51.070,0.117187,0.263672,0.371094,0.131836,0.46875,1.308594,2
17/11/2017 16:27:52.070,0.117187,0.258789,0.375977,0.131836,0.46875,1.308594,2
17/11/2017 16:27:53.069,0.117187,0.263672,0.371094,0.131836,0.46875,1.308594,2
17/11/2017 16:27:54.072,0.117187,0.263672,0.371094,0.131836,0.46875,1.308594,2
17/11/2017 16:27:55.072,0.117187,0.263672,0.371094,0.131836,0.46875,1.313477,2
17/11/2017 16:27:56.071,0.117187,0.263672,0.371094,0.131836,0.46875,1.313477,2
17/11/2017 16:27:57.071,0.117187,0.263672,0.371094,0.131836,0.46875,1.313477,2
17/11/2017 16:27:58.069,0.117187,0.263672,0.371094,0.131836,0.46875,1.313477,2
17/11/2017 16:27:59.070,0.117187,0.263672,0.371094,0.131836,0.46875,1.313477,2
17/11/2017 16:28:00.073,0.117187,0.263672,0.371094,0.131836,0.46875,1.313477,2
17/11/2017 16:28:01.073,0.117187,0.263672,0.371094,0.131836,0.46875,1.318359,2
17/11/2017 16:28:02.071,0.117187,0.263672,0.371094,0.131836,0.46875,1.318359,2
17/11/2017 16:28:03.075,0.117187,0.263672,0.371094,0.131836,0.46875,1.318359,2
17/11/2017 16:28:04.074,0.117187,0.263672,0.371094,0.131836,0.46875,1.318359,2
17/11/2017 16:28:05.074,0.117187,0.263672,0.371094,0.131836,0.46875,1.318359,2
17/11/2017 16:28:06.072,0.117187,0.263672,0.371094,0.131836,0.46875,1.318359,2
17/11/2017 16:28:07.077,0.117187,0.263672,0.371094,0.131836,0.46875,1.318359,2
17/11/2017 16:28:08.075,0.117187,0.263672,0.371094,0.131836,0.46875,1.318359,2
17/11/2017 16:28:09.076,0.117187,0.263672,0.371094,0.131836,0.46875,1.318359,2
17/11/2017 16:28:10.075,0.117187,0.263672,0.371094,0.131836,0.46875,1.318359,2
17/11/2017 16:28:11.073,0.117187,0.263672,0.371094,0.131836,0.46875,1.318359,2
17/11/2017 16:28:12.076,0.117187,0.263672,0.371094,0.131836,0.46875,1.318359,2
17/11/2017 16:28:13.078,0.117187,0.263672,0.371094,0.126953,0.46875,1.318359,2
17/11/2017 16:28:14.081,0.117187,0.263672,0.371094,0.131836,0.46875,1.318359,2
17/11/2017 16:28:15.079,0.117187,0.263672,0.371094,0.131836,0.46875,1.318359,2
17/11/2017 16:28:16.079,0.117187,0.268555,0.371094,0.131836,0.46875,1.318359,2
17/11/2017 16:28:17.078,0.117187,0.268555,0.371094,0.126953,0.46875,1.318359,2
17/11/2017 16:28:18.082,0.117187,0.263672,0.371094,0.131836,0.46875,1.318359,2
17/11/2017 16:28:19.082,0.117187,0.263672,0.371094,0.131836,0.46875,1.323242,2
17/11/2017 16:28:20.081,0.117187,0.268555,0.371094,0.126953,0.46875,1.323242,2
17/11/2017 16:28:21.079,0.117187,0.268555,0.371094,0.131836,0.46875,1.318359,2
17/11/2017 16:28:22.078,0.117187,0.268555,0.371094,0.131836,0.46875,1.318359,2
17/11/2017 16:28:23.083,0.117187,0.268555,0.371094,0.126953,0.46875,1.318359,2
17/11/2017 16:28:24.083,0.117187,0.268555,0.371094,0.131836,0.46875,1.318359,2
17/11/2017 16:28:25.082,0.117187,0.268555,0.371094,0.126953,0.46875,1.318359,2
17/11/2017 16:28:26.081,0.117187,0.268555,0.371094,0.131836,0.46875,1.318359,2
17/11/2017 16:28:27.081,0.117187,0.268555,0.371094,0.126953,0.46875,1.318359,2
17/11/2017 16:28:28.084,0.117187,0.268555,0.371094,0.126953,0.46875,1.318359,2
17/11/2017 16:28:29.082,0.117187,0.268555,0.371094,0.126953,0.46875,1.318359,2
17/11/2017 16:28:30.082,0.117187,0.268555,0.371094,0.131836,0.46875,1.318359,2
17/11/2017 16:28:31.085,0.117187,0.268555,0.371094,0.126953,0.46875,1.318359,2
17/11/2017 16:28:32.086,0.117187,0.268555,0.371094,0.131836,0.46875,1.318359,2
17/11/2017 16:28:33.084,0.117187,0.268555,0.371094,0.126953,0.46875,1.318359,2
17/11/2017 16:28:34.083,0.117187,0.268555,0.371094,0.131836,0.46875,1.318359,2
17/11/2017 16:28:35.084,0.117187,0.268555,0.371094,0.126953,0.46875,1.318359,2
17/11/2017 16:28:36.086,0.117187,0.268555,0.371094,0.126953,0.46875,1.318359,2
17/11/2017 16:28:37.086,0.117187,0.268555,0.371094,0.126953,0.46875,1.318359,2
17/11/2017 16:28:38.084,0.117187,0.268555,0.371094,0.126953,0.46875,1.318359,2
17/11/2017 16:28:39.084,0.117187,0.268555,0.366211,0.126953,0.46875,1.318359,2
17/11/2017 16:28:40.083,0.117187,0.268555,0.371094,0.126953,0.46875,1.318359,2
17/11/2017 16:28:41.084,0.117187,0.268555,0.371094,0.126953,0.46875,1.318359,2
17/11/2017 16:28:42.087,0.117187,0.268555,0.366211,0.126953,0.46875,1.318359,2
17/11/2017 16:28:43.086,0.117187,0.268555,0.371094,0.126953,0.46875,1.318359,2
17/11/2017 16:28:44.087,0.117187,0.268555,0.371094,0.126953,0.46875,1.318359,2
17/11/2017 16:28:45.084,0.117187,0.268555,0.371094,0.126953,0.463867,1.318359,2
17/11/2017 16:28:46.085,0.117187,0.268555,0.371094,0.126953,0.463867,1.318359,2
17/11/2017 16:28:47.087,0.117187,0.268555,0.366211,0.126953,0.46875,1.318359,2
17/11/2017 16:28:48.088,0.117187,0.268555,0.366211,0.126953,0.46875,1.318359,2
17/11/2017 16:28:49.087,0.117187,0.268555,0.366211,0.126953,0.46875,1.318359,2
17/11/2017 16:28:50.087,0.117187,0.268555,0.371094,0.126953,0.463867,1.318359,2
17/11/2017 16:28:51.085,0.117187,0.268555,0.366211,0.126953,0.46875,1.318359,2
17/11/2017 16:28:52.089,0.117187,0.268555,0.366211,0.126953,0.46875,1.318359,2
17/11/2017 16:28:53.089,0.117187,0.268555,0.366211,0.126953,0.46875,1.318359,2
17/11/2017 16:28:54.088,0.117187,0.268555,0.366211,0.126953,0.463867,1.318359,2
17/11/2017 16:28:55.091,0.117187,0.268555,0.366211,0.126953,0.463867,1.318359,2
17/11/2017 16:28:56.091,0.117187,0.268555,0.366211,0.126953,0.463867,1.318359,2
17/11/2017 16:28:57.089,0.117187,0.268555,0.366211,0.126953,0.46875,1.318359,2
17/11/2017 16:28:58.088,0.117187,0.268555,0.366211,0.126953,0.46875,1.318359,2
17/11/2017 16:28:59.092,0.117187,0.268555,0.366211,0.126953,0.46875,1.318359,2
17/11/2017 16:29:00.093,0.117187,0.268555,0.366211,0.126953,0.463867,1.318359,2
17/11/2017 16:29:01.091,0.117187,0.268555,0.366211,0.126953,0.463867,1.313477,2
17/11/2017 16:29:02.091,0.117187,0.268555,0.366211,0.126953,0.463867,1.313477,2
17/11/2017 16:29:03.094,0.117187,0.268555,0.366211,0.126953,0.463867,1.313477,2
17/11/2017 16:29:04.093,0.117187,0.268555,0.366211,0.126953,0.46875,1.313477,2
17/11/2017 16:29:05.093,0.117187,0.268555,0.366211,0.126953,0.463867,1.313477,2
17/11/2017 16:29:06.096,0.117187,0.268555,0.366211,0.126953,0.463867,1.313477,2
17/11/2017 16:29:07.095,0.117187,0.268555,0.366211,0.126953,0.463867,1.313477,2
17/11/2017 16:29:08.095,0.117187,0.268555,0.366211,0.126953,0.463867,1.313477,2
17/11/2017 16:29:09.094,0.117187,0.268555,0.366211,0.126953,0.463867,1.313477,2
17/11/2017 16:29:10.095,0.117187,0.268555,0.366211,0.126953,0.463867,1.313477,2
17/11/2017 16:29:11.097,0.117187,0.268555,0.366211,0.126953,0.463867,1.313477,2
17/11/2017 16:29:12.097,0.117187,0.268555,0.366211,0.126953,0.463867,1.313477,2
17/11/2017 16:29:13.096,0.117187,0.268555,0.366211,0.126953,0.46875,1.313477,2
17/11/2017 16:29:14.096,0.117187,0.268555,0.366211,0.126953,0.463867,1.313477,2
17/11/2017 16:29:15.095,0.117187,0.268555,0.366211,0.126953,0.463867,1.313477,2
17/11/2017 16:29:16.098,0.117187,0.268555,0.366211,0.126953,0.463867,1.313477,2
17/11/2017 16:29:17.097,0.117187,0.268555,0.366211,0.126953,0.463867,1.313477,2
17/11/2017 16:29:18.097,0.117187,0.268555,0.366211,0.126953,0.463867,1.308594,2
17/11/2017 16:29:19.096,0.117187,0.268555,0.366211,0.126953,0.46875,1.308594,2
17/11/2017 16:29:20.095,0.117187,0.268555,0.366211,0.126953,0.463867,1.308594,2
17/11/2017 16:29:21.100,0.117187,0.268555,0.366211,0.126953,0.463867,1.308594,2
17/11/2017 16:29:22.098,0.117187,0.268555,0.366211,0.126953,0.463867,1.308594,2
17/11/2017 16:29:23.098,0.117187,0.268555,0.366211,0.126953,0.463867,1.308594,2
17/11/2017 16:29:24.097,0.117187,0.268555,0.366211,0.126953,0.463867,1.308594,2
17/11/2017 16:29:25.096,0.117187,0.268555,0.366211,0.126953,0.463867,1.308594,2
17/11/2017 16:29:26.096,0.117187,0.268555,0.366211,0.126953,0.463867,1.308594,2
17/11/2017 16:29:27.100,0.117187,0.268555,0.366211,0.126953,0.463867,1.308594,2
17/11/2017 16:29:28.100,0.117187,0.268555,0.366211,0.126953,0.463867,1.308594,2
17/11/2017 16:29:29.099,0.117187,0.268555,0.366211,0.126953,0.463867,1.308594,2
17/11/2017 16:29:30.097,0.117187,0.268555,0.366211,0.126953,0.463867,1.308594,2
17/11/2017 16:29:31.097,0.117187,0.268555,0.366211,0.126953,0.463867,1.308594,2
17/11/2017 16:29:32.096,0.117187,0.268555,0.366211,0.126953,0.463867,1.308594,2
17/11/2017 16:29:33.100,0.117187,0.268555,0.366211,0.126953,0.463867,1.308594,2
17/11/2017 16:29:34.099,0.117187,0.268555,0.366211,0.126953,0.463867,1.308594,2
17/11/2017 16:29:35.098,0.117187,0.268555,0.366211,0.126953,0.463867,1.308594,2
17/11/2017 16:29:36.098,0.117187,0.268555,0.366211,0.126953,0.463867,1.308594,2
17/11/2017 16:29:37.098,0.117187,0.268555,0.366211,0.126953,0.463867,1.308594,2
17/11/2017 16:29:38.101,0.117187,0.268555,0.366211,0.126953,0.463867,1.308594,2
17/11/2017 16:29:39.100,0.117187,0.268555,0.366211,0.126953,0.463867,1.308594,2
17/11/2017 16:29:40.099,0.117187,0.268555,0.366211,0.126953,0.463867,1.308594,2
17/11/2017 16:29:41.098,0.117187,0.268555,0.366211,0.126953,0.463867,1.308594,2
17/11/2017 16:29:42.099,0.117187,0.268555,0.366211,0.126953,0.463867,1.308594,2
17/11/2017 16:29:43.097,0.117187,0.268555,0.366211,0.126953,0.463867,1.303711,2
17/11/2017 16:29:44.101,0.112305,0.268555,0.366211,0.126953,0.463867,1.303711,2
17/11/2017 16:29:45.101,0.117187,0.268555,0.366211,0.126953,0.463867,1.303711,2
17/11/2017 16:29:46.101,0.117187,0.268555,0.366211,0.126953,0.463867,1.303711,2
17/11/2017 16:29:47.100,0.117187,0.268555,0.366211,0.126953,0.463867,1.303711,2
17/11/2017 16:29:48.098,0.117187,0.268555,0.366211,0.126953,0.463867,1.303711,2
17/11/2017 16:29:49.102,0.117187,0.268555,0.366211,0.126953,0.463867,1.303711,2
17/11/2017 16:29:50.100,0.117187,0.268555,0.366211,0.126953,0.463867,1.303711,2
17/11/2017 16:29:51.101,0.117187,0.268555,0.366211,0.126953,0.463867,1.303711,2
17/11/2017 16:29:52.105,0.117187,0.268555,0.366211,0.126953,0.463867,1.303711,2
17/11/2017 16:29:53.103,0.117187,0.268555,0.366211,0.126953,0.463867,1.303711,2
17/11/2017 16:29:54.103,0.117187,0.268555,0.366211,0.126953,0.463867,1.303711,2
17/11/2017 16:29:55.103,0.117187,0.268555,0.366211,0.126953,0.463867,1.303711,2
17/11/2017 16:29:56.102,0.117187,0.268555,0.366211,0.126953,0.463867,1.303711,2
17/11/2017 16:29:57.100,0.117187,0.268555,0.366211,0.126953,0.463867,1.303711,2
17/11/2017 16:29:58.102,0.117187,0.268555,0.366211,0.126953,0.463867,1.303711,2
17/11/2017 16:29:59.104,0.117187,0.268555,0.366211,0.126953,0.463867,1.303711,2
17/11/2017 16:30:00.104,0.117187,0.268555,0.366211,0.126953,0.463867,1.303711,2
17/11/2017 16:30:01.102,0.117187,0.268555,0.366211,0.126953,0.463867,1.303711,2
17/11/2017 16:30:02.103,0.117187,0.268555,0.366211,0.126953,0.463867,1.298828,2
17/11/2017 16:30:03.106,0.112305,0.268555,0.366211,0.126953,0.463867,1.298828,2
17/11/2017 16:30:04.104,0.117187,0.268555,0.366211,0.126953,0.463867,1.298828,2
17/11/2017 16:30:05.103,0.117187,0.268555,0.366211,0.126953,0.463867,1.298828,2
17/11/2017 16:30:06.103,0.117187,0.268555,0.366211,0.126953,0.463867,1.298828,2
17/11/2017 16:30:07.103,0.117187,0.268555,0.366211,0.126953,0.463867,1.298828,2
17/11/2017 16:30:08.101,0.117187,0.268555,0.366211,0.126953,0.463867,1.298828,2
17/11/2017 16:30:09.106,0.117187,0.268555,0.366211,0.126953,0.463867,1.298828,2
17/11/2017 16:30:10.105,0.117187,0.268555,0.366211,0.126953,0.463867,1.298828,2
17/11/2017 16:30:11.109,0.117187,0.268555,0.366211,0.126953,0.463867,1.298828,2
17/11/2017 16:30:12.108,0.112305,0.268555,0.366211,0.126953,0.463867,1.298828,2
17/11/2017 16:30:13.108,0.117187,0.268555,0.366211,0.126953,0.463867,1.298828,2
17/11/2017 16:30:14.111,0.117187,0.268555,0.366211,0.126953,0.463867,1.303711,2
17/11/2017 16:30:15.111,0.117187,0.268555,0.366211,0.126953,0.463867,1.298828,2
17/11/2017 16:30:16.110,0.117187,0.268555,0.366211,0.126953,0.463867,1.298828,2
17/11/2017 16:30:17.109,0.117187,0.268555,0.366211,0.126953,0.463867,1.298828,2
17/11/2017 16:30:18.108,0.117187,0.268555,0.366211,0.126953,0.463867,1.298828,2
17/11/2017 16:30:19.112,0.117187,0.268555,0.366211,0.126953,0.463867,1.298828,2
17/11/2017 16:30:20.112,0.117187,0.268555,0.366211,0.126953,0.463867,1.298828,2
17/11/2017 16:30:21.114,0.117187,0.268555,0.366211,0.126953,0.463867,1.298828,2
17/11/2017 16:30:22.113,0.117187,0.268555,0.366211,0.126953,0.463867,1.298828,2
17/11/2017 16:30:23.112,0.112305,0.268555,0.366211,0.126953,0.463867,1.298828,2
17/11/2017 16:30:24.113,0.117187,0.268555,0.366211,0.126953,0.463867,1.298828,2
17/11/2017 16:30:25.117,0.117187,0.268555,0.366211,0.126953,0.463867,1.298828,2
17/11/2017 16:30:26.115,0.117187,0.268555,0.366211,0.126953,0.463867,1.298828,2
17/11/2017 16:30:27.192,0.112305,0.268555,0.366211,0.126953,0.463867,1.298828,2
17/11/2017 16:30:28.191,0.117187,0.268555,0.366211,0.126953,0.463867,1.298828,2
17/11/2017 16:30:29.191,0.117187,0.268555,0.366211,0.126953,0.463867,1.298828,2
17/11/2017 16:30:30.195,0.117187,0.268555,0.366211,0.126953,0.463867,1.298828,2
17/11/2017 16:30:31.194,0.117187,0.268555,0.366211,0.126953,0.463867,1.298828,2
17/11/2017 16:30:32.193,0.117187,0.268555,0.366211,0.126953,0.463867,1.298828,2
17/11/2017 16:30:33.192,0.117187,0.268555,0.366211,0.126953,0.463867,1.298828,2
17/11/2017 16:30:34.197,0.117187,0.268555,0.366211,0.126953,0.463867,1.298828,2
17/11/2017 16:30:35.196,0.117187,0.268555,0.366211,0.126953,0.463867,1.298828,2
17/11/2017 16:30:36.196,0.117187,0.268555,0.366211,0.126953,0.463867,1.298828,2
17/11/2017 16:30:37.194,0.117187,0.268555,0.366211,0.126953,0.463867,1.298828,2
17/11/2017 16:30:38.198,0.112305,0.268555,0.366211,0.126953,0.463867,1.298828,2
17/11/2017 16:30:39.197,0.117187,0.268555,0.366211,0.126953,0.463867,1.298828,2
17/11/2017 16:30:40.196,0.117187,0.268555,0.366211,0.126953,0.463867,1.293945,2
17/11/2017 16:30:41.195,0.112305,0.268555,0.366211,0.126953,0.463867,1.293945,2
17/11/2017 16:30:42.199,0.117187,0.268555,0.366211,0.126953,0.463867,1.293945,2
17/11/2017 16:30:43.200,0.117187,0.268555,0.366211,0.126953,0.463867,1.293945,2
17/11/2017 16:30:44.198,0.112305,0.268555,0.366211,0.126953,0.463867,1.293945,2
17/11/2017 16:30:45.197,0.117187,0.268555,0.366211,0.126953,0.463867,1.293945,2
17/11/2017 16:30:46.197,0.112305,0.268555,0.366211,0.126953,0.463867,1.293945,2
17/11/2017 16:30:47.200,0.117187,0.268555,0.366211,0.126953,0.463867,1.293945,2
17/11/2017 16:30:48.199,0.112305,0.268555,0.366211,0.126953,0.46875,1.293945,2
17/11/2017 16:30:49.200,0.117187,0.268555,0.366211,0.126953,0.463867,1.293945,2
17/11/2017 16:30:50.203,0.117187,0.268555,0.366211,0.126953,0.463867,1.293945,2
17/11/2017 16:30:51.201,0.117187,0.268555,0.366211,0.126953,0.463867,1.293945,2
17/11/2017 16:30:52.201,0.117187,0.268555,0.366211,0.126953,0.463867,1.293945,2
17/11/2017 16:30:53.201,0.117187,0.268555,0.366211,0.126953,0.463867,1.293945,2
17/11/2017 16:30:54.200,0.117187,0.268555,0.366211,0.126953,0.46875,1.293945,2
17/11/2017 16:30:55.204,0.117187,0.268555,0.366211,0.126953,0.463867,1.293945,2
17/11/2017 16:30:56.203,0.117187,0.268555,0.366211,0.126953,0.463867,1.293945,2
17/11/2017 16:30:57.202,0.117187,0.268555,0.366211,0.126953,0.463867,1.289062,2
17/11/2017 16:30:58.201,0.117187,0.268555,0.366211,0.126953,0.46875,1.289062,2
17/11/2017 16:30:59.206,0.117187,0.268555,0.366211,0.126953,0.463867,1.289062,2
17/11/2017 16:31:00.204,0.117187,0.268555,0.366211,0.126953,0.46875,1.289062,2
17/11/2017 16:31:01.204,0.112305,0.268555,0.366211,0.126953,0.46875,1.289062,2
17/11/2017 16:31:02.203,0.117187,0.268555,0.366211,0.126953,0.46875,1.289062,2
17/11/2017 16:31:03.207,0.117187,0.268555,0.366211,0.126953,0.46875,1.289062,2
17/11/2017 16:31:04.205,0.112305,0.268555,0.366211,0.126953,0.46875,1.289062,2
17/11/2017 16:31:05.205,0.117187,0.268555,0.366211,0.126953,0.463867,1.289062,2
17/11/2017 16:31:06.208,0.117187,0.268555,0.366211,0.126953,0.463867,1.289062,2
17/11/2017 16:31:07.208,0.117187,0.268555,0.366211,0.126953,0.463867,1.289062,2
17/11/2017 16:31:08.208,0.117187,0.268555,0.366211,0.126953,0.463867,1.289062,2
17/11/2017 16:31:09.206,0.117187,0.268555,0.366211,0.126953,0.463867,1.289062,2
17/11/2017 16:31:10.206,0.117187,0.268555,0.366211,0.126953,0.463867,1.28418,2
17/11/2017 16:31:11.209,0.117187,0.268555,0.366211,0.126953,0.463867,1.28418,2
17/11/2017 16:31:12.209,0.117187,0.268555,0.366211,0.126953,0.46875,1.28418,2
17/11/2017 16:31:13.212,0.117187,0.268555,0.366211,0.126953,0.46875,1.28418,2
17/11/2017 16:31:14.212,0.117187,0.268555,0.366211,0.126953,0.46875,1.28418,2
17/11/2017 16:31:15.212,0.117187,0.268555,0.366211,0.126953,0.46875,1.28418,2
17/11/2017 16:31:16.210,0.117187,0.268555,0.366211,0.126953,0.463867,1.28418,2
17/11/2017 16:31:17.209,0.117187,0.268555,0.366211,0.126953,0.463867,1.28418,2
17/11/2017 16:31:18.213,0.112305,0.268555,0.366211,0.126953,0.46875,1.28418,2
17/11/2017 16:31:19.214,0.117187,0.268555,0.366211,0.126953,0.46875,1.28418,2
17/11/2017 16:31:20.211,0.112305,0.268555,0.366211,0.126953,0.46875,1.28418,2
17/11/2017 16:31:21.212,0.112305,0.268555,0.366211,0.126953,0.46875,1.28418,2
17/11/2017 16:31:22.215,0.117187,0.268555,0.366211,0.126953,0.463867,1.28418,2
17/11/2017 16:31:23.215,0.117187,0.268555,0.366211,0.126953,0.463867,1.28418,2
17/11/2017 16:31:24.213,0.117187,0.268555,0.366211,0.126953,0.463867,1.28418,2
17/11/2017 16:31:25.213,0.117187,0.268555,0.366211,0.126953,0.463867,1.28418,2
17/11/2017 16:31:26.212,0.117187,0.268555,0.366211,0.126953,0.463867,1.28418,2
17/11/2017 16:31:27.217,0.117187,0.268555,0.366211,0.126953,0.463867,1.28418,2
17/11/2017 16:31:28.214,0.112305,0.268555,0.366211,0.126953,0.46875,1.28418,2
17/11/2017 16:31:29.215,0.117187,0.268555,0.366211,0.126953,0.463867,1.28418,2
17/11/2017 16:31:30.214,0.117187,0.268555,0.366211,0.126953,0.463867,1.28418,2
17/11/2017 16:31:31.217,0.112305,0.268555,0.366211,0.126953,0.463867,1.28418,2
17/11/2017 16:31:32.217,0.117187,0.268555,0.366211,0.126953,0.463867,1.28418,2
17/11/2017 16:31:33.216,0.117187,0.268555,0.366211,0.126953,0.463867,1.28418,2
17/11/2017 16:31:34.215,0.117187,0.268555,0.366211,0.126953,0.463867,1.28418,2
17/11/2017 16:31:35.215,0.112305,0.268555,0.366211,0.126953,0.46875,1.28418,2
17/11/2017 16:31:36.218,0.117187,0.268555,0.366211,0.126953,0.463867,1.28418,2
17/11/2017 16:31:37.218,0.112305,0.268555,0.366211,0.126953,0.46875,1.28418,2
17/11/2017 16:31:38.217,0.117187,0.268555,0.366211,0.126953,0.463867,1.28418,2
17/11/2017 16:31:39.216,0.117187,0.268555,0.366211,0.126953,0.463867,1.28418,2
17/11/2017 16:31:40.215,0.117187,0.268555,0.366211,0.126953,0.463867,1.28418,2
17/11/2017 16:31:41.216,0.112305,0.268555,0.366211,0.126953,0.463867,1.28418,2
17/11/2017 16:31:42.218,0.117187,0.268555,0.366211,0.126953,0.463867,1.28418,2
17/11/2017 16:31:43.218,0.117187,0.268555,0.366211,0.126953,0.463867,1.28418,2
17/11/2017 16:31:44.216,0.117187,0.268555,0.366211,0.126953,0.463867,1.28418,2
17/11/2017 16:31:45.220,0.117187,0.268555,0.366211,0.126953,0.463867,1.28418,2
17/11/2017 16:31:46.220,0.117187,0.268555,0.366211,0.126953,0.463867,1.28418,2
17/11/2017 16:31:47.219,0.117187,0.268555,0.366211,0.126953,0.463867,1.279297,2
17/11/2017 16:31:48.219,0.117187,0.268555,0.366211,0.126953,0.463867,1.28418,2
17/11/2017 16:31:49.222,0.117187,0.268555,0.366211,0.126953,0.463867,1.279297,2
17/11/2017 16:31:50.221,0.112305,0.268555,0.366211,0.126953,0.463867,1.279297,2
17/11/2017 16:31:51.222,0.112305,0.268555,0.366211,0.126953,0.463867,1.279297,2
17/11/2017 16:31:52.220,0.117187,0.268555,0.366211,0.126953,0.463867,1.279297,2
17/11/2017 16:31:53.219,0.117187,0.268555,0.366211,0.126953,0.463867,1.279297,2
17/11/2017 16:31:54.222,0.117187,0.268555,0.366211,0.126953,0.463867,1.28418,2
17/11/2017 16:31:55.222,0.117187,0.268555,0.366211,0.126953,0.463867,1.279297,2
17/11/2017 16:31:56.221,0.112305,0.268555,0.366211,0.12207,0.463867,1.279297,2
17/11/2017 16:31:57.221,0.117187,0.268555,0.366211,0.126953,0.463867,1.279297,2
17/11/2017 16:31:58.221,0.117187,0.268555,0.366211,0.126953,0.463867,1.279297,2
17/11/2017 16:31:59.224,0.112305,0.268555,0.366211,0.126953,0.463867,1.279297,2
17/11/2017 16:32:00.223,0.117187,0.268555,0.366211,0.126953,0.463867,1.279297,2
17/11/2017 16:32:01.223,0.117187,0.268555,0.366211,0.126953,0.463867,1.279297,2
17/11/2017 16:32:02.222,0.112305,0.268555,0.366211,0.126953,0.463867,1.279297,2
17/11/2017 16:32:03.225,0.112305,0.268555,0.366211,0.126953,0.463867,1.279297,2
17/11/2017 16:32:04.225,0.117187,0.268555,0.366211,0.126953,0.463867,1.279297,2
17/11/2017 16:32:05.224,0.117187,0.268555,0.366211,0.126953,0.463867,1.279297,2
17/11/2017 16:32:06.224,0.112305,0.268555,0.366211,0.126953,0.463867,1.279297,2
17/11/2017 16:32:07.223,0.117187,0.268555,0.366211,0.126953,0.463867,1.279297,2
17/11/2017 16:32:08.223,0.117187,0.268555,0.366211,0.126953,0.463867,1.28418,2
17/11/2017 16:32:09.226,0.117187,0.268555,0.366211,0.126953,0.463867,1.279297,2
17/11/2017 16:32:10.225,0.117187,0.268555,0.366211,0.126953,0.463867,1.279297,2
17/11/2017 16:32:11.228,0.117187,0.268555,0.366211,0.126953,0.463867,1.279297,2
17/11/2017 16:32:12.228,0.117187,0.268555,0.366211,0.126953,0.463867,1.279297,2
17/11/2017 16:32:13.228,0.117187,0.268555,0.366211,0.126953,0.463867,1.279297,2
17/11/2017 16:32:14.228,0.117187,0.268555,0.366211,0.126953,0.463867,1.279297,2
17/11/2017 16:32:15.226,0.117187,0.268555,0.366211,0.126953,0.463867,1.279297,2
17/11/2017 16:32:16.226,0.117187,0.268555,0.366211,0.126953,0.463867,1.279297,2
17/11/2017 16:32:17.229,0.112305,0.268555,0.366211,0.126953,0.463867,1.279297,2
17/11/2017 16:32:18.228,0.117187,0.268555,0.366211,0.126953,0.463867,1.279297,2
17/11/2017 16:32:19.227,0.117187,0.268555,0.366211,0.126953,0.463867,1.279297,2
17/11/2017 16:32:20.227,0.117187,0.268555,0.366211,0.126953,0.463867,1.279297,2
17/11/2017 16:32:21.231,0.117187,0.268555,0.366211,0.126953,0.463867,1.279297,2
17/11/2017 16:32:22.230,0.117187,0.268555,0.366211,0.126953,0.463867,1.279297,2
17/11/2017 16:32:23.231,0.117187,0.268555,0.366211,0.126953,0.463867,1.279297,2
17/11/2017 16:32:24.228,0.112305,0.268555,0.366211,0.126953,0.463867,1.279297,2
17/11/2017 16:32:25.229,0.117187,0.268555,0.366211,0.126953,0.463867,1.279297,2
17/11/2017 16:32:26.227,0.117187,0.268555,0.366211,0.126953,0.463867,1.279297,2
17/11/2017 16:32:27.231,0.117187,0.268555,0.366211,0.126953,0.463867,1.274414,2
17/11/2017 16:32:28.230,0.117187,0.268555,0.366211,0.126953,0.463867,1.279297,2
17/11/2017 16:32:29.231,0.117187,0.268555,0.366211,0.126953,0.463867,1.279297,2
17/11/2017 16:32:30.229,0.117187,0.268555,0.366211,0.12207,0.463867,1.279297,2
17/11/2017 16:32:31.233,0.117187,0.268555,0.366211,0.126953,0.463867,1.279297,2
17/11/2017 16:32:32.231,0.117187,0.268555,0.366211,0.126953,0.463867,1.279297,2
17/11/2017 16:32:33.231,0.117187,0.268555,0.366211,0.126953,0.463867,1.279297,2
17/11/2017 16:32:34.236,0.117187,0.268555,0.366211,0.126953,0.463867,1.274414,2
17/11/2017 16:32:35.235,0.117187,0.268555,0.366211,0.126953,0.463867,1.279297,2
17/11/2017 16:32:36.235,0.117187,0.268555,0.366211,0.126953,0.463867,1.279297,2
17/11/2017 16:32:37.233,0.117187,0.268555,0.366211,0.126953,0.463867,1.274414,2
17/11/2017 16:32:38.235,0.117187,0.268555,0.366211,0.126953,0.463867,1.274414,2
17/11/2017 16:32:39.236,0.117187,0.268555,0.366211,0.126953,0.463867,1.274414,2
17/11/2017 16:32:40.234,0.117187,0.268555,0.366211,0.126953,0.463867,1.274414,2
17/11/2017 16:32:41.233,0.117187,0.268555,0.366211,0.126953,0.463867,1.274414,2
17/11/2017 16:32:42.234,0.117187,0.268555,0.366211,0.126953,0.463867,1.274414,2
17/11/2017 16:32:43.236,0.112305,0.268555,0.366211,0.12207,0.463867,1.274414,2
17/11/2017 16:32:44.235,0.117187,0.268555,0.366211,0.126953,0.463867,1.274414,2
17/11/2017 16:32:45.236,0.117187,0.268555,0.366211,0.126953,0.463867,1.274414,2
17/11/2017 16:32:46.234,0.117187,0.268555,0.366211,0.126953,0.463867,1.274414,2
17/11/2017 16:32:47.240,0.117187,0.268555,0.366211,0.12207,0.463867,1.274414,2
17/11/2017 16:32:48.239,0.117187,0.268555,0.366211,0.12207,0.463867,1.274414,2
17/11/2017 16:32:49.237,0.112305,0.268555,0.366211,0.12207,0.463867,1.274414,2
17/11/2017 16:32:50.236,0.117187,0.268555,0.366211,0.126953,0.463867,1.274414,2
17/11/2017 16:32:51.240,0.117187,0.268555,0.366211,0.126953,0.463867,1.274414,2
17/11/2017 16:32:52.240,0.117187,0.268555,0.366211,0.126953,0.463867,1.274414,2
17/11/2017 16:32:53.239,0.117187,0.268555,0.366211,0.126953,0.463867,1.274414,2
17/11/2017 16:32:54.242,0.117187,0.268555,0.366211,0.126953,0.463867,1.274414,2
17/11/2017 16:32:55.242,0.117187,0.268555,0.366211,0.12207,0.463867,1.274414,2
17/11/2017 16:32:56.241,0.112305,0.268555,0.366211,0.126953,0.463867,1.274414,2
17/11/2017 16:32:57.241,0.117187,0.268555,0.366211,0.126953,0.463867,1.274414,2
17/11/2017 16:32:58.240,0.117187,0.268555,0.366211,0.126953,0.463867,1.274414,2
17/11/2017 16:32:59.239,0.117187,0.268555,0.366211,0.12207,0.463867,1.274414,2
17/11/2017 16:33:00.242,0.117187,0.268555,0.366211,0.126953,0.463867,1.274414,2
17/11/2017 16:33:01.241,0.112305,0.268555,0.366211,0.12207,0.463867,1.274414,2
17/11/2017 16:33:02.242,0.117187,0.268555,0.366211,0.126953,0.463867,1.274414,2
17/11/2017 16:33:03.245,0.112305,0.268555,0.366211,0.12207,0.463867,1.274414,2
17/11/2017 16:33:04.245,0.117187,0.268555,0.366211,0.126953,0.463867,1.274414,2
17/11/2017 16:33:05.244,0.117187,0.268555,0.366211,0.12207,0.463867,1.274414,2
17/11/2017 16:33:06.247,0.117187,0.273437,0.366211,0.126953,0.463867,1.274414,2
17/11/2017 16:33:07.247,0.117187,0.268555,0.366211,0.126953,0.463867,1.274414,2
17/11/2017 16:33:08.247,0.117187,0.273437,0.366211,0.12207,0.463867,1.269531,2
17/11/2017 16:33:09.245,0.117187,0.268555,0.366211,0.12207,0.463867,1.274414,2
17/11/2017 16:33:10.244,0.117187,0.268555,0.366211,0.126953,0.463867,1.269531,2
17/11/2017 16:33:11.248,0.117187,0.268555,0.366211,0.12207,0.463867,1.269531,2
17/11/2017 16:33:12.248,0.117187,0.268555,0.366211,0.126953,0.463867,1.274414,2
17/11/2017 16:33:13.247,0.117187,0.268555,0.366211,0.126953,0.463867,1.269531,2
17/11/2017 16:33:14.246,0.117187,0.268555,0.366211,0.12207,0.463867,1.269531,2
17/11/2017 16:33:15.245,0.117187,0.273437,0.366211,0.126953,0.463867,1.269531,2
17/11/2017 16:33:16.248,0.117187,0.273437,0.366211,0.126953,0.463867,1.269531,2
17/11/2017 16:33:17.249,0.117187,0.273437,0.366211,0.12207,0.463867,1.269531,2
17/11/2017 16:33:18.248,0.117187,0.268555,0.366211,0.126953,0.463867,1.269531,2
17/11/2017 16:33:19.247,0.117187,0.273437,0.366211,0.12207,0.463867,1.269531,2
17/11/2017 16:33:20.251,0.117187,0.268555,0.366211,0.126953,0.463867,1.269531,2
17/11/2017 16:33:21.249,0.117187,0.268555,0.366211,0.126953,0.463867,1.269531,2
17/11/2017 16:33:22.249,0.112305,0.273437,0.366211,0.126953,0.463867,1.269531,2
17/11/2017 16:33:23.249,0.112305,0.273437,0.366211,0.12207,0.463867,1.269531,2
17/11/2017 16:33:24.249,0.117187,0.268555,0.366211,0.126953,0.463867,1.269531,2
17/11/2017 16:33:25.247,0.117187,0.268555,0.366211,0.12207,0.463867,1.269531,2
17/11/2017 16:33:26.250,0.117187,0.268555,0.366211,0.126953,0.463867,1.269531,2
17/11/2017 16:33:27.249,0.117187,0.268555,0.366211,0.12207,0.463867,1.269531,2
17/11/2017 16:33:28.250,0.117187,0.268555,0.366211,0.126953,0.463867,1.269531,2
17/11/2017 16:33:29.249,0.117187,0.273437,0.366211,0.126953,0.463867,1.269531,2
17/11/2017 16:33:30.249,0.117187,0.268555,0.366211,0.126953,0.463867,1.269531,2
17/11/2017 16:33:31.252,0.117187,0.268555,0.366211,0.126953,0.463867,1.269531,2
17/11/2017 16:33:32.252,0.117187,0.273437,0.366211,0.126953,0.463867,1.269531,2
17/11/2017 16:33:33.252,0.117187,0.268555,0.366211,0.12207,0.463867,1.269531,2
17/11/2017 16:33:34.250,0.117187,0.273437,0.371094,0.126953,0.463867,1.269531,2
17/11/2017 16:33:35.254,0.117187,0.273437,0.366211,0.126953,0.463867,1.269531,2
17/11/2017 16:33:36.253,0.117187,0.273437,0.366211,0.126953,0.463867,1.269531,2
17/11/2017 16:33:37.252,0.117187,0.273437,0.366211,0.126953,0.463867,1.269531,2
17/11/2017 16:33:38.252,0.117187,0.268555,0.366211,0.126953,0.463867,1.269531,2
17/11/2017 16:33:39.255,0.117187,0.273437,0.366211,0.12207,0.463867,1.269531,2
17/11/2017 16:33:40.254,0.117187,0.268555,0.371094,0.126953,0.463867,1.269531,2
17/11/2017 16:33:41.255,0.117187,0.268555,0.366211,0.126953,0.463867,1.269531,2
17/11/2017 16:33:42.253,0.117187,0.273437,0.366211,0.126953,0.463867,1.269531,2
17/11/2017 16:33:43.252,0.117187,0.273437,0.366211,0.126953,0.463867,1.269531,2
17/11/2017 16:33:44.256,0.117187,0.273437,0.366211,0.12207,0.463867,1.269531,2
17/11/2017 16:33:45.256,0.117187,0.273437,0.366211,0.126953,0.463867,1.269531,2
17/11/2017 16:33:46.255,0.117187,0.273437,0.366211,0.126953,0.463867,1.269531,2
17/11/2017 16:33:47.253,0.117187,0.273437,0.366211,0.126953,0.463867,1.269531,2
17/11/2017 16:33:48.258,0.117187,0.268555,0.366211,0.126953,0.463867,1.269531,2
17/11/2017 16:33:49.257,0.117187,0.273437,0.366211,0.126953,0.463867,1.269531,2
17/11/2017 16:33:50.256,0.117187,0.273437,0.371094,0.126953,0.463867,1.269531,2
17/11/2017 16:33:51.255,0.117187,0.273437,0.366211,0.126953,0.463867,1.269531,2
17/11/2017 16:33:52.254,0.117187,0.273437,0.366211,0.126953,0.463867,1.269531,2
17/11/2017 16:33:53.255,0.117187,0.273437,0.371094,0.12207,0.463867,1.269531,2
17/11/2017 16:33:54.258,0.117187,0.273437,0.371094,0.126953,0.463867,1.269531,2
17/11/2017 16:33:55.257,0.117187,0.268555,0.366211,0.12207,0.463867,1.269531,2
17/11/2017 16:33:56.256,0.117187,0.273437,0.371094,0.126953,0.463867,1.269531,2
17/11/2017 16:33:57.261,0.117187,0.268555,0.371094,0.126953,0.463867,1.269531,2
17/11/2017 16:33:58.259,0.117187,0.273437,0.371094,0.12207,0.463867,1.269531,2
17/11/2017 16:33:59.259,0.117187,0.273437,0.371094,0.12207,0.463867,1.269531,2
17/11/2017 16:34:00.259,0.117187,0.268555,0.371094,0.12207,0.463867,1.269531,2
17/11/2017 16:34:01.258,0.117187,0.273437,0.371094,0.126953,0.463867,1.269531,2
17/11/2017 16:34:02.260,0.117187,0.273437,0.371094,0.126953,0.463867,1.269531,2
17/11/2017 16:34:03.261,0.117187,0.273437,0.371094,0.12207,0.463867,1.269531,2
17/11/2017 16:34:04.260,0.117187,0.273437,0.371094,0.12207,0.463867,1.269531,2
17/11/2017 16:34:05.258,0.117187,0.273437,0.371094,0.126953,0.463867,1.269531,2
17/11/2017 16:34:06.262,0.117187,0.273437,0.366211,0.12207,0.463867,1.269531,2
17/11/2017 16:34:07.262,0.117187,0.273437,0.371094,0.126953,0.463867,1.269531,2
17/11/2017 16:34:08.261,0.117187,0.273437,0.371094,0.126953,0.463867,1.269531,2
17/11/2017 16:34:09.260,0.117187,0.273437,0.371094,0.12207,0.463867,1.269531,2
17/11/2017 16:34:10.259,0.117187,0.273437,0.371094,0.126953,0.463867,1.269531,2
17/11/2017 16:34:11.263,0.117187,0.273437,0.371094,0.126953,0.463867,1.269531,2
17/11/2017 16:34:12.263,0.117187,0.268555,0.371094,0.12207,0.463867,1.269531,2
17/11/2017 16:34:13.262,0.117187,0.273437,0.371094,0.12207,0.463867,1.269531,2
17/11/2017 16:34:14.261,0.117187,0.273437,0.371094,0.12207,0.463867,1.269531,2
17/11/2017 16:34:15.260,0.117187,0.273437,0.371094,0.126953,0.463867,1.269531,2
17/11/2017 16:34:16.265,0.117187,0.273437,0.371094,0.126953,0.463867,1.269531,2
17/11/2017 16:34:17.265,0.117187,0.273437,0.371094,0.12207,0.463867,1.269531,2
17/11/2017 16:34:18.263,0.117187,0.273437,0.371094,0.12207,0.463867,1.269531,2
17/11/2017 16:34:19.263,0.117187,0.273437,0.371094,0.126953,0.463867,1.269531,2
17/11/2017 16:34:20.262,0.117187,0.273437,0.371094,0.126953,0.463867,1.269531,2
17/11/2017 16:34:21.261,0.117187,0.273437,0.371094,0.126953,0.463867,1.269531,2
17/11/2017 16:34:22.264,0.117187,0.273437,0.371094,0.126953,0.463867,1.269531,2
17/11/2017 16:34:23.265,0.117187,0.273437,0.371094,0.12207,0.463867,1.269531,2
17/11/2017 16:34:24.263,0.117187,0.273437,0.371094,0.126953,0.463867,1.269531,2
17/11/2017 16:34:25.263,0.117187,0.273437,0.371094,0.12207,0.463867,1.269531,2
17/11/2017 16:34:26.262,0.117187,0.273437,0.371094,0.12207,0.463867,1.269531,2
17/11/2017 16:34:27.265,0.117187,0.273437,0.371094,0.126953,0.463867,1.269531,2
17/11/2017 16:34:28.265,0.117187,0.273437,0.371094,0.12207,0.463867,1.269531,2
17/11/2017 16:34:29.263,0.117187,0.273437,0.371094,0.12207,0.463867,1.269531,2
17/11/2017 16:34:30.264,0.117187,0.273437,0.371094,0.126953,0.463867,1.269531,2
17/11/2017 16:34:31.266,0.117187,0.273437,0.371094,0.126953,0.463867,1.269531,2
17/11/2017 16:34:32.266,0.117187,0.273437,0.371094,0.12207,0.463867,1.269531,2
17/11/2017 16:34:33.266,0.117187,0.273437,0.371094,0.126953,0.463867,1.269531,2
17/11/2017 16:34:34.267,0.117187,0.273437,0.371094,0.12207,0.463867,1.269531,2
17/11/2017 16:34:35.269,0.117187,0.273437,0.371094,0.126953,0.463867,1.269531,2
17/11/2017 16:34:36.268,0.117187,0.273437,0.371094,0.12207,0.463867,1.269531,2
17/11/2017 16:34:37.267,0.117187,0.273437,0.371094,0.126953,0.463867,1.269531,2
17/11/2017 16:34:38.271,0.117187,0.273437,0.371094,0.126953,0.463867,1.269531,2
17/11/2017 16:34:39.270,0.117187,0.273437,0.371094,0.126953,0.463867,1.264648,2
17/11/2017 16:34:40.273,0.117187,0.273437,0.371094,0.126953,0.463867,1.264648,2
17/11/2017 16:34:41.273,0.117187,0.268555,0.371094,0.12207,0.463867,1.269531,2
17/11/2017 16:34:42.272,0.117187,0.273437,0.371094,0.126953,0.463867,1.269531,2
17/11/2017 16:34:43.272,0.117187,0.273437,0.371094,0.12207,0.463867,1.269531,2
17/11/2017 16:34:44.272,0.117187,0.273437,0.371094,0.126953,0.463867,1.269531,2
17/11/2017 16:34:45.270,0.117187,0.273437,0.371094,0.12207,0.463867,1.269531,2
17/11/2017 16:34:46.275,0.117187,0.273437,0.371094,0.12207,0.463867,1.269531,2
17/11/2017 16:34:47.274,0.117187,0.273437,0.371094,0.12207,0.463867,1.269531,2
17/11/2017 16:34:48.272,0.117187,0.273437,0.371094,0.126953,0.463867,1.264648,2
17/11/2017 16:34:49.272,0.117187,0.273437,0.371094,0.12207,0.463867,1.264648,2
17/11/2017 16:34:50.276,0.117187,0.273437,0.371094,0.12207,0.463867,1.264648,2
17/11/2017 16:34:51.276,0.117187,0.273437,0.371094,0.12207,0.463867,1.264648,2
17/11/2017 16:34:52.274,0.117187,0.273437,0.371094,0.12207,0.463867,1.269531,2
17/11/2017 16:34:53.274,0.117187,0.273437,0.371094,0.12207,0.463867,1.269531,2
17/11/2017 16:34:54.277,0.117187,0.273437,0.371094,0.126953,0.463867,1.264648,2
17/11/2017 16:34:55.276,0.117187,0.273437,0.371094,0.12207,0.463867,1.269531,2
17/11/2017 16:34:56.276,0.117187,0.273437,0.371094,0.12207,0.463867,1.269531,2
17/11/2017 16:34:57.280,0.117187,0.273437,0.371094,0.12207,0.463867,1.269531,2
17/11/2017 16:34:58.279,0.117187,0.273437,0.371094,0.126953,0.463867,1.269531,2
17/11/2017 16:34:59.279,0.117187,0.273437,0.371094,0.12207,0.463867,1.269531,2
17/11/2017 16:35:00.278,0.117187,0.273437,0.371094,0.12207,0.463867,1.269531,2
17/11/2017 16:35:01.277,0.117187,0.273437,0.371094,0.12207,0.46875,1.269531,2
17/11/2017 16:35:02.276,0.117187,0.273437,0.371094,0.12207,0.463867,1.269531,2
17/11/2017 16:35:03.280,0.117187,0.273437,0.371094,0.12207,0.463867,1.269531,2
17/11/2017 16:35:04.278,0.117187,0.273437,0.371094,0.12207,0.463867,1.269531,2
17/11/2017 16:35:05.279,0.117187,0.273437,0.371094,0.12207,0.463867,1.269531,2
17/11/2017 16:35:06.279,0.117187,0.273437,0.371094,0.12207,0.463867,1.269531,2
17/11/2017 16:35:07.281,0.117187,0.273437,0.371094,0.12207,0.463867,1.264648,2
17/11/2017 16:35:08.281,0.117187,0.273437,0.371094,0.12207,0.463867,1.269531,2
17/11/2017 16:35:09.279,0.117187,0.273437,0.371094,0.12207,0.463867,1.264648,2
17/11/2017 16:35:10.279,0.117187,0.273437,0.371094,0.12207,0.463867,1.264648,2
17/11/2017 16:35:11.279,0.117187,0.273437,0.371094,0.12207,0.463867,1.264648,2
17/11/2017 16:35:12.281,0.117187,0.273437,0.371094,0.12207,0.463867,1.264648,2
17/11/2017 16:35:13.281,0.117187,0.273437,0.371094,0.126953,0.463867,1.264648,2
17/11/2017 16:35:14.282,0.117187,0.273437,0.371094,0.12207,0.463867,1.264648,2
17/11/2017 16:35:15.283,0.117187,0.273437,0.371094,0.12207,0.463867,1.264648,2
17/11/2017 16:35:16.283,0.117187,0.273437,0.371094,0.12207,0.463867,1.264648,2
17/11/2017 16:35:17.283,0.117187,0.273437,0.371094,0.12207,0.463867,1.264648,2
17/11/2017 16:35:18.282,0.117187,0.273437,0.371094,0.12207,0.463867,1.264648,2
17/11/2017 16:35:19.281,0.117187,0.273437,0.371094,0.12207,0.463867,1.264648,2
17/11/2017 16:35:20.285,0.117187,0.273437,0.371094,0.12207,0.463867,1.264648,2
17/11/2017 16:35:21.285,0.117187,0.273437,0.371094,0.126953,0.463867,1.264648,2
17/11/2017 16:35:22.285,0.117187,0.273437,0.371094,0.12207,0.463867,1.264648,2
17/11/2017 16:35:23.288,0.117187,0.273437,0.371094,0.12207,0.463867,1.264648,2
17/11/2017 16:35:24.287,0.117187,0.273437,0.371094,0.12207,0.463867,1.264648,2
17/11/2017 16:35:25.287,0.117187,0.273437,0.371094,0.12207,0.463867,1.264648,2
17/11/2017 16:35:26.285,0.117187,0.273437,0.371094,0.12207,0.463867,1.264648,2
17/11/2017 16:35:27.284,0.117187,0.273437,0.371094,0.12207,0.463867,1.264648,2
17/11/2017 16:35:28.289,0.117187,0.273437,0.371094,0.12207,0.463867,1.264648,2
17/11/2017 16:35:29.287,0.117187,0.273437,0.371094,0.12207,0.463867,1.264648,2
17/11/2017 16:35:30.287,0.117187,0.273437,0.371094,0.126953,0.463867,1.264648,2
17/11/2017 16:35:31.287,0.117187,0.273437,0.371094,0.12207,0.463867,1.264648,2
17/11/2017 16:35:32.290,0.117187,0.273437,0.371094,0.12207,0.463867,1.264648,2
17/11/2017 16:35:33.290,0.117187,0.273437,0.371094,0.12207,0.463867,1.264648,2
17/11/2017 16:35:34.289,0.117187,0.273437,0.371094,0.12207,0.463867,1.264648,2
17/11/2017 16:35:35.288,0.117187,0.273437,0.371094,0.126953,0.463867,1.264648,2
17/11/2017 16:35:36.291,0.117187,0.273437,0.371094,0.12207,0.463867,1.264648,2
17/11/2017 16:35:37.291,0.117187,0.273437,0.371094,0.126953,0.463867,1.264648,2
17/11/2017 16:35:38.290,0.117187,0.273437,0.371094,0.12207,0.463867,1.264648,2
17/11/2017 16:35:39.289,0.117187,0.273437,0.371094,0.12207,0.463867,1.264648,2
17/11/2017 16:35:40.289,0.117187,0.273437,0.375977,0.12207,0.463867,1.264648,2
17/11/2017 16:35:41.292,0.117187,0.273437,0.371094,0.126953,0.463867,1.264648,2
17/11/2017 16:35:42.291,0.117187,0.273437,0.371094,0.126953,0.463867,1.264648,2
17/11/2017 16:35:43.295,0.117187,0.273437,0.371094,0.12207,0.463867,1.264648,2
17/11/2017 16:35:44.295,0.117187,0.273437,0.371094,0.12207,0.463867,1.259766,2
17/11/2017 16:35:45.294,0.117187,0.273437,0.371094,0.12207,0.463867,1.259766,2
17/11/2017 16:35:46.292,0.117187,0.273437,0.371094,0.12207,0.463867,1.259766,2
17/11/2017 16:35:47.292,0.117187,0.273437,0.371094,0.12207,0.463867,1.259766,2
17/11/2017 16:35:48.297,0.117187,0.273437,0.371094,0.12207,0.463867,1.259766,2
17/11/2017 16:35:49.295,0.117187,0.273437,0.371094,0.12207,0.463867,1.259766,2
17/11/2017 16:35:50.296,0.117187,0.273437,0.375977,0.12207,0.463867,1.259766,2
17/11/2017 16:35:51.299,0.117187,0.273437,0.375977,0.126953,0.463867,1.259766,2
17/11/2017 16:35:52.297,0.117187,0.273437,0.375977,0.12207,0.463867,1.259766,2
17/11/2017 16:35:53.297,0.117187,0.273437,0.375977,0.12207,0.463867,1.259766,2
17/11/2017 16:35:54.300,0.117187,0.273437,0.371094,0.12207,0.463867,1.259766,2
17/11/2017 16:35:55.300,0.117187,0.273437,0.375977,0.12207,0.463867,1.259766,2
17/11/2017 16:35:56.301,0.117187,0.273437,0.375977,0.12207,0.463867,1.259766,2
17/11/2017 16:35:57.303,0.117187,0.273437,0.375977,0.12207,0.463867,1.259766,2
17/11/2017 16:35:58.302,0.117187,0.273437,0.375977,0.126953,0.463867,1.259766,2
17/11/2017 16:35:59.301,0.117187,0.273437,0.375977,0.12207,0.463867,1.259766,2
17/11/2017 16:36:00.305,0.117187,0.273437,0.375977,0.12207,0.463867,1.264648,2
17/11/2017 16:36:01.304,0.117187,0.273437,0.375977,0.126953,0.463867,1.264648,2
17/11/2017 16:36:02.305,0.117187,0.273437,0.375977,0.12207,0.463867,1.259766,2
17/11/2017 16:36:03.303,0.117187,0.273437,0.375977,0.12207,0.463867,1.259766,2
17/11/2017 16:36:04.301,0.117187,0.273437,0.375977,0.12207,0.463867,1.259766,2
17/11/2017 16:36:05.307,0.117187,0.273437,0.375977,0.12207,0.463867,1.259766,2
17/11/2017 16:36:06.306,0.117187,0.273437,0.375977,0.12207,0.463867,1.259766,2
17/11/2017 16:36:07.305,0.117187,0.273437,0.375977,0.12207,0.463867,1.259766,2
17/11/2017 16:36:08.309,0.117187,0.273437,0.375977,0.12207,0.463867,1.259766,2
17/11/2017 16:36:09.307,0.117187,0.273437,0.375977,0.12207,0.463867,1.259766,2
17/11/2017 16:36:10.306,0.117187,0.273437,0.375977,0.12207,0.463867,1.259766,2
17/11/2017 16:36:11.306,0.117187,0.273437,0.375977,0.12207,0.463867,1.259766,2
17/11/2017 16:36:12.304,0.117187,0.273437,0.375977,0.12207,0.463867,1.259766,2
17/11/2017 16:36:13.304,0.117187,0.273437,0.375977,0.12207,0.463867,1.259766,2
17/11/2017 16:36:14.308,0.117187,0.273437,0.375977,0.12207,0.463867,1.259766,2
17/11/2017 16:36:15.308,0.117187,0.273437,0.375977,0.12207,0.463867,1.259766,2
17/11/2017 16:36:16.312,0.117187,0.273437,0.375977,0.12207,0.463867,1.259766,2
17/11/2017 16:36:17.311,0.117187,0.273437,0.375977,0.126953,0.463867,1.259766,2
17/11/2017 16:36:18.309,0.117187,0.273437,0.375977,0.12207,0.463867,1.259766,2
17/11/2017 16:36:19.309,0.117187,0.273437,0.375977,0.12207,0.463867,1.259766,2
17/11/2017 16:36:20.309,0.117187,0.273437,0.375977,0.126953,0.463867,1.259766,2
17/11/2017 16:36:21.312,0.117187,0.273437,0.375977,0.12207,0.463867,1.259766,2
17/11/2017 16:36:22.311,0.117187,0.273437,0.375977,0.12207,0.463867,1.259766,2
17/11/2017 16:36:23.311,0.117187,0.273437,0.375977,0.12207,0.463867,1.259766,2
17/11/2017 16:36:24.310,0.117187,0.273437,0.375977,0.12207,0.463867,1.259766,2
17/11/2017 16:36:25.309,0.117187,0.273437,0.375977,0.12207,0.463867,1.259766,2
17/11/2017 16:36:26.314,0.117187,0.273437,0.375977,0.12207,0.463867,1.259766,2
17/11/2017 16:36:27.311,0.117187,0.273437,0.375977,0.12207,0.463867,1.259766,2
17/11/2017 16:36:28.312,0.117187,0.273437,0.375977,0.12207,0.463867,1.259766,2
17/11/2017 16:36:29.316,0.117187,0.273437,0.375977,0.12207,0.463867,1.259766,2
17/11/2017 16:36:30.315,0.117187,0.273437,0.375977,0.12207,0.463867,1.259766,2
17/11/2017 16:36:31.315,0.117187,0.273437,0.375977,0.12207,0.463867,1.259766,2
17/11/2017 16:36:32.313,0.117187,0.273437,0.375977,0.12207,0.463867,1.259766,2
17/11/2017 16:36:33.312,0.117187,0.273437,0.375977,0.126953,0.463867,1.259766,2
17/11/2017 16:36:34.315,0.117187,0.273437,0.375977,0.12207,0.463867,1.259766,2
17/11/2017 16:36:35.315,0.117187,0.273437,0.375977,0.12207,0.463867,1.259766,2
17/11/2017 16:36:36.315,0.117187,0.273437,0.375977,0.12207,0.463867,1.259766,2
17/11/2017 16:36:37.314,0.117187,0.273437,0.375977,0.12207,0.463867,1.259766,2
17/11/2017 16:36:38.317,0.117187,0.273437,0.375977,0.12207,0.463867,1.259766,2
17/11/2017 16:36:39.317,0.117187,0.273437,0.375977,0.12207,0.463867,1.259766,2
17/11/2017 16:36:40.315,0.117187,0.273437,0.375977,0.12207,0.463867,1.264648,2
17/11/2017 16:36:41.315,0.117187,0.273437,0.375977,0.12207,0.463867,1.259766,2
17/11/2017 16:36:42.320,0.117187,0.273437,0.375977,0.12207,0.463867,1.259766,2
17/11/2017 16:36:43.318,0.117187,0.273437,0.375977,0.12207,0.463867,1.264648,2
17/11/2017 16:36:44.318,0.117187,0.273437,0.375977,0.12207,0.463867,1.264648,2
17/11/2017 16:36:45.318,0.117187,0.27832,0.375977,0.12207,0.463867,1.264648,2
17/11/2017 16:36:46.318,0.117187,0.273437,0.375977,0.12207,0.463867,1.264648,2
17/11/2017 16:36:47.320,0.117187,0.273437,0.375977,0.12207,0.463867,1.264648,2
17/11/2017 16:36:48.319,0.117187,0.273437,0.375977,0.126953,0.463867,1.264648,2
17/11/2017 16:36:49.319,0.117187,0.27832,0.375977,0.12207,0.463867,1.259766,2
17/11/2017 16:36:50.323,0.117187,0.273437,0.375977,0.126953,0.463867,1.259766,2
17/11/2017 16:36:51.321,0.117187,0.273437,0.375977,0.12207,0.463867,1.259766,2
17/11/2017 16:36:52.320,0.117187,0.273437,0.375977,0.12207,0.463867,1.259766,2
17/11/2017 16:36:53.325,0.117187,0.273437,0.375977,0.12207,0.463867,1.259766,2
17/11/2017 16:36:54.323,0.117187,0.273437,0.375977,0.12207,0.463867,1.259766,2
17/11/2017 16:36:55.323,0.117187,0.273437,0.375977,0.12207,0.463867,1.259766,2
17/11/2017 16:36:56.322,0.117187,0.273437,0.375977,0.12207,0.463867,1.259766,2
17/11/2017 16:36:57.326,0.117187,0.273437,0.375977,0.12207,0.458984,1.259766,2
17/11/2017 16:36:58.324,0.117187,0.273437,0.375977,0.12207,0.454102,1.254883,2
17/11/2017 16:36:59.325,0.117187,0.268555,0.371094,0.12207,0.449219,1.25,2
17/11/2017 16:37:00.323,0.117187,0.263672,0.371094,0.12207,0.444336,1.245117,2
17/11/2017 16:37:01.323,0.117187,0.258789,0.366211,0.12207,0.444336,1.235352,2
17/11/2017 16:37:02.323,0.117187,0.253906,0.366211,0.12207,0.439453,1.230469,2
17/11/2017 16:37:03.327,0.117187,0.253906,0.361328,0.12207,0.439453,1.220703,2
17/11/2017 16:37:04.325,0.117187,0.249023,0.356445,0.12207,0.43457,1.210937,2
17/11/2017 16:37:05.325,0.117187,0.244141,0.351562,0.12207,0.43457,1.201172,2
17/11/2017 16:37:06.325,0.117187,0.244141,0.351562,0.12207,0.429687,1.191406,2
17/11/2017 16:37:07.324,0.117187,0.239258,0.34668,0.12207,0.429687,1.181641,2
17/11/2017 16:37:08.323,0.117187,0.239258,0.34668,0.12207,0.429687,1.171875,2
17/11/2017 16:37:09.324,0.117187,0.234375,0.341797,0.117187,0.424805,1.166992,2
17/11/2017 16:37:10.325,0.117187,0.234375,0.341797,0.117187,0.424805,1.157227,2
17/11/2017 16:37:11.325,0.117187,0.229492,0.336914,0.117187,0.424805,1.147461,2
17/11/2017 16:37:12.325,0.112305,0.229492,0.336914,0.117187,0.424805,1.137695,2
17/11/2017 16:37:13.329,0.112305,0.229492,0.332031,0.117187,0.419922,1.12793,2
17/11/2017 16:37:14.327,0.112305,0.224609,0.332031,0.117187,0.419922,1.123047,2
17/11/2017 16:37:15.326,0.112305,0.224609,0.327148,0.117187,0.419922,1.113281,2
17/11/2017 16:37:16.326,0.112305,0.224609,0.327148,0.117187,0.419922,1.103516,2
17/11/2017 16:37:17.329,0.112305,0.219727,0.322266,0.117187,0.419922,1.098633,2
17/11/2017 16:37:18.328,0.112305,0.219727,0.322266,0.117187,0.419922,1.088867,2
17/11/2017 16:37:19.328,0.112305,0.219727,0.317383,0.117187,0.415039,1.079102,2
17/11/2017 16:37:20.327,0.112305,0.214844,0.317383,0.117187,0.415039,1.074219,2
17/11/2017 16:37:21.332,0.112305,0.214844,0.317383,0.117187,0.415039,1.069336,2
17/11/2017 16:37:22.331,0.112305,0.214844,0.3125,0.117187,0.415039,1.05957,2
17/11/2017 16:37:23.330,0.112305,0.209961,0.3125,0.117187,0.410156,1.054687,2
17/11/2017 16:37:24.329,0.112305,0.209961,0.3125,0.117187,0.410156,1.049805,2
17/11/2017 16:37:25.329,0.112305,0.209961,0.307617,0.117187,0.410156,1.044922,2
17/11/2017 16:37:26.328,0.112305,0.209961,0.307617,0.117187,0.410156,1.035156,2
17/11/2017 16:37:27.332,0.112305,0.205078,0.307617,0.117187,0.410156,1.030273,2
17/11/2017 16:37:28.330,0.112305,0.205078,0.307617,0.117187,0.405273,1.025391,2
17/11/2017 16:37:29.335,0.112305,0.205078,0.302734,0.117187,0.405273,1.020508,2
17/11/2017 16:37:30.335,0.112305,0.205078,0.302734,0.112305,0.405273,1.015625,2
17/11/2017 16:37:31.333,0.112305,0.205078,0.302734,0.117187,0.405273,1.010742,2
17/11/2017 16:37:32.332,0.112305,0.200195,0.297852,0.117187,0.405273,1.005859,2
17/11/2017 16:37:33.332,0.112305,0.200195,0.297852,0.112305,0.405273,1.000977,2
17/11/2017 16:37:34.335,0.112305,0.200195,0.297852,0.117187,0.405273,0.996094,2
17/11/2017 16:37:35.335,0.112305,0.200195,0.297852,0.112305,0.400391,0.996094,2
17/11/2017 16:37:36.335,0.112305,0.200195,0.297852,0.112305,0.400391,0.991211,2
17/11/2017 16:37:37.333,0.112305,0.195312,0.292969,0.112305,0.400391,0.986328,2
17/11/2017 16:37:38.334,0.112305,0.195312,0.292969,0.112305,0.400391,0.981445,2
17/11/2017 16:37:39.336,0.112305,0.195312,0.292969,0.112305,0.400391,0.976562,2
17/11/2017 16:37:40.335,0.112305,0.195312,0.292969,0.112305,0.400391,0.976562,2
17/11/2017 16:37:41.334,0.112305,0.195312,0.292969,0.112305,0.400391,0.97168,2
17/11/2017 16:37:42.334,0.112305,0.195312,0.292969,0.112305,0.395508,0.966797,2
17/11/2017 16:37:43.334,0.107422,0.195312,0.292969,0.112305,0.400391,0.966797,2
17/11/2017 16:37:44.338,0.107422,0.19043,0.288086,0.112305,0.395508,0.961914,2
17/11/2017 16:37:45.335,0.107422,0.19043,0.288086,0.112305,0.395508,0.957031,2
17/11/2017 16:37:46.336,0.107422,0.19043,0.288086,0.112305,0.395508,0.957031,2
17/11/2017 16:37:47.335,0.107422,0.19043,0.288086,0.112305,0.395508,0.952148,2
17/11/2017 16:37:48.334,0.107422,0.19043,0.288086,0.112305,0.395508,0.952148,2
17/11/2017 16:37:49.334,0.107422,0.185547,0.288086,0.112305,0.395508,0.947266,2
17/11/2017 16:37:50.338,0.107422,0.185547,0.283203,0.112305,0.395508,0.947266,2
17/11/2017 16:37:51.337,0.107422,0.185547,0.283203,0.112305,0.395508,0.942383,2
17/11/2017 16:37:52.336,0.107422,0.185547,0.283203,0.112305,0.395508,0.9375,2
17/11/2017 16:37:53.339,0.107422,0.185547,0.283203,0.112305,0.390625,0.9375,2
17/11/2017 16:37:54.340,0.107422,0.185547,0.283203,0.112305,0.390625,0.932617,2
17/11/2017 16:37:55.338,0.107422,0.185547,0.283203,0.112305,0.390625,0.932617,2
17/11/2017 16:37:56.338,0.107422,0.185547,0.283203,0.112305,0.390625,0.932617,2
17/11/2017 16:37:57.336,0.107422,0.185547,0.283203,0.112305,0.390625,0.927734,2
17/11/2017 16:37:58.341,0.107422,0.180664,0.283203,0.112305,0.390625,0.927734,2
17/11/2017 16:37:59.339,0.107422,0.180664,0.283203,0.107422,0.390625,0.927734,2
17/11/2017 16:38:00.338,0.107422,0.180664,0.283203,0.112305,0.390625,0.922852,2
17/11/2017 16:38:01.343,0.107422,0.180664,0.27832,0.112305,0.390625,0.917969,2
17/11/2017 16:38:02.342,0.107422,0.180664,0.27832,0.112305,0.390625,0.917969,2
17/11/2017 16:38:03.342,0.107422,0.180664,0.27832,0.112305,0.390625,0.917969,2
17/11/2017 16:38:04.343,0.107422,0.180664,0.27832,0.107422,0.385742,0.913086,2
17/11/2017 16:38:05.340,0.107422,0.180664,0.27832,0.107422,0.385742,0.913086,2
17/11/2017 16:38:06.343,0.107422,0.180664,0.27832,0.107422,0.385742,0.913086,2
17/11/2017 16:38:07.343,0.107422,0.180664,0.27832,0.112305,0.385742,0.908203,2
17/11/2017 16:38:08.342,0.107422,0.175781,0.27832,0.107422,0.385742,0.908203,2
17/11/2017 16:38:09.342,0.107422,0.175781,0.27832,0.107422,0.385742,0.908203,2
17/11/2017 16:38:10.346,0.107422,0.175781,0.27832,0.107422,0.385742,0.90332,2
17/11/2017 16:38:11.345,0.107422,0.175781,0.27832,0.107422,0.385742,0.90332,2
17/11/2017 16:38:12.344,0.107422,0.175781,0.273437,0.107422,0.385742,0.90332,2
17/11/2017 16:38:13.345,0.107422,0.175781,0.273437,0.107422,0.385742,0.898437,2
17/11/2017 16:38:14.343,0.107422,0.175781,0.273437,0.107422,0.385742,0.898437,2
17/11/2017 16:38:15.343,0.107422,0.175781,0.273437,0.107422,0.385742,0.898437,2
17/11/2017 16:38:16.341,0.107422,0.175781,0.273437,0.107422,0.385742,0.898437,2
17/11/2017 16:38:17.345,0.107422,0.175781,0.273437,0.107422,0.385742,0.893555,2
17/11/2017 16:38:18.345,0.107422,0.175781,0.273437,0.107422,0.380859,0.893555,2
17/11/2017 16:38:19.344,0.107422,0.170898,0.273437,0.107422,0.380859,0.893555,2
17/11/2017 16:38:20.343,0.107422,0.170898,0.273437,0.107422,0.380859,0.893555,2
17/11/2017 16:38:21.347,0.107422,0.170898,0.273437,0.107422,0.380859,0.893555,2
17/11/2017 16:38:22.345,0.107422,0.170898,0.273437,0.107422,0.380859,0.888672,2
17/11/2017 16:38:23.345,0.107422,0.170898,0.273437,0.107422,0.380859,0.888672,2
17/11/2017 16:38:24.346,0.107422,0.170898,0.273437,0.107422,0.380859,0.888672,2
17/11/2017 16:38:25.348,0.107422,0.170898,0.273437,0.107422,0.380859,0.888672,2
17/11/2017 16:38:26.348,0.107422,0.170898,0.268555,0.107422,0.380859,0.883789,2
17/11/2017 16:38:27.348,0.102539,0.170898,0.268555,0.107422,0.380859,0.883789,2
17/11/2017 16:38:28.351,0.107422,0.170898,0.268555,0.107422,0.380859,0.883789,2
17/11/2017 16:38:29.349,0.107422,0.170898,0.268555,0.107422,0.380859,0.883789,2
17/11/2017 16:38:30.348,0.107422,0.170898,0.268555,0.107422,0.380859,0.878906,2
17/11/2017 16:38:31.349,0.107422,0.170898,0.268555,0.107422,0.380859,0.878906,2
17/11/2017 16:38:32.348,0.107422,0.166016,0.268555,0.107422,0.380859,0.878906,2
17/11/2017 16:38:33.346,0.107422,0.166016,0.268555,0.107422,0.380859,0.878906,2
17/11/2017 16:38:34.347,0.107422,0.166016,0.268555,0.107422,0.380859,0.878906,2
17/11/2017 16:38:35.351,0.107422,0.166016,0.268555,0.107422,0.380859,0.874023,2
17/11/2017 16:38:36.350,0.107422,0.166016,0.268555,0.107422,0.375977,0.874023,2
17/11/2017 16:38:37.349,0.102539,0.166016,0.268555,0.107422,0.380859,0.874023,2
17/11/2017 16:38:38.349,0.107422,0.166016,0.268555,0.107422,0.375977,0.874023,2
17/11/2017 16:38:39.347,0.102539,0.166016,0.268555,0.107422,0.375977,0.874023,2
17/11/2017 16:38:40.351,0.107422,0.166016,0.268555,0.107422,0.375977,0.874023,2
17/11/2017 16:38:41.350,0.102539,0.166016,0.268555,0.107422,0.375977,0.869141,2
17/11/2017 16:38:42.349,0.107422,0.166016,0.268555,0.107422,0.375977,0.869141,2
17/11/2017 16:38:43.350,0.102539,0.166016,0.268555,0.107422,0.375977,0.869141,2
17/11/2017 16:38:44.348,0.107422,0.166016,0.268555,0.107422,0.375977,0.869141,2
17/11/2017 16:38:45.348,0.107422,0.166016,0.268555,0.107422,0.375977,0.869141,2
17/11/2017 16:38:46.351,0.102539,0.166016,0.263672,0.107422,0.375977,0.864258,2
17/11/2017 16:38:47.350,0.102539,0.166016,0.263672,0.107422,0.375977,0.864258,2
17/11/2017 16:38:48.353,0.102539,0.166016,0.263672,0.107422,0.375977,0.864258,2
17/11/2017 16:38:49.350,0.102539,0.166016,0.263672,0.107422,0.375977,0.864258,2
17/11/2017 16:38:50.352,0.107422,0.166016,0.263672,0.107422,0.375977,0.864258,2
17/11/2017 16:38:51.352,0.102539,0.166016,0.263672,0.102539,0.375977,0.864258,2
17/11/2017 16:38:52.351,0.102539,0.166016,0.263672,0.107422,0.375977,0.864258,2
17/11/2017 16:38:53.351,0.102539,0.166016,0.263672,0.107422,0.375977,0.864258,2
17/11/2017 16:38:54.350,0.102539,0.166016,0.263672,0.102539,0.375977,0.859375,2
17/11/2017 16:38:55.354,0.102539,0.161133,0.263672,0.102539,0.375977,0.859375,2
17/11/2017 16:38:56.354,0.102539,0.166016,0.263672,0.102539,0.375977,0.859375,2
17/11/2017 16:38:57.352,0.102539,0.161133,0.263672,0.107422,0.375977,0.859375,2
17/11/2017 16:38:58.352,0.102539,0.161133,0.263672,0.107422,0.375977,0.859375,2
17/11/2017 16:38:59.356,0.102539,0.161133,0.263672,0.102539,0.375977,0.859375,2
17/11/2017 16:39:00.355,0.102539,0.161133,0.263672,0.102539,0.375977,0.859375,2
17/11/2017 16:39:01.354,0.102539,0.161133,0.263672,0.102539,0.371094,0.859375,2
17/11/2017 16:39:02.353,0.102539,0.161133,0.263672,0.102539,0.371094,0.854492,2
17/11/2017 16:39:03.356,0.102539,0.161133,0.263672,0.107422,0.371094,0.854492,2
17/11/2017 16:39:04.356,0.102539,0.161133,0.263672,0.102539,0.371094,0.854492,2
17/11/2017 16:39:05.355,0.102539,0.161133,0.263672,0.102539,0.371094,0.854492,2
17/11/2017 16:39:06.355,0.102539,0.161133,0.263672,0.102539,0.371094,0.854492,2
17/11/2017 16:39:07.359,0.102539,0.161133,0.258789,0.102539,0.371094,0.854492,2
17/11/2017 16:39:08.358,0.102539,0.161133,0.263672,0.102539,0.371094,0.854492,2
17/11/2017 16:39:09.358,0.102539,0.161133,0.258789,0.107422,0.371094,0.854492,2
17/11/2017 16:39:10.356,0.102539,0.161133,0.263672,0.102539,0.371094,0.854492,2
17/11/2017 16:39:11.355,0.102539,0.161133,0.258789,0.102539,0.371094,0.854492,2
17/11/2017 16:39:12.354,0.102539,0.161133,0.258789,0.102539,0.371094,0.854492,2
17/11/2017 16:39:13.358,0.102539,0.161133,0.258789,0.102539,0.371094,0.849609,2
17/11/2017 16:39:14.358,0.102539,0.161133,0.263672,0.102539,0.371094,0.854492,2
17/11/2017 16:39:15.362,0.102539,0.161133,0.258789,0.102539,0.371094,0.849609,2
17/11/2017 16:39:16.360,0.102539,0.161133,0.258789,0.102539,0.371094,0.849609,2
17/11/2017 16:39:17.360,0.102539,0.161133,0.258789,0.102539,0.371094,0.849609,2
17/11/2017 16:39:18.359,0.102539,0.15625,0.258789,0.102539,0.371094,0.849609,2
17/11/2017 16:39:19.358,0.102539,0.161133,0.258789,0.102539,0.371094,0.849609,2
17/11/2017 16:39:20.358,0.102539,0.15625,0.258789,0.102539,0.371094,0.849609,2
17/11/2017 16:39:21.361,0.102539,0.15625,0.258789,0.102539,0.371094,0.849609,2
17/11/2017 16:39:22.361,0.102539,0.15625,0.258789,0.102539,0.371094,0.844727,2
17/11/2017 16:39:23.365,0.102539,0.15625,0.258789,0.102539,0.371094,0.844727,2
17/11/2017 16:39:24.364,0.102539,0.15625,0.258789,0.102539,0.371094,0.844727,2
17/11/2017 16:39:25.364,0.102539,0.15625,0.258789,0.102539,0.371094,0.844727,2
17/11/2017 16:39:26.363,0.102539,0.15625,0.258789,0.102539,0.371094,0.844727,2
17/11/2017 16:39:27.367,0.102539,0.15625,0.258789,0.102539,0.371094,0.844727,2
17/11/2017 16:39:28.365,0.102539,0.15625,0.258789,0.102539,0.371094,0.844727,2
17/11/2017 16:39:29.367,0.102539,0.15625,0.258789,0.102539,0.371094,0.844727,2
17/11/2017 16:39:30.363,0.102539,0.15625,0.258789,0.102539,0.371094,0.844727,2
17/11/2017 16:39:31.367,0.102539,0.15625,0.258789,0.102539,0.371094,0.844727,2
17/11/2017 16:39:32.368,0.102539,0.15625,0.258789,0.102539,0.371094,0.844727,2
17/11/2017 16:39:33.366,0.102539,0.15625,0.258789,0.102539,0.371094,0.844727,2
17/11/2017 16:39:34.366,0.102539,0.15625,0.258789,0.102539,0.371094,0.844727,2
17/11/2017 16:39:35.364,0.102539,0.15625,0.258789,0.102539,0.371094,0.839844,2
17/11/2017 16:39:36.368,0.102539,0.15625,0.258789,0.102539,0.366211,0.839844,2
17/11/2017 16:39:37.368,0.102539,0.15625,0.258789,0.102539,0.371094,0.839844,2
17/11/2017 16:39:38.371,0.102539,0.15625,0.258789,0.102539,0.371094,0.839844,2
17/11/2017 16:39:39.371,0.102539,0.15625,0.258789,0.102539,0.371094,0.839844,2
17/11/2017 16:39:40.371,0.102539,0.15625,0.258789,0.102539,0.366211,0.839844,2
17/11/2017 16:39:41.374,0.102539,0.15625,0.258789,0.102539,0.366211,0.839844,2
17/11/2017 16:39:42.372,0.102539,0.15625,0.258789,0.102539,0.366211,0.839844,2
17/11/2017 16:39:43.372,0.102539,0.15625,0.258789,0.102539,0.366211,0.839844,2
17/11/2017 16:39:44.372,0.102539,0.15625,0.258789,0.102539,0.366211,0.839844,2
17/11/2017 16:39:45.371,0.102539,0.151367,0.258789,0.102539,0.366211,0.839844,2
17/11/2017 16:39:46.369,0.102539,0.15625,0.258789,0.102539,0.366211,0.839844,2
17/11/2017 16:39:47.374,0.102539,0.15625,0.258789,0.102539,0.366211,0.839844,2
17/11/2017 16:39:48.373,0.102539,0.15625,0.258789,0.102539,0.366211,0.839844,2
17/11/2017 16:39:49.373,0.102539,0.15625,0.253906,0.102539,0.366211,0.839844,2
17/11/2017 16:39:50.377,0.102539,0.15625,0.253906,0.102539,0.366211,0.839844,2
17/11/2017 16:39:51.375,0.102539,0.15625,0.253906,0.102539,0.366211,0.839844,2
17/11/2017 16:39:52.376,0.102539,0.15625,0.253906,0.102539,0.366211,0.839844,2
17/11/2017 16:39:53.374,0.102539,0.151367,0.253906,0.102539,0.366211,0.834961,2
17/11/2017 16:39:54.377,0.102539,0.151367,0.253906,0.102539,0.366211,0.839844,2
17/11/2017 16:39:55.377,0.102539,0.151367,0.253906,0.102539,0.366211,0.834961,2
17/11/2017 16:39:56.377,0.102539,0.15625,0.253906,0.102539,0.366211,0.834961,2
17/11/2017 16:39:57.381,0.102539,0.151367,0.253906,0.102539,0.366211,0.834961,2
17/11/2017 16:39:58.378,0.102539,0.15625,0.253906,0.102539,0.366211,0.834961,2
17/11/2017 16:39:59.379,0.102539,0.151367,0.253906,0.102539,0.366211,0.834961,2
17/11/2017 16:40:00.377,0.102539,0.151367,0.253906,0.102539,0.366211,0.834961,2
17/11/2017 16:40:01.381,0.102539,0.151367,0.253906,0.102539,0.366211,0.834961,2
17/11/2017 16:40:02.380,0.097656,0.151367,0.253906,0.102539,0.366211,0.834961,2
17/11/2017 16:40:03.380,0.102539,0.15625,0.253906,0.102539,0.366211,0.834961,2
17/11/2017 16:40:04.379,0.102539,0.151367,0.253906,0.102539,0.366211,0.834961,2
17/11/2017 16:40:05.379,0.102539,0.151367,0.253906,0.102539,0.366211,0.834961,2
17/11/2017 16:40:06.382,0.097656,0.151367,0.253906,0.102539,0.366211,0.834961,2
17/11/2017 16:40:07.381,0.102539,0.151367,0.253906,0.102539,0.366211,0.834961,2
17/11/2017 16:40:08.382,0.102539,0.151367,0.253906,0.102539,0.366211,0.834961,2
17/11/2017 16:40:09.381,0.102539,0.151367,0.253906,0.102539,0.366211,0.834961,2
17/11/2017 16:40:10.380,0.097656,0.151367,0.253906,0.102539,0.366211,0.834961,2
17/11/2017 16:40:11.383,0.097656,0.151367,0.253906,0.102539,0.366211,0.834961,2
17/11/2017 16:40:12.383,0.097656,0.151367,0.253906,0.102539,0.366211,0.834961,2
17/11/2017 16:40:13.383,0.097656,0.151367,0.253906,0.102539,0.366211,0.834961,2
17/11/2017 16:40:14.381,0.097656,0.151367,0.253906,0.097656,0.366211,0.834961,2
17/11/2017 16:40:15.381,0.097656,0.151367,0.253906,0.102539,0.366211,0.834961,2
17/11/2017 16:40:16.380,0.097656,0.151367,0.253906,0.102539,0.366211,0.834961,2
17/11/2017 16:40:17.384,0.097656,0.151367,0.253906,0.102539,0.366211,0.834961,2
17/11/2017 16:40:18.383,0.097656,0.151367,0.253906,0.102539,0.366211,0.830078,2
17/11/2017 16:40:19.383,0.097656,0.151367,0.253906,0.102539,0.385742,0.834961,2
17/11/2017 16:40:20.385,0.097656,0.151367,0.253906,0.102539,0.405273,0.834961,2
17/11/2017 16:40:21.384,0.097656,0.151367,0.253906,0.102539,0.405273,0.834961,2
17/11/2017 16:40:22.384,0.102539,0.151367,0.253906,0.102539,0.395508,0.834961,2
17/11/2017 16:40:23.385,0.102539,0.151367,0.253906,0.102539,0.390625,0.834961,2
17/11/2017 16:40:24.387,0.097656,0.151367,0.253906,0.102539,0.390625,0.834961,2
17/11/2017 16:40:25.387,0.102539,0.151367,0.253906,0.102539,0.385742,0.834961,2
17/11/2017 16:40:26.386,0.102539,0.151367,0.253906,0.102539,0.385742,0.834961,2
17/11/2017 16:40:27.390,0.102539,0.151367,0.253906,0.097656,0.380859,0.834961,2
17/11/2017 16:40:28.389,0.102539,0.151367,0.253906,0.097656,0.380859,0.834961,2
17/11/2017 16:40:29.389,0.097656,0.151367,0.253906,0.102539,0.380859,0.834961,2
17/11/2017 16:40:30.387,0.102539,0.151367,0.253906,0.102539,0.380859,0.834961,2
17/11/2017 16:40:31.387,0.097656,0.151367,0.253906,0.102539,0.375977,0.834961,2
17/11/2017 16:40:32.390,0.097656,0.151367,0.253906,0.102539,0.375977,0.834961,2
17/11/2017 16:40:33.389,0.102539,0.151367,0.253906,0.097656,0.375977,0.834961,2
17/11/2017 16:40:34.389,0.097656,0.151367,0.253906,0.102539,0.375977,0.834961,2
17/11/2017 16:40:35.388,0.097656,0.151367,0.253906,0.102539,0.375977,0.834961,2
17/11/2017 16:40:36.387,0.097656,0.151367,0.253906,0.102539,0.375977,0.834961,2
17/11/2017 16:40:37.392,0.097656,0.151367,0.253906,0.102539,0.375977,0.834961,2
17/11/2017 16:40:38.391,0.097656,0.151367,0.253906,0.102539,0.375977,0.830078,2
17/11/2017 16:40:39.390,0.097656,0.151367,0.249023,0.097656,0.371094,0.834961,2
17/11/2017 16:40:40.389,0.097656,0.151367,0.249023,0.102539,0.371094,0.830078,2
17/11/2017 16:40:41.394,0.097656,0.151367,0.253906,0.097656,0.371094,0.830078,2
17/11/2017 16:40:42.392,0.097656,0.151367,0.249023,0.097656,0.371094,0.830078,2
17/11/2017 16:40:43.393,0.097656,0.151367,0.249023,0.097656,0.371094,0.830078,2
17/11/2017 16:40:44.395,0.097656,0.151367,0.249023,0.097656,0.371094,0.830078,2
17/11/2017 16:40:45.395,0.097656,0.151367,0.249023,0.097656,0.371094,0.830078,2
17/11/2017 16:40:46.394,0.097656,0.151367,0.249023,0.097656,0.371094,0.830078,2
17/11/2017 16:40:47.397,0.097656,0.151367,0.249023,0.097656,0.371094,0.830078,2
17/11/2017 16:40:48.396,0.097656,0.151367,0.249023,0.097656,0.371094,0.830078,2
17/11/2017 16:40:49.397,0.097656,0.151367,0.249023,0.097656,0.371094,0.830078,2
17/11/2017 16:40:50.395,0.097656,0.151367,0.249023,0.097656,0.371094,0.830078,2
17/11/2017 16:40:51.395,0.097656,0.151367,0.249023,0.097656,0.371094,0.830078,2
17/11/2017 16:40:52.399,0.097656,0.151367,0.249023,0.097656,0.366211,0.830078,2
17/11/2017 16:40:53.397,0.097656,0.146484,0.249023,0.097656,0.366211,0.830078,2
17/11/2017 16:40:54.397,0.097656,0.151367,0.249023,0.097656,0.366211,0.830078,2
17/11/2017 16:40:55.401,0.097656,0.146484,0.249023,0.097656,0.366211,0.830078,2
17/11/2017 16:40:56.400,0.097656,0.146484,0.249023,0.097656,0.366211,0.830078,2
17/11/2017 16:40:57.399,0.097656,0.146484,0.249023,0.097656,0.366211,0.830078,2
17/11/2017 16:40:58.398,0.097656,0.146484,0.249023,0.097656,0.366211,0.825195,2
17/11/2017 16:40:59.398,0.097656,0.146484,0.249023,0.097656,0.366211,0.825195,2
17/11/2017 16:41:00.400,0.097656,0.146484,0.249023,0.097656,0.366211,0.830078,2
17/11/2017 16:41:01.400,0.097656,0.146484,0.249023,0.097656,0.366211,0.830078,2
17/11/2017 16:41:02.400,0.097656,0.146484,0.249023,0.097656,0.366211,0.825195,2
17/11/2017 16:41:03.399,0.097656,0.146484,0.249023,0.097656,0.366211,0.825195,2
17/11/2017 16:41:04.399,0.097656,0.146484,0.249023,0.097656,0.366211,0.825195,2
17/11/2017 16:52:51.028,0.078125,0.146484,0.234375,0.092773,0.351562,0.751953,2
17/11/2017 16:52:52.028,0.078125,0.146484,0.234375,0.092773,0.351562,0.751953,2
17/11/2017 16:52:53.027,0.078125,0.146484,0.234375,0.092773,0.351562,0.751953,2
17/11/2017 16:52:54.031,0.078125,0.146484,0.234375,0.092773,0.351562,0.751953,2
17/11/2017 16:52:55.030,0.083008,0.146484,0.234375,0.092773,0.351562,0.751953,2
17/11/2017 16:52:56.028,0.083008,0.146484,0.234375,0.092773,0.351562,0.751953,2
17/11/2017 16:52:57.033,0.078125,0.146484,0.234375,0.092773,0.351562,0.751953,2
17/11/2017 16:52:58.032,0.078125,0.146484,0.234375,0.092773,0.351562,0.751953,2
17/11/2017 16:52:59.032,0.078125,0.146484,0.234375,0.092773,0.351562,0.751953,2
17/11/2017 16:53:00.030,0.078125,0.146484,0.234375,0.092773,0.351562,0.751953,2
17/11/2017 16:53:01.031,0.078125,0.146484,0.234375,0.092773,0.351562,0.751953,2
17/11/2017 16:53:02.029,0.078125,0.146484,0.234375,0.092773,0.351562,0.751953,2
17/11/2017 16:53:03.029,0.083008,0.146484,0.234375,0.092773,0.351562,0.751953,2
17/11/2017 16:53:04.032,0.078125,0.146484,0.234375,0.092773,0.351562,0.751953,2
17/11/2017 16:53:05.032,0.083008,0.146484,0.234375,0.092773,0.351562,0.756836,2
17/11/2017 16:53:06.032,0.078125,0.146484,0.234375,0.092773,0.351562,0.751953,2
17/11/2017 16:53:07.031,0.078125,0.146484,0.234375,0.092773,0.351562,0.756836,2
17/11/2017 16:53:08.030,0.078125,0.146484,0.234375,0.092773,0.351562,0.756836,2
17/11/2017 16:53:09.035,0.078125,0.146484,0.234375,0.092773,0.351562,0.756836,2
17/11/2017 16:53:10.033,0.078125,0.146484,0.234375,0.092773,0.351562,0.756836,2
17/11/2017 16:53:11.033,0.083008,0.146484,0.234375,0.092773,0.351562,0.756836,2
17/11/2017 16:53:12.035,0.078125,0.146484,0.234375,0.092773,0.351562,0.756836,2
17/11/2017 16:53:13.035,0.083008,0.146484,0.234375,0.092773,0.351562,0.756836,2
17/11/2017 16:53:14.035,0.078125,0.146484,0.234375,0.092773,0.351562,0.756836,2
17/11/2017 16:53:15.033,0.078125,0.146484,0.234375,0.092773,0.351562,0.756836,2
17/11/2017 16:53:16.033,0.078125,0.146484,0.239258,0.092773,0.351562,0.756836,2
17/11/2017 16:53:17.032,0.083008,0.146484,0.239258,0.092773,0.351562,0.756836,2
17/11/2017 16:53:18.036,0.083008,0.146484,0.239258,0.092773,0.351562,0.756836,2
17/11/2017 16:53:19.035,0.078125,0.146484,0.239258,0.092773,0.351562,0.756836,2
17/11/2017 16:53:20.034,0.078125,0.146484,0.239258,0.092773,0.351562,0.756836,2
17/11/2017 16:53:21.033,0.078125,0.146484,0.239258,0.092773,0.356445,0.756836,2
17/11/2017 16:53:22.033,0.083008,0.146484,0.239258,0.092773,0.351562,0.756836,2
17/11/2017 16:53:23.033,0.078125,0.146484,0.239258,0.092773,0.356445,0.756836,2
17/11/2017 16:53:24.036,0.078125,0.146484,0.239258,0.092773,0.356445,0.756836,2
17/11/2017 16:53:25.036,0.078125,0.146484,0.239258,0.092773,0.356445,0.761719,2
17/11/2017 16:53:26.035,0.083008,0.146484,0.239258,0.092773,0.356445,0.756836,2
17/11/2017 16:53:27.033,0.083008,0.146484,0.239258,0.092773,0.356445,0.756836,2
17/11/2017 16:53:28.037,0.078125,0.146484,0.239258,0.092773,0.356445,0.756836,2
17/11/2017 16:53:29.038,0.083008,0.146484,0.239258,0.092773,0.356445,0.761719,2
17/11/2017 16:53:30.040,0.083008,0.146484,0.239258,0.092773,0.356445,0.761719,2
17/11/2017 16:53:31.040,0.083008,0.146484,0.239258,0.092773,0.356445,0.761719,2
17/11/2017 16:53:32.040,0.083008,0.146484,0.239258,0.092773,0.356445,0.761719,2
17/11/2017 16:53:33.043,0.078125,0.146484,0.239258,0.092773,0.356445,0.761719,2
17/11/2017 16:53:34.043,0.083008,0.146484,0.239258,0.092773,0.356445,0.761719,2
17/11/2017 16:53:35.041,0.083008,0.146484,0.239258,0.092773,0.356445,0.761719,2
17/11/2017 16:53:36.041,0.083008,0.146484,0.239258,0.092773,0.356445,0.761719,2
17/11/2017 16:53:37.039,0.083008,0.146484,0.239258,0.092773,0.356445,0.761719,2
17/11/2017 16:53:38.043,0.083008,0.146484,0.239258,0.092773,0.356445,0.761719,2
17/11/2017 16:53:39.043,0.083008,0.146484,0.239258,0.092773,0.356445,0.761719,2
17/11/2017 16:53:40.043,0.083008,0.146484,0.239258,0.092773,0.356445,0.761719,2
17/11/2017 16:53:41.041,0.078125,0.146484,0.239258,0.092773,0.356445,0.761719,2
17/11/2017 16:53:42.041,0.078125,0.146484,0.239258,0.092773,0.356445,0.761719,2
17/11/2017 16:53:43.044,0.083008,0.151367,0.239258,0.092773,0.356445,0.761719,2
17/11/2017 16:53:44.045,0.083008,0.146484,0.239258,0.092773,0.356445,0.761719,2
17/11/2017 16:53:45.043,0.083008,0.146484,0.239258,0.092773,0.356445,0.761719,2
17/11/2017 16:53:46.043,0.083008,0.146484,0.239258,0.092773,0.356445,0.761719,2
17/11/2017 16:53:47.042,0.083008,0.146484,0.239258,0.092773,0.356445,0.761719,2
17/11/2017 16:53:48.045,0.083008,0.151367,0.239258,0.092773,0.356445,0.761719,2
17/11/2017 16:53:49.045,0.083008,0.151367,0.239258,0.092773,0.356445,0.766602,2
17/11/2017 16:53:50.044,0.078125,0.146484,0.239258,0.092773,0.356445,0.761719,2
17/11/2017 16:53:51.045,0.078125,0.151367,0.244141,0.092773,0.356445,0.761719,2
17/11/2017 16:53:52.044,0.083008,0.151367,0.244141,0.092773,0.356445,0.766602,2
17/11/2017 16:53:53.042,0.083008,0.151367,0.244141,0.092773,0.356445,0.766602,2
17/11/2017 16:53:54.045,0.083008,0.151367,0.244141,0.092773,0.356445,0.766602,2
17/11/2017 16:53:55.045,0.083008,0.151367,0.244141,0.092773,0.356445,0.766602,2
17/11/2017 16:53:56.046,0.083008,0.146484,0.239258,0.092773,0.356445,0.766602,2
17/11/2017 16:53:57.044,0.083008,0.151367,0.244141,0.092773,0.356445,0.766602,2
17/11/2017 16:53:58.047,0.083008,0.151367,0.244141,0.092773,0.356445,0.766602,2
17/11/2017 16:53:59.047,0.083008,0.151367,0.244141,0.092773,0.356445,0.766602,2
17/11/2017 16:54:00.047,0.083008,0.151367,0.244141,0.092773,0.356445,0.766602,2
17/11/2017 16:54:01.045,0.083008,0.151367,0.244141,0.092773,0.356445,0.766602,2
17/11/2017 16:54:02.049,0.083008,0.151367,0.244141,0.092773,0.356445,0.766602,2
17/11/2017 16:54:03.048,0.083008,0.151367,0.244141,0.092773,0.361328,0.766602,2
17/11/2017 16:54:04.048,0.083008,0.151367,0.244141,0.092773,0.356445,0.766602,2
17/11/2017 16:54:05.046,0.083008,0.151367,0.244141,0.092773,0.356445,0.766602,2
17/11/2017 16:54:06.045,0.083008,0.151367,0.244141,0.092773,0.361328,0.766602,2
17/11/2017 16:54:07.050,0.083008,0.151367,0.244141,0.092773,0.356445,0.766602,2
17/11/2017 16:54:08.049,0.083008,0.151367,0.244141,0.092773,0.361328,0.766602,2
17/11/2017 16:54:09.049,0.083008,0.151367,0.244141,0.092773,0.356445,0.766602,2
17/11/2017 16:54:10.048,0.083008,0.151367,0.244141,0.092773,0.361328,0.766602,2
17/11/2017 16:54:11.048,0.083008,0.151367,0.244141,0.092773,0.361328,0.766602,2
17/11/2017 16:54:12.047,0.083008,0.151367,0.244141,0.092773,0.361328,0.766602,2
17/11/2017 16:54:13.050,0.083008,0.151367,0.244141,0.092773,0.361328,0.766602,2
17/11/2017 16:54:14.050,0.083008,0.151367,0.244141,0.092773,0.361328,0.771484,2
17/11/2017 16:54:15.049,0.083008,0.151367,0.244141,0.092773,0.361328,0.766602,2
17/11/2017 16:54:16.048,0.083008,0.151367,0.244141,0.092773,0.361328,0.766602,2
17/11/2017 16:54:17.047,0.083008,0.151367,0.244141,0.092773,0.361328,0.771484,2
17/11/2017 16:54:18.051,0.083008,0.151367,0.244141,0.092773,0.361328,0.771484,2
17/11/2017 16:54:19.051,0.083008,0.151367,0.244141,0.092773,0.361328,0.771484,2
17/11/2017 16:54:20.050,0.083008,0.151367,0.244141,0.092773,0.361328,0.771484,2
17/11/2017 16:54:21.049,0.083008,0.151367,0.244141,0.092773,0.361328,0.771484,2
17/11/2017 16:54:22.048,0.083008,0.151367,0.244141,0.092773,0.361328,0.771484,2
17/11/2017 16:54:23.048,0.083008,0.151367,0.244141,0.092773,0.361328,0.771484,2
17/11/2017 16:54:24.051,0.083008,0.151367,0.244141,0.092773,0.361328,0.771484,2
17/11/2017 16:54:25.050,0.083008,0.151367,0.244141,0.092773,0.361328,0.771484,2
17/11/2017 16:54:26.050,0.083008,0.151367,0.249023,0.092773,0.361328,0.771484,2
17/11/2017 16:54:27.050,0.083008,0.151367,0.244141,0.092773,0.361328,0.771484,2
17/11/2017 16:54:28.048,0.083008,0.151367,0.244141,0.092773,0.361328,0.771484,2
17/11/2017 16:54:29.053,0.083008,0.151367,0.249023,0.092773,0.361328,0.771484,2
17/11/2017 16:54:30.051,0.083008,0.151367,0.249023,0.092773,0.361328,0.771484,2
17/11/2017 16:54:31.051,0.083008,0.151367,0.249023,0.092773,0.361328,0.771484,2
17/11/2017 16:54:32.051,0.083008,0.151367,0.249023,0.092773,0.361328,0.771484,2
17/11/2017 16:54:33.049,0.083008,0.151367,0.249023,0.092773,0.361328,0.776367,2
17/11/2017 16:54:34.049,0.083008,0.15625,0.253906,0.092773,0.366211,0.791016,2
17/11/2017 16:54:35.048,0.083008,0.166016,0.258789,0.092773,0.371094,0.81543,2
17/11/2017 16:54:36.051,0.087891,0.175781,0.273437,0.097656,0.375977,0.839844,2
17/11/2017 16:54:37.051,0.087891,0.185547,0.283203,0.097656,0.380859,0.859375,2
17/11/2017 16:54:38.050,0.087891,0.195312,0.292969,0.097656,0.385742,0.883789,2
17/11/2017 16:54:39.049,0.087891,0.205078,0.302734,0.097656,0.390625,0.90332,2
17/11/2017 16:54:40.053,0.092773,0.209961,0.307617,0.102539,0.390625,0.927734,2
17/11/2017 16:54:41.053,0.092773,0.219727,0.3125,0.102539,0.395508,0.942383,2
17/11/2017 16:54:42.052,0.092773,0.224609,0.317383,0.102539,0.400391,0.961914,2
17/11/2017 16:54:43.052,0.092773,0.229492,0.317383,0.102539,0.400391,0.976562,2
17/11/2017 16:54:44.055,0.092773,0.234375,0.322266,0.102539,0.405273,0.991211,2
17/11/2017 16:54:45.055,0.092773,0.234375,0.322266,0.102539,0.405273,1.005859,2
17/11/2017 16:54:46.054,0.092773,0.234375,0.327148,0.102539,0.405273,1.015625,2
17/11/2017 16:54:47.057,0.092773,0.239258,0.327148,0.102539,0.410156,1.030273,2
17/11/2017 16:54:48.057,0.092773,0.239258,0.327148,0.102539,0.410156,1.040039,2
17/11/2017 16:54:49.056,0.097656,0.244141,0.327148,0.102539,0.410156,1.049805,2
17/11/2017 16:54:50.056,0.097656,0.244141,0.332031,0.102539,0.410156,1.05957,2
17/11/2017 16:54:51.058,0.097656,0.249023,0.332031,0.102539,0.410156,1.064453,2
17/11/2017 16:54:52.057,0.097656,0.249023,0.332031,0.102539,0.415039,1.074219,2
17/11/2017 16:54:53.057,0.097656,0.249023,0.332031,0.102539,0.415039,1.083984,2
17/11/2017 16:54:54.057,0.097656,0.249023,0.332031,0.107422,0.415039,1.088867,2
17/11/2017 16:54:55.056,0.097656,0.253906,0.332031,0.102539,0.415039,1.09375,2
17/11/2017 16:54:56.055,0.097656,0.253906,0.332031,0.102539,0.415039,1.098633,2
17/11/2017 16:54:57.059,0.097656,0.253906,0.332031,0.102539,0.415039,1.103516,2
17/11/2017 16:54:58.058,0.097656,0.253906,0.332031,0.102539,0.415039,1.108398,2
17/11/2017 16:54:59.058,0.097656,0.258789,0.336914,0.102539,0.415039,1.118164,2
17/11/2017 16:55:00.056,0.097656,0.258789,0.336914,0.102539,0.415039,1.123047,2
17/11/2017 16:55:01.059,0.097656,0.258789,0.336914,0.102539,0.415039,1.12793,2
17/11/2017 16:55:02.061,0.097656,0.258789,0.336914,0.102539,0.419922,1.12793,2
17/11/2017 16:55:03.060,0.097656,0.258789,0.336914,0.107422,0.419922,1.132812,2
17/11/2017 16:55:04.058,0.097656,0.258789,0.336914,0.107422,0.419922,1.137695,2
17/11/2017 16:55:05.063,0.097656,0.258789,0.336914,0.102539,0.419922,1.137695,2
17/11/2017 16:55:06.061,0.097656,0.258789,0.336914,0.107422,0.419922,1.142578,2
17/11/2017 16:55:07.061,0.097656,0.263672,0.336914,0.107422,0.419922,1.147461,2
17/11/2017 16:55:08.060,0.097656,0.263672,0.336914,0.107422,0.419922,1.147461,2
17/11/2017 16:55:09.060,0.097656,0.263672,0.336914,0.107422,0.419922,1.152344,2
17/11/2017 16:55:10.064,0.097656,0.263672,0.336914,0.107422,0.419922,1.152344,2
17/11/2017 16:55:11.058,0.097656,0.263672,0.336914,0.107422,0.419922,1.157227,2
17/11/2017 16:55:12.061,0.097656,0.263672,0.336914,0.107422,0.419922,1.157227,2
17/11/2017 16:55:13.061,0.097656,0.263672,0.336914,0.107422,0.419922,1.162109,2
17/11/2017 16:55:14.060,0.097656,0.263672,0.336914,0.107422,0.419922,1.162109,2
17/11/2017 16:55:15.060,0.097656,0.263672,0.336914,0.107422,0.419922,1.162109,2
17/11/2017 16:55:16.060,0.102539,0.263672,0.336914,0.107422,0.419922,1.166992,2
17/11/2017 16:55:17.062,0.097656,0.263672,0.336914,0.107422,0.419922,1.166992,2
17/11/2017 16:55:18.062,0.102539,0.263672,0.336914,0.107422,0.419922,1.171875,2
17/11/2017 16:55:19.061,0.097656,0.263672,0.336914,0.107422,0.419922,1.171875,2
17/11/2017 16:55:20.062,0.102539,0.263672,0.336914,0.107422,0.419922,1.171875,2
17/11/2017 16:55:21.061,0.102539,0.268555,0.336914,0.107422,0.439453,1.176758,2
17/11/2017 16:55:22.060,0.102539,0.268555,0.336914,0.107422,0.439453,1.176758,2
17/11/2017 16:55:23.064,0.102539,0.268555,0.336914,0.107422,0.43457,1.176758,2
17/11/2017 16:55:24.061,0.102539,0.268555,0.336914,0.107422,0.43457,1.181641,2
17/11/2017 16:55:25.061,0.102539,0.268555,0.336914,0.107422,0.429687,1.181641,2
17/11/2017 16:55:26.061,0.102539,0.268555,0.336914,0.107422,0.429687,1.181641,2
17/11/2017 16:55:27.064,0.102539,0.268555,0.336914,0.107422,0.429687,1.181641,2
17/11/2017 16:55:28.064,0.102539,0.268555,0.336914,0.107422,0.429687,1.186523,2
17/11/2017 16:55:29.063,0.102539,0.268555,0.336914,0.107422,0.429687,1.186523,2
17/11/2017 16:55:30.063,0.102539,0.268555,0.336914,0.107422,0.429687,1.186523,2
17/11/2017 16:55:31.062,0.102539,0.268555,0.336914,0.107422,0.424805,1.186523,2
17/11/2017 16:55:32.065,0.102539,0.268555,0.336914,0.107422,0.429687,1.186523,2
17/11/2017 16:55:33.064,0.102539,0.268555,0.336914,0.107422,0.424805,1.191406,2
17/11/2017 16:55:34.063,0.102539,0.268555,0.336914,0.107422,0.424805,1.191406,2
17/11/2017 16:55:35.063,0.102539,0.268555,0.336914,0.107422,0.424805,1.191406,2
17/11/2017 16:55:36.064,0.102539,0.268555,0.336914,0.107422,0.424805,1.191406,2
17/11/2017 16:55:37.062,0.102539,0.268555,0.336914,0.107422,0.424805,1.191406,2
17/11/2017 16:55:38.065,0.102539,0.268555,0.336914,0.107422,0.424805,1.191406,2
17/11/2017 16:55:39.067,0.102539,0.268555,0.336914,0.107422,0.424805,1.191406,2
17/11/2017 16:55:40.064,0.102539,0.268555,0.336914,0.107422,0.424805,1.196289,2
17/11/2017 16:55:41.065,0.102539,0.268555,0.336914,0.107422,0.424805,1.196289,2
17/11/2017 16:55:42.068,0.102539,0.268555,0.336914,0.107422,0.424805,1.196289,2
17/11/2017 16:55:43.067,0.102539,0.268555,0.336914,0.107422,0.424805,1.196289,2
17/11/2017 16:55:44.065,0.102539,0.268555,0.336914,0.107422,0.424805,1.196289,2
17/11/2017 16:55:45.065,0.102539,0.273437,0.336914,0.107422,0.424805,1.196289,2
17/11/2017 16:55:46.065,0.102539,0.273437,0.336914,0.107422,0.424805,1.196289,2
17/11/2017 16:55:47.064,0.102539,0.268555,0.336914,0.107422,0.424805,1.196289,2
17/11/2017 16:55:48.068,0.102539,0.268555,0.336914,0.107422,0.424805,1.196289,2
17/11/2017 16:55:49.068,0.102539,0.268555,0.336914,0.107422,0.424805,1.196289,2
17/11/2017 16:55:50.066,0.102539,0.268555,0.336914,0.107422,0.424805,1.196289,2
17/11/2017 16:55:51.066,0.102539,0.273437,0.336914,0.107422,0.424805,1.196289,2
17/11/2017 16:55:52.069,0.102539,0.268555,0.336914,0.107422,0.424805,1.196289,2
17/11/2017 16:55:53.068,0.102539,0.273437,0.336914,0.107422,0.424805,1.196289,2
17/11/2017 16:55:54.068,0.102539,0.273437,0.336914,0.107422,0.424805,1.196289,2
17/11/2017 16:55:55.067,0.102539,0.268555,0.336914,0.107422,0.424805,1.196289,2
17/11/2017 16:55:56.071,0.102539,0.268555,0.336914,0.107422,0.424805,1.196289,2
17/11/2017 16:55:57.070,0.102539,0.273437,0.336914,0.107422,0.424805,1.201172,2
17/11/2017 16:55:58.070,0.102539,0.268555,0.336914,0.107422,0.424805,1.201172,2
17/11/2017 16:55:59.072,0.102539,0.273437,0.336914,0.107422,0.424805,1.196289,2
17/11/2017 16:56:00.072,0.102539,0.268555,0.336914,0.107422,0.424805,1.201172,2
17/11/2017 16:56:01.072,0.102539,0.273437,0.336914,0.107422,0.424805,1.201172,2
17/11/2017 16:56:02.075,0.102539,0.273437,0.336914,0.107422,0.424805,1.201172,2
17/11/2017 16:56:03.074,0.102539,0.273437,0.336914,0.107422,0.424805,1.201172,2
17/11/2017 16:56:04.074,0.102539,0.273437,0.336914,0.107422,0.424805,1.201172,2
17/11/2017 16:56:05.074,0.102539,0.273437,0.336914,0.107422,0.424805,1.201172,2
17/11/2017 16:56:06.076,0.102539,0.273437,0.336914,0.107422,0.424805,1.201172,2
17/11/2017 16:56:07.075,0.102539,0.273437,0.336914,0.107422,0.424805,1.201172,2
17/11/2017 16:56:08.075,0.102539,0.273437,0.336914,0.107422,0.424805,1.201172,2
17/11/2017 16:56:09.074,0.102539,0.268555,0.336914,0.107422,0.424805,1.201172,2
17/11/2017 16:56:10.075,0.102539,0.268555,0.336914,0.107422,0.424805,1.201172,2
17/11/2017 16:56:11.074,0.102539,0.268555,0.336914,0.107422,0.424805,1.201172,2
17/11/2017 16:56:12.078,0.102539,0.273437,0.336914,0.107422,0.424805,1.201172,2
17/11/2017 16:56:13.076,0.102539,0.273437,0.336914,0.107422,0.424805,1.196289,2
17/11/2017 16:56:14.075,0.102539,0.273437,0.336914,0.107422,0.424805,1.196289,2
17/11/2017 16:56:15.079,0.102539,0.273437,0.336914,0.107422,0.424805,1.196289,2
17/11/2017 16:56:16.079,0.102539,0.273437,0.336914,0.107422,0.424805,1.196289,2
17/11/2017 16:56:17.077,0.102539,0.273437,0.336914,0.107422,0.424805,1.196289,2
17/11/2017 16:56:18.077,0.102539,0.273437,0.336914,0.107422,0.424805,1.196289,2
17/11/2017 16:56:19.081,0.102539,0.268555,0.336914,0.107422,0.424805,1.196289,2
17/11/2017 16:56:20.081,0.102539,0.273437,0.336914,0.107422,0.424805,1.196289,2
17/11/2017 16:56:21.079,0.102539,0.273437,0.336914,0.107422,0.424805,1.196289,2
17/11/2017 16:56:22.079,0.102539,0.273437,0.336914,0.107422,0.424805,1.196289,2
17/11/2017 16:56:23.083,0.102539,0.273437,0.336914,0.107422,0.424805,1.196289,2
17/11/2017 16:56:24.081,0.102539,0.273437,0.336914,0.107422,0.424805,1.196289,2
17/11/2017 16:56:25.082,0.102539,0.273437,0.336914,0.107422,0.424805,1.196289,2
17/11/2017 16:56:26.081,0.102539,0.273437,0.336914,0.107422,0.424805,1.196289,2
17/11/2017 16:56:27.084,0.102539,0.273437,0.336914,0.107422,0.424805,1.196289,2
17/11/2017 16:56:28.083,0.102539,0.268555,0.336914,0.107422,0.424805,1.196289,2
17/11/2017 16:56:29.083,0.102539,0.273437,0.336914,0.107422,0.424805,1.196289,2
17/11/2017 16:56:30.082,0.102539,0.273437,0.336914,0.107422,0.424805,1.196289,2
17/11/2017 16:56:31.080,0.102539,0.273437,0.336914,0.107422,0.424805,1.196289,2
17/11/2017 16:56:32.084,0.102539,0.273437,0.336914,0.107422,0.424805,1.196289,2
17/11/2017 16:56:33.084,0.102539,0.268555,0.336914,0.107422,0.424805,1.196289,2
17/11/2017 16:56:34.084,0.102539,0.273437,0.336914,0.107422,0.424805,1.196289,2
17/11/2017 16:56:35.083,0.102539,0.273437,0.336914,0.107422,0.424805,1.196289,2
17/11/2017 16:56:36.083,0.102539,0.273437,0.336914,0.107422,0.424805,1.196289,2
17/11/2017 16:56:37.082,0.102539,0.273437,0.336914,0.107422,0.424805,1.196289,2
17/11/2017 16:56:38.081,0.102539,0.273437,0.336914,0.107422,0.424805,1.196289,2
17/11/2017 16:56:39.084,0.102539,0.273437,0.336914,0.107422,0.424805,1.196289,2
17/11/2017 16:56:40.084,0.102539,0.268555,0.336914,0.107422,0.424805,1.196289,2
17/11/2017 16:56:41.082,0.102539,0.273437,0.336914,0.107422,0.424805,1.196289,2
17/11/2017 16:56:42.083,0.102539,0.268555,0.336914,0.107422,0.424805,1.196289,2
17/11/2017 16:56:43.082,0.102539,0.273437,0.336914,0.107422,0.424805,1.196289,2
17/11/2017 16:56:44.081,0.102539,0.273437,0.336914,0.107422,0.424805,1.196289,2
17/11/2017 16:56:45.086,0.102539,0.273437,0.336914,0.107422,0.424805,1.196289,2
17/11/2017 16:56:46.084,0.102539,0.273437,0.336914,0.107422,0.424805,1.196289,2
17/11/2017 16:56:47.083,0.102539,0.268555,0.336914,0.107422,0.424805,1.196289,2
17/11/2017 16:56:48.082,0.102539,0.273437,0.336914,0.107422,0.424805,1.191406,2
17/11/2017 16:56:49.082,0.102539,0.273437,0.336914,0.107422,0.424805,1.191406,2
17/11/2017 16:56:50.082,0.102539,0.273437,0.336914,0.107422,0.424805,1.196289,2
17/11/2017 16:56:51.085,0.102539,0.273437,0.336914,0.107422,0.424805,1.191406,2
17/11/2017 16:56:52.083,0.102539,0.273437,0.336914,0.107422,0.424805,1.191406,2
17/11/2017 16:56:53.084,0.102539,0.273437,0.336914,0.107422,0.424805,1.191406,2
17/11/2017 16:56:54.086,0.102539,0.273437,0.336914,0.107422,0.424805,1.191406,2
17/11/2017 16:56:55.087,0.102539,0.273437,0.336914,0.107422,0.424805,1.191406,2
17/11/2017 16:56:56.085,0.102539,0.273437,0.336914,0.107422,0.424805,1.191406,2
17/11/2017 16:56:57.085,0.102539,0.273437,0.336914,0.107422,0.424805,1.191406,2
17/11/2017 16:56:58.085,0.102539,0.273437,0.336914,0.107422,0.424805,1.191406,2
17/11/2017 16:56:59.089,0.102539,0.268555,0.336914,0.107422,0.424805,1.191406,2
17/11/2017 16:57:00.087,0.102539,0.273437,0.336914,0.107422,0.424805,1.191406,2
17/11/2017 16:57:01.087,0.102539,0.273437,0.336914,0.107422,0.424805,1.191406,2
17/11/2017 16:57:02.090,0.102539,0.273437,0.336914,0.107422,0.424805,1.191406,2
17/11/2017 16:57:03.089,0.102539,0.273437,0.336914,0.107422,0.419922,1.191406,2
17/11/2017 16:57:04.089,0.102539,0.268555,0.336914,0.107422,0.424805,1.191406,2
17/11/2017 16:57:05.088,0.102539,0.273437,0.336914,0.107422,0.424805,1.191406,2
17/11/2017 16:57:06.087,0.102539,0.273437,0.336914,0.107422,0.424805,1.191406,2
17/11/2017 16:57:07.091,0.102539,0.268555,0.336914,0.107422,0.424805,1.191406,2
17/11/2017 16:57:08.091,0.102539,0.273437,0.336914,0.107422,0.424805,1.191406,2
17/11/2017 16:57:09.091,0.102539,0.273437,0.336914,0.107422,0.424805,1.191406,2
17/11/2017 16:57:10.089,0.102539,0.268555,0.336914,0.107422,0.424805,1.191406,2
17/11/2017 16:57:11.092,0.102539,0.273437,0.336914,0.107422,0.424805,1.191406,2
17/11/2017 16:57:12.093,0.102539,0.268555,0.336914,0.107422,0.424805,1.191406,2
17/11/2017 16:57:13.092,0.102539,0.273437,0.336914,0.107422,0.419922,1.191406,2
17/11/2017 16:57:14.090,0.102539,0.268555,0.336914,0.107422,0.419922,1.191406,2
17/11/2017 16:57:15.089,0.102539,0.273437,0.336914,0.107422,0.424805,1.191406,2
17/11/2017 16:57:16.093,0.102539,0.273437,0.336914,0.107422,0.424805,1.191406,2
17/11/2017 16:57:17.092,0.102539,0.268555,0.336914,0.107422,0.424805,1.191406,2
17/11/2017 16:57:18.093,0.102539,0.273437,0.336914,0.107422,0.424805,1.191406,2
17/11/2017 16:57:19.094,0.102539,0.273437,0.336914,0.107422,0.424805,1.186523,2
17/11/2017 16:57:20.094,0.102539,0.268555,0.336914,0.107422,0.424805,1.191406,2
17/11/2017 16:57:21.095,0.102539,0.273437,0.336914,0.107422,0.424805,1.191406,2
17/11/2017 16:57:22.094,0.102539,0.273437,0.336914,0.107422,0.419922,1.186523,2
17/11/2017 16:57:23.095,0.102539,0.273437,0.336914,0.107422,0.424805,1.186523,2
17/11/2017 16:57:24.093,0.102539,0.268555,0.336914,0.107422,0.424805,1.186523,2
17/11/2017 16:57:25.097,0.102539,0.268555,0.336914,0.107422,0.419922,1.186523,2
17/11/2017 16:57:26.096,0.102539,0.268555,0.336914,0.107422,0.424805,1.186523,2
17/11/2017 16:57:27.095,0.102539,0.268555,0.336914,0.107422,0.419922,1.186523,2
17/11/2017 16:57:28.094,0.102539,0.268555,0.336914,0.107422,0.419922,1.191406,2
17/11/2017 16:57:29.097,0.102539,0.268555,0.336914,0.107422,0.419922,1.191406,2
17/11/2017 16:57:30.096,0.102539,0.268555,0.336914,0.107422,0.419922,1.191406,2
17/11/2017 16:57:31.096,0.102539,0.268555,0.336914,0.107422,0.419922,1.191406,2
17/11/2017 16:57:32.097,0.102539,0.268555,0.336914,0.107422,0.419922,1.191406,2
17/11/2017 16:57:33.094,0.102539,0.268555,0.336914,0.107422,0.419922,1.191406,2
17/11/2017 16:57:34.098,0.102539,0.268555,0.336914,0.107422,0.419922,1.191406,2
17/11/2017 16:57:35.099,0.102539,0.273437,0.336914,0.107422,0.419922,1.191406,2
17/11/2017 16:57:36.099,0.102539,0.268555,0.336914,0.107422,0.419922,1.186523,2
17/11/2017 16:57:37.097,0.102539,0.268555,0.336914,0.107422,0.419922,1.191406,2
17/11/2017 16:57:38.100,0.102539,0.268555,0.336914,0.107422,0.419922,1.186523,2
17/11/2017 16:57:39.099,0.102539,0.268555,0.336914,0.107422,0.419922,1.186523,2
17/11/2017 16:57:40.100,0.102539,0.268555,0.336914,0.107422,0.419922,1.186523,2
17/11/2017 16:57:41.097,0.102539,0.268555,0.336914,0.107422,0.419922,1.186523,2
17/11/2017 16:57:42.098,0.102539,0.268555,0.336914,0.107422,0.419922,1.186523,2
17/11/2017 16:57:43.097,0.102539,0.268555,0.336914,0.107422,0.419922,1.186523,2
17/11/2017 16:57:44.100,0.102539,0.268555,0.336914,0.107422,0.419922,1.186523,2
17/11/2017 16:57:45.100,0.102539,0.273437,0.336914,0.107422,0.419922,1.186523,2
17/11/2017 16:57:46.104,0.102539,0.268555,0.336914,0.107422,0.419922,1.186523,2
17/11/2017 16:57:47.103,0.102539,0.268555,0.336914,0.107422,0.419922,1.186523,2
17/11/2017 16:57:48.102,0.102539,0.268555,0.336914,0.107422,0.419922,1.186523,2
17/11/2017 16:57:49.102,0.102539,0.268555,0.336914,0.107422,0.419922,1.186523,2
17/11/2017 16:57:50.101,0.102539,0.268555,0.336914,0.107422,0.419922,1.186523,2
17/11/2017 16:57:51.104,0.102539,0.268555,0.336914,0.107422,0.419922,1.186523,2
17/11/2017 16:57:52.103,0.102539,0.268555,0.336914,0.107422,0.419922,1.186523,2
17/11/2017 16:57:53.102,0.102539,0.268555,0.336914,0.107422,0.419922,1.186523,2
17/11/2017 16:57:54.106,0.102539,0.268555,0.336914,0.107422,0.419922,1.186523,2
17/11/2017 16:57:55.106,0.102539,0.273437,0.336914,0.107422,0.419922,1.186523,2
17/11/2017 16:57:56.106,0.102539,0.268555,0.336914,0.107422,0.419922,1.186523,2
17/11/2017 16:57:57.104,0.102539,0.268555,0.336914,0.107422,0.419922,1.186523,2
17/11/2017 16:57:58.103,0.102539,0.268555,0.336914,0.107422,0.419922,1.186523,2
17/11/2017 16:57:59.107,0.102539,0.268555,0.336914,0.107422,0.419922,1.186523,2
17/11/2017 16:58:00.108,0.102539,0.268555,0.336914,0.107422,0.419922,1.186523,2
17/11/2017 16:58:01.106,0.102539,0.268555,0.336914,0.107422,0.419922,1.181641,2
17/11/2017 16:58:02.105,0.102539,0.268555,0.336914,0.107422,0.419922,1.186523,2
17/11/2017 16:58:03.105,0.102539,0.268555,0.336914,0.107422,0.419922,1.181641,2
17/11/2017 16:58:04.105,0.102539,0.268555,0.336914,0.107422,0.419922,1.181641,2
17/11/2017 16:58:05.107,0.102539,0.268555,0.336914,0.107422,0.419922,1.186523,2
17/11/2017 16:58:06.106,0.102539,0.268555,0.336914,0.107422,0.419922,1.181641,2
17/11/2017 16:58:07.106,0.102539,0.268555,0.336914,0.107422,0.419922,1.181641,2
17/11/2017 16:58:08.106,0.102539,0.268555,0.336914,0.107422,0.419922,1.181641,2
17/11/2017 16:58:09.105,0.102539,0.268555,0.336914,0.107422,0.419922,1.181641,2
17/11/2017 16:58:10.104,0.102539,0.268555,0.336914,0.107422,0.419922,1.181641,2
17/11/2017 16:58:11.103,0.102539,0.268555,0.336914,0.107422,0.419922,1.181641,2
17/11/2017 16:58:12.103,0.102539,0.268555,0.336914,0.107422,0.419922,1.181641,2
17/11/2017 16:58:13.106,0.102539,0.268555,0.336914,0.107422,0.419922,1.181641,2
17/11/2017 16:58:14.105,0.102539,0.268555,0.336914,0.107422,0.419922,1.181641,2
17/11/2017 16:58:15.105,0.102539,0.268555,0.336914,0.107422,0.419922,1.181641,2
17/11/2017 16:58:16.104,0.102539,0.268555,0.336914,0.107422,0.419922,1.181641,2
17/11/2017 16:58:17.104,0.102539,0.268555,0.336914,0.107422,0.419922,1.181641,2
17/11/2017 16:58:18.108,0.102539,0.268555,0.336914,0.107422,0.419922,1.181641,2
17/11/2017 16:58:19.107,0.102539,0.268555,0.336914,0.107422,0.419922,1.181641,2
17/11/2017 16:58:20.110,0.102539,0.268555,0.336914,0.107422,0.419922,1.181641,2
17/11/2017 16:58:21.110,0.102539,0.268555,0.336914,0.107422,0.419922,1.181641,2
17/11/2017 16:58:22.109,0.102539,0.268555,0.336914,0.107422,0.419922,1.181641,2
17/11/2017 16:58:23.109,0.102539,0.268555,0.336914,0.107422,0.419922,1.181641,2
17/11/2017 16:58:24.107,0.102539,0.268555,0.336914,0.107422,0.419922,1.181641,2
17/11/2017 16:58:25.111,0.102539,0.268555,0.336914,0.107422,0.419922,1.181641,2
17/11/2017 16:58:26.110,0.102539,0.268555,0.336914,0.107422,0.419922,1.181641,2
17/11/2017 16:58:27.111,0.102539,0.268555,0.336914,0.112305,0.419922,1.181641,2
17/11/2017 16:58:28.110,0.102539,0.268555,0.336914,0.107422,0.419922,1.181641,2
17/11/2017 16:58:29.114,0.102539,0.268555,0.336914,0.107422,0.419922,1.176758,2
17/11/2017 16:58:30.113,0.102539,0.268555,0.336914,0.107422,0.419922,1.176758,2
17/11/2017 16:58:31.112,0.102539,0.268555,0.336914,0.107422,0.419922,1.176758,2
17/11/2017 16:58:32.113,0.102539,0.268555,0.336914,0.107422,0.419922,1.176758,2
17/11/2017 16:58:33.114,0.102539,0.268555,0.336914,0.107422,0.419922,1.176758,2
17/11/2017 16:58:34.113,0.102539,0.268555,0.336914,0.107422,0.419922,1.176758,2
17/11/2017 16:58:35.115,0.102539,0.268555,0.336914,0.107422,0.419922,1.176758,2
17/11/2017 16:58:36.112,0.102539,0.268555,0.336914,0.107422,0.419922,1.176758,2
17/11/2017 16:58:37.111,0.102539,0.268555,0.336914,0.107422,0.419922,1.176758,2
17/11/2017 16:58:38.111,0.102539,0.268555,0.336914,0.107422,0.419922,1.176758,2
17/11/2017 16:58:39.115,0.102539,0.268555,0.336914,0.107422,0.419922,1.176758,2
17/11/2017 16:58:40.115,0.102539,0.268555,0.336914,0.107422,0.419922,1.176758,2
17/11/2017 16:58:41.114,0.102539,0.268555,0.336914,0.107422,0.419922,1.176758,2
17/11/2017 16:58:42.117,0.102539,0.268555,0.336914,0.107422,0.419922,1.176758,2
17/11/2017 16:58:43.117,0.102539,0.268555,0.336914,0.107422,0.419922,1.176758,2
17/11/2017 16:58:44.116,0.102539,0.268555,0.336914,0.107422,0.419922,1.176758,2
17/11/2017 16:58:45.115,0.102539,0.268555,0.336914,0.107422,0.419922,1.176758,2
17/11/2017 16:58:46.115,0.102539,0.268555,0.336914,0.107422,0.419922,1.176758,2
17/11/2017 16:58:47.117,0.102539,0.268555,0.336914,0.107422,0.419922,1.176758,2
17/11/2017 16:58:48.118,0.102539,0.268555,0.336914,0.107422,0.419922,1.176758,2
17/11/2017 16:58:49.117,0.102539,0.268555,0.336914,0.107422,0.419922,1.176758,2
17/11/2017 16:58:50.117,0.102539,0.268555,0.336914,0.107422,0.419922,1.176758,2
17/11/2017 16:58:51.115,0.102539,0.268555,0.336914,0.107422,0.419922,1.176758,2
17/11/2017 16:58:52.120,0.102539,0.268555,0.336914,0.107422,0.419922,1.176758,2
17/11/2017 16:58:53.118,0.102539,0.268555,0.336914,0.107422,0.419922,1.176758,2
17/11/2017 16:58:54.117,0.102539,0.268555,0.336914,0.107422,0.419922,1.176758,2
17/11/2017 16:58:55.123,0.102539,0.268555,0.336914,0.107422,0.419922,1.176758,2
17/11/2017 16:58:56.121,0.102539,0.268555,0.336914,0.107422,0.419922,1.171875,2
17/11/2017 16:58:57.119,0.102539,0.268555,0.336914,0.107422,0.419922,1.176758,2
17/11/2017 16:58:58.118,0.102539,0.268555,0.336914,0.107422,0.419922,1.171875,2
17/11/2017 16:58:59.119,0.102539,0.268555,0.336914,0.107422,0.419922,1.171875,2
17/11/2017 16:59:00.121,0.102539,0.268555,0.336914,0.107422,0.419922,1.176758,2
17/11/2017 16:59:01.121,0.102539,0.268555,0.336914,0.107422,0.419922,1.176758,2
17/11/2017 16:59:02.121,0.102539,0.268555,0.336914,0.107422,0.419922,1.176758,2
17/11/2017 16:59:03.124,0.102539,0.268555,0.336914,0.107422,0.419922,1.176758,2
17/11/2017 16:59:04.123,0.102539,0.268555,0.336914,0.107422,0.419922,1.176758,2
17/11/2017 16:59:05.122,0.102539,0.268555,0.336914,0.107422,0.419922,1.176758,2
17/11/2017 16:59:06.122,0.102539,0.268555,0.336914,0.107422,0.419922,1.176758,2
17/11/2017 16:59:07.122,0.102539,0.268555,0.336914,0.107422,0.419922,1.176758,2
17/11/2017 16:59:08.120,0.102539,0.268555,0.336914,0.107422,0.419922,1.176758,2
17/11/2017 16:59:09.124,0.102539,0.268555,0.336914,0.107422,0.419922,1.176758,2
17/11/2017 16:59:10.124,0.102539,0.268555,0.336914,0.107422,0.419922,1.176758,2
17/11/2017 16:59:11.124,0.102539,0.268555,0.336914,0.107422,0.419922,1.171875,2
17/11/2017 16:59:12.126,0.102539,0.268555,0.336914,0.107422,0.419922,1.171875,2
17/11/2017 16:59:13.127,0.102539,0.268555,0.336914,0.107422,0.419922,1.171875,2
17/11/2017 16:59:14.126,0.102539,0.268555,0.336914,0.107422,0.419922,1.171875,2
17/11/2017 16:59:15.125,0.102539,0.268555,0.336914,0.107422,0.419922,1.171875,2
17/11/2017 16:59:16.125,0.102539,0.268555,0.336914,0.107422,0.419922,1.171875,2
17/11/2017 16:59:17.124,0.102539,0.268555,0.336914,0.107422,0.419922,1.171875,2
17/11/2017 16:59:18.127,0.102539,0.268555,0.336914,0.107422,0.419922,1.171875,2
17/11/2017 16:59:19.126,0.102539,0.268555,0.336914,0.107422,0.419922,1.171875,2
17/11/2017 16:59:20.125,0.102539,0.268555,0.336914,0.107422,0.419922,1.171875,2
17/11/2017 16:59:21.125,0.102539,0.268555,0.336914,0.107422,0.419922,1.171875,2
17/11/2017 16:59:22.123,0.102539,0.268555,0.336914,0.107422,0.419922,1.171875,2
17/11/2017 16:59:23.129,0.102539,0.268555,0.336914,0.107422,0.419922,1.171875,2
17/11/2017 16:59:24.127,0.102539,0.268555,0.336914,0.107422,0.419922,1.171875,2
17/11/2017 16:59:25.127,0.102539,0.268555,0.336914,0.107422,0.419922,1.171875,2
17/11/2017 16:59:26.131,0.102539,0.268555,0.336914,0.107422,0.419922,1.171875,2
17/11/2017 16:59:27.129,0.102539,0.268555,0.336914,0.107422,0.419922,1.171875,2
17/11/2017 16:59:28.130,0.102539,0.268555,0.336914,0.107422,0.419922,1.171875,2
17/11/2017 16:59:29.127,0.102539,0.268555,0.336914,0.107422,0.419922,1.171875,2
17/11/2017 16:59:30.128,0.102539,0.268555,0.336914,0.107422,0.419922,1.171875,2
17/11/2017 16:59:31.132,0.102539,0.268555,0.336914,0.112305,0.419922,1.171875,2
17/11/2017 16:59:32.130,0.102539,0.268555,0.336914,0.107422,0.419922,1.171875,2
17/11/2017 16:59:33.131,0.102539,0.268555,0.336914,0.112305,0.419922,1.171875,2
17/11/2017 16:59:34.130,0.102539,0.268555,0.336914,0.107422,0.419922,1.171875,2
17/11/2017 16:59:35.128,0.102539,0.268555,0.336914,0.107422,0.419922,1.171875,2
17/11/2017 16:59:36.133,0.102539,0.268555,0.336914,0.107422,0.419922,1.171875,2
17/11/2017 16:59:37.131,0.102539,0.268555,0.336914,0.107422,0.419922,1.171875,2
17/11/2017 16:59:38.132,0.102539,0.268555,0.336914,0.107422,0.419922,1.171875,2
17/11/2017 16:59:39.130,0.102539,0.268555,0.336914,0.107422,0.419922,1.171875,2
17/11/2017 16:59:40.133,0.102539,0.268555,0.336914,0.112305,0.419922,1.171875,2
17/11/2017 16:59:41.135,0.102539,0.268555,0.336914,0.107422,0.419922,1.171875,2
17/11/2017 16:59:42.132,0.102539,0.268555,0.336914,0.107422,0.419922,1.171875,2
17/11/2017 16:59:43.132,0.102539,0.268555,0.336914,0.107422,0.419922,1.171875,2
17/11/2017 16:59:44.131,0.102539,0.268555,0.336914,0.107422,0.419922,1.171875,2
17/11/2017 16:59:45.130,0.102539,0.268555,0.336914,0.107422,0.419922,1.171875,2
17/11/2017 16:59:46.133,0.102539,0.268555,0.336914,0.112305,0.419922,1.171875,2
17/11/2017 16:59:47.133,0.102539,0.268555,0.336914,0.107422,0.419922,1.171875,2
17/11/2017 16:59:48.132,0.107422,0.268555,0.336914,0.107422,0.419922,1.171875,2
17/11/2017 16:59:49.131,0.102539,0.268555,0.336914,0.112305,0.419922,1.171875,2
17/11/2017 16:59:50.135,0.102539,0.268555,0.336914,0.107422,0.419922,1.171875,2
17/11/2017 16:59:51.134,0.102539,0.268555,0.336914,0.112305,0.419922,1.171875,2
17/11/2017 16:59:52.135,0.102539,0.268555,0.336914,0.107422,0.419922,1.171875,2
17/11/2017 16:59:53.134,0.102539,0.268555,0.336914,0.112305,0.419922,1.171875,2
17/11/2017 16:59:54.132,0.102539,0.268555,0.336914,0.107422,0.419922,1.171875,2
17/11/2017 16:59:55.137,0.107422,0.268555,0.336914,0.112305,0.419922,1.171875,2
17/11/2017 16:59:56.135,0.102539,0.268555,0.336914,0.112305,0.419922,1.171875,2
17/11/2017 16:59:57.136,0.102539,0.268555,0.336914,0.107422,0.419922,1.171875,2
17/11/2017 16:59:58.135,0.102539,0.268555,0.336914,0.107422,0.419922,1.171875,2
17/11/2017 16:59:59.134,0.102539,0.268555,0.336914,0.107422,0.419922,1.171875,2
17/11/2017 17:00:00.136,0.102539,0.268555,0.336914,0.107422,0.419922,1.171875,2
17/11/2017 17:00:01.136,0.102539,0.268555,0.336914,0.107422,0.419922,1.171875,2
17/11/2017 17:00:02.135,0.102539,0.268555,0.336914,0.107422,0.419922,1.171875,2
17/11/2017 17:00:03.136,0.102539,0.268555,0.336914,0.107422,0.419922,1.171875,2
17/11/2017 17:00:04.135,0.102539,0.268555,0.336914,0.107422,0.419922,1.171875,2
17/11/2017 17:00:05.134,0.102539,0.268555,0.336914,0.107422,0.419922,1.171875,2
17/11/2017 17:00:06.138,0.107422,0.268555,0.336914,0.112305,0.419922,1.171875,2
17/11/2017 17:00:07.141,0.107422,0.268555,0.336914,0.107422,0.419922,1.171875,2
17/11/2017 17:00:08.140,0.102539,0.268555,0.336914,0.107422,0.419922,1.171875,2
17/11/2017 17:00:09.139,0.102539,0.268555,0.336914,0.107422,0.419922,1.171875,2
17/11/2017 17:00:10.139,0.102539,0.268555,0.336914,0.107422,0.419922,1.171875,2
17/11/2017 17:00:11.137,0.107422,0.268555,0.336914,0.107422,0.419922,1.166992,2
17/11/2017 17:00:12.142,0.102539,0.268555,0.336914,0.107422,0.419922,1.166992,2
17/11/2017 17:00:13.141,0.107422,0.268555,0.336914,0.112305,0.419922,1.166992,2
17/11/2017 17:00:14.140,0.102539,0.268555,0.341797,0.107422,0.419922,1.166992,2
17/11/2017 17:00:15.139,0.107422,0.268555,0.336914,0.107422,0.419922,1.166992,2
17/11/2017 17:00:16.144,0.102539,0.268555,0.341797,0.107422,0.419922,1.166992,2
17/11/2017 17:00:17.142,0.102539,0.268555,0.336914,0.107422,0.419922,1.166992,2
17/11/2017 17:00:18.142,0.107422,0.268555,0.336914,0.107422,0.424805,1.166992,2
17/11/2017 17:00:19.142,0.102539,0.268555,0.336914,0.107422,0.419922,1.166992,2
17/11/2017 17:00:20.144,0.102539,0.268555,0.336914,0.107422,0.419922,1.166992,2
17/11/2017 17:00:21.145,0.102539,0.268555,0.336914,0.112305,0.419922,1.166992,2
17/11/2017 17:00:22.144,0.102539,0.268555,0.341797,0.107422,0.424805,1.166992,2
17/11/2017 17:00:23.149,0.102539,0.268555,0.341797,0.112305,0.419922,1.166992,2
17/11/2017 17:00:24.147,0.107422,0.268555,0.336914,0.107422,0.419922,1.166992,2
17/11/2017 17:00:25.146,0.102539,0.268555,0.341797,0.112305,0.419922,1.166992,2
17/11/2017 17:00:26.149,0.102539,0.268555,0.341797,0.107422,0.419922,1.166992,2
17/11/2017 17:00:27.149,0.107422,0.268555,0.336914,0.107422,0.419922,1.166992,2
17/11/2017 17:00:28.148,0.102539,0.268555,0.341797,0.107422,0.419922,1.166992,2
17/11/2017 17:00:29.148,0.107422,0.268555,0.336914,0.112305,0.419922,1.166992,2
17/11/2017 17:00:30.151,0.107422,0.268555,0.341797,0.107422,0.419922,1.166992,2
17/11/2017 17:00:31.151,0.107422,0.268555,0.336914,0.112305,0.424805,1.166992,2
17/11/2017 17:00:32.149,0.102539,0.268555,0.336914,0.112305,0.419922,1.166992,2
17/11/2017 17:00:33.148,0.107422,0.268555,0.336914,0.107422,0.419922,1.166992,2
17/11/2017 17:00:34.148,0.107422,0.268555,0.341797,0.107422,0.424805,1.166992,2
17/11/2017 17:00:35.152,0.107422,0.268555,0.336914,0.107422,0.419922,1.166992,2
17/11/2017 17:00:36.152,0.102539,0.268555,0.341797,0.107422,0.419922,1.166992,2
17/11/2017 17:00:37.151,0.102539,0.268555,0.341797,0.112305,0.419922,1.166992,2
17/11/2017 17:00:38.153,0.107422,0.268555,0.341797,0.107422,0.419922,1.166992,2
17/11/2017 17:00:39.153,0.107422,0.268555,0.341797,0.107422,0.419922,1.166992,2
17/11/2017 17:00:40.152,0.102539,0.268555,0.341797,0.112305,0.419922,1.166992,2
17/11/2017 17:00:41.151,0.107422,0.268555,0.341797,0.112305,0.419922,1.166992,2
17/11/2017 17:00:42.156,0.102539,0.268555,0.341797,0.107422,0.424805,1.166992,2
17/11/2017 17:00:43.155,0.102539,0.268555,0.341797,0.112305,0.424805,1.166992,2
17/11/2017 17:00:44.155,0.107422,0.268555,0.341797,0.107422,0.424805,1.166992,2
17/11/2017 17:00:45.154,0.107422,0.268555,0.341797,0.107422,0.419922,1.166992,2
17/11/2017 17:00:46.156,0.107422,0.268555,0.341797,0.107422,0.424805,1.166992,2
17/11/2017 17:00:47.157,0.102539,0.268555,0.341797,0.107422,0.424805,1.166992,2
17/11/2017 17:00:48.156,0.107422,0.268555,0.341797,0.112305,0.419922,1.166992,2
17/11/2017 17:00:49.155,0.102539,0.268555,0.341797,0.112305,0.424805,1.166992,2
17/11/2017 17:00:50.154,0.107422,0.268555,0.341797,0.112305,0.424805,1.166992,2
17/11/2017 17:00:51.159,0.107422,0.268555,0.341797,0.107422,0.424805,1.166992,2
17/11/2017 17:00:52.158,0.107422,0.268555,0.341797,0.112305,0.424805,1.162109,2
17/11/2017 17:00:53.156,0.102539,0.268555,0.341797,0.107422,0.424805,1.162109,2
17/11/2017 17:00:54.160,0.107422,0.268555,0.341797,0.112305,0.424805,1.162109,2
17/11/2017 17:00:55.160,0.107422,0.268555,0.341797,0.112305,0.424805,1.162109,2
17/11/2017 17:00:56.159,0.107422,0.268555,0.341797,0.107422,0.424805,1.162109,2
17/11/2017 17:00:57.159,0.102539,0.268555,0.341797,0.107422,0.424805,1.162109,2
17/11/2017 17:00:58.157,0.107422,0.268555,0.341797,0.112305,0.424805,1.162109,2
17/11/2017 17:00:59.157,0.107422,0.268555,0.341797,0.112305,0.424805,1.162109,2
17/11/2017 17:01:00.161,0.107422,0.268555,0.341797,0.112305,0.424805,1.162109,2
17/11/2017 17:01:01.159,0.107422,0.268555,0.341797,0.107422,0.424805,1.162109,2
17/11/2017 17:01:02.163,0.107422,0.268555,0.341797,0.112305,0.424805,1.162109,2
17/11/2017 17:01:03.162,0.102539,0.268555,0.341797,0.112305,0.424805,1.162109,2
17/11/2017 17:01:04.162,0.107422,0.268555,0.341797,0.112305,0.424805,1.162109,2
17/11/2017 17:01:05.162,0.107422,0.268555,0.341797,0.112305,0.424805,1.162109,2
17/11/2017 17:01:06.160,0.107422,0.268555,0.341797,0.107422,0.424805,1.162109,2
17/11/2017 17:01:07.165,0.102539,0.268555,0.341797,0.112305,0.424805,1.162109,2
17/11/2017 17:01:08.163,0.107422,0.268555,0.341797,0.112305,0.424805,1.162109,2
17/11/2017 17:01:09.163,0.107422,0.268555,0.341797,0.112305,0.424805,1.162109,2
17/11/2017 17:01:10.162,0.107422,0.268555,0.341797,0.112305,0.424805,1.162109,2
17/11/2017 17:01:11.165,0.107422,0.268555,0.341797,0.107422,0.424805,1.162109,2
17/11/2017 17:01:12.165,0.102539,0.268555,0.341797,0.112305,0.424805,1.162109,2
17/11/2017 17:01:13.164,0.107422,0.268555,0.341797,0.112305,0.424805,1.162109,2
17/11/2017 17:01:14.165,0.107422,0.268555,0.341797,0.107422,0.424805,1.162109,2
17/11/2017 17:01:15.163,0.107422,0.268555,0.341797,0.112305,0.424805,1.162109,2
17/11/2017 17:01:16.163,0.107422,0.268555,0.341797,0.107422,0.424805,1.162109,2
17/11/2017 17:01:17.166,0.107422,0.268555,0.341797,0.112305,0.424805,1.162109,2
17/11/2017 17:01:18.165,0.102539,0.268555,0.341797,0.112305,0.424805,1.162109,2
17/11/2017 17:01:19.169,0.107422,0.268555,0.341797,0.112305,0.424805,1.162109,2
17/11/2017 17:01:20.168,0.107422,0.268555,0.341797,0.107422,0.424805,1.166992,2
17/11/2017 17:01:21.168,0.107422,0.268555,0.341797,0.112305,0.424805,1.162109,2
17/11/2017 17:01:22.167,0.107422,0.268555,0.341797,0.107422,0.424805,1.162109,2
17/11/2017 17:01:23.171,0.107422,0.268555,0.341797,0.112305,0.424805,1.166992,2
17/11/2017 17:01:24.170,0.107422,0.268555,0.341797,0.112305,0.424805,1.166992,2
17/11/2017 17:01:25.169,0.107422,0.268555,0.34668,0.112305,0.424805,1.162109,2
17/11/2017 17:01:26.168,0.107422,0.268555,0.34668,0.112305,0.424805,1.162109,2
17/11/2017 17:01:27.168,0.107422,0.268555,0.34668,0.107422,0.424805,1.166992,2
17/11/2017 17:01:28.172,0.107422,0.268555,0.34668,0.112305,0.424805,1.162109,2
17/11/2017 17:01:29.170,0.107422,0.268555,0.34668,0.112305,0.424805,1.166992,2
17/11/2017 17:01:30.169,0.107422,0.268555,0.34668,0.112305,0.424805,1.166992,2
17/11/2017 17:01:31.175,0.107422,0.268555,0.341797,0.112305,0.424805,1.166992,2
17/11/2017 17:01:32.173,0.107422,0.268555,0.34668,0.107422,0.424805,1.166992,2
17/11/2017 17:01:33.173,0.107422,0.268555,0.341797,0.112305,0.424805,1.162109,2
17/11/2017 17:01:34.171,0.107422,0.268555,0.341797,0.112305,0.424805,1.162109,2
17/11/2017 17:01:35.174,0.107422,0.268555,0.341797,0.112305,0.424805,1.162109,2
17/11/2017 17:01:36.175,0.107422,0.268555,0.341797,0.112305,0.424805,1.162109,2
17/11/2017 17:01:37.173,0.107422,0.268555,0.341797,0.112305,0.424805,1.166992,2
17/11/2017 17:01:38.174,0.107422,0.268555,0.34668,0.112305,0.424805,1.166992,2
17/11/2017 17:01:39.176,0.107422,0.268555,0.341797,0.112305,0.424805,1.166992,2
17/11/2017 17:01:40.176,0.107422,0.268555,0.341797,0.107422,0.424805,1.166992,2
17/11/2017 17:01:41.175,0.107422,0.268555,0.341797,0.112305,0.424805,1.166992,2
17/11/2017 17:01:42.176,0.107422,0.268555,0.341797,0.112305,0.424805,1.166992,2
17/11/2017 17:01:43.178,0.107422,0.268555,0.341797,0.112305,0.424805,1.166992,2
17/11/2017 17:01:44.178,0.107422,0.268555,0.341797,0.112305,0.424805,1.166992,2
17/11/2017 17:01:45.176,0.107422,0.268555,0.341797,0.112305,0.424805,1.166992,2
17/11/2017 17:01:46.176,0.107422,0.268555,0.341797,0.107422,0.424805,1.166992,2
17/11/2017 17:01:47.181,0.107422,0.268555,0.34668,0.112305,0.424805,1.166992,2
17/11/2017 17:01:48.180,0.107422,0.268555,0.341797,0.112305,0.424805,1.166992,2
17/11/2017 17:01:49.179,0.107422,0.268555,0.341797,0.112305,0.424805,1.166992,2
17/11/2017 17:01:50.182,0.107422,0.268555,0.341797,0.112305,0.424805,1.166992,2
17/11/2017 17:01:51.181,0.107422,0.268555,0.341797,0.112305,0.424805,1.166992,2
17/11/2017 17:01:52.181,0.107422,0.268555,0.341797,0.112305,0.424805,1.166992,2
17/11/2017 17:01:53.179,0.107422,0.268555,0.341797,0.112305,0.424805,1.166992,2
17/11/2017 17:01:54.180,0.107422,0.268555,0.34668,0.112305,0.424805,1.166992,2
17/11/2017 17:01:55.178,0.107422,0.268555,0.34668,0.112305,0.424805,1.166992,2
17/11/2017 17:01:56.181,0.107422,0.268555,0.34668,0.112305,0.424805,1.166992,2
17/11/2017 17:01:57.183,0.107422,0.268555,0.341797,0.112305,0.424805,1.166992,2
17/11/2017 17:01:58.180,0.107422,0.268555,0.341797,0.112305,0.424805,1.166992,2
17/11/2017 17:01:59.181,0.107422,0.268555,0.341797,0.112305,0.424805,1.166992,2
17/11/2017 17:02:00.179,0.107422,0.268555,0.34668,0.112305,0.424805,1.166992,2
17/11/2017 17:02:01.182,0.107422,0.268555,0.34668,0.112305,0.424805,1.166992,2
17/11/2017 17:02:02.183,0.107422,0.268555,0.341797,0.112305,0.424805,1.166992,2
17/11/2017 17:02:03.183,0.107422,0.268555,0.34668,0.112305,0.424805,1.166992,2
17/11/2017 17:02:04.185,0.107422,0.268555,0.341797,0.112305,0.424805,1.166992,2
17/11/2017 17:02:05.185,0.107422,0.268555,0.34668,0.112305,0.424805,1.166992,2
17/11/2017 17:02:06.185,0.107422,0.268555,0.341797,0.112305,0.424805,1.166992,2
17/11/2017 17:02:07.184,0.107422,0.268555,0.341797,0.112305,0.424805,1.166992,2
17/11/2017 17:02:08.182,0.107422,0.268555,0.34668,0.112305,0.424805,1.166992,2
17/11/2017 17:02:09.186,0.107422,0.268555,0.341797,0.112305,0.424805,1.166992,2
17/11/2017 17:02:10.185,0.107422,0.268555,0.34668,0.112305,0.424805,1.162109,2
17/11/2017 17:02:11.186,0.107422,0.268555,0.341797,0.112305,0.424805,1.162109,2
17/11/2017 17:02:12.185,0.107422,0.268555,0.34668,0.112305,0.424805,1.162109,2
17/11/2017 17:02:13.184,0.107422,0.268555,0.34668,0.112305,0.424805,1.162109,2
17/11/2017 17:02:14.188,0.107422,0.268555,0.341797,0.112305,0.424805,1.162109,2
17/11/2017 17:02:15.186,0.107422,0.268555,0.34668,0.112305,0.424805,1.162109,2
17/11/2017 17:02:16.186,0.107422,0.268555,0.34668,0.112305,0.424805,1.162109,2
17/11/2017 17:02:17.185,0.107422,0.268555,0.34668,0.112305,0.424805,1.162109,2
17/11/2017 17:02:18.188,0.107422,0.268555,0.341797,0.112305,0.424805,1.162109,2
17/11/2017 17:02:19.189,0.107422,0.268555,0.34668,0.112305,0.424805,1.162109,2
17/11/2017 17:02:20.188,0.107422,0.268555,0.34668,0.112305,0.424805,1.162109,2
17/11/2017 17:02:21.187,0.107422,0.268555,0.34668,0.112305,0.424805,1.162109,2
17/11/2017 17:02:22.186,0.107422,0.268555,0.34668,0.112305,0.424805,1.162109,2
17/11/2017 17:02:23.190,0.107422,0.268555,0.34668,0.112305,0.424805,1.162109,2
17/11/2017 17:02:24.190,0.107422,0.268555,0.34668,0.112305,0.424805,1.162109,2
17/11/2017 17:02:25.194,0.107422,0.268555,0.34668,0.112305,0.424805,1.162109,2
17/11/2017 17:02:26.193,0.107422,0.268555,0.34668,0.112305,0.424805,1.162109,2
17/11/2017 17:02:27.191,0.107422,0.268555,0.34668,0.112305,0.424805,1.162109,2
17/11/2017 17:02:28.194,0.107422,0.268555,0.34668,0.112305,0.424805,1.162109,2
17/11/2017 17:02:29.194,0.107422,0.268555,0.34668,0.112305,0.424805,1.162109,2
17/11/2017 17:02:30.195,0.107422,0.268555,0.34668,0.112305,0.424805,1.162109,2
17/11/2017 17:02:31.193,0.107422,0.268555,0.34668,0.112305,0.424805,1.162109,2
17/11/2017 17:02:32.196,0.107422,0.268555,0.34668,0.112305,0.424805,1.162109,2
17/11/2017 17:02:33.197,0.107422,0.268555,0.34668,0.112305,0.424805,1.162109,2
17/11/2017 17:02:34.195,0.107422,0.268555,0.34668,0.112305,0.424805,1.162109,2
17/11/2017 17:02:35.194,0.107422,0.268555,0.34668,0.112305,0.424805,1.162109,2
17/11/2017 17:02:36.193,0.107422,0.268555,0.34668,0.112305,0.424805,1.162109,2
17/11/2017 17:02:37.192,0.107422,0.268555,0.34668,0.112305,0.424805,1.162109,2
17/11/2017 17:02:38.198,0.107422,0.268555,0.34668,0.112305,0.424805,1.162109,2
17/11/2017 17:02:39.196,0.107422,0.268555,0.34668,0.112305,0.424805,1.162109,2
17/11/2017 17:02:40.199,0.107422,0.268555,0.34668,0.112305,0.424805,1.162109,2
17/11/2017 17:02:41.200,0.107422,0.268555,0.34668,0.112305,0.424805,1.162109,2
17/11/2017 17:02:42.198,0.107422,0.268555,0.34668,0.112305,0.424805,1.162109,2
17/11/2017 17:02:43.198,0.107422,0.268555,0.34668,0.112305,0.424805,1.166992,2
17/11/2017 17:02:44.197,0.107422,0.268555,0.34668,0.112305,0.424805,1.162109,2
17/11/2017 17:02:45.201,0.107422,0.268555,0.34668,0.112305,0.424805,1.162109,2
17/11/2017 17:02:46.200,0.107422,0.268555,0.34668,0.112305,0.424805,1.162109,2
17/11/2017 17:02:47.199,0.107422,0.268555,0.34668,0.112305,0.424805,1.162109,2
17/11/2017 17:02:48.198,0.107422,0.268555,0.34668,0.112305,0.424805,1.162109,2
17/11/2017 17:02:49.198,0.107422,0.268555,0.34668,0.112305,0.424805,1.162109,2
17/11/2017 17:02:50.202,0.107422,0.268555,0.34668,0.112305,0.424805,1.162109,2
17/11/2017 17:02:51.200,0.107422,0.268555,0.34668,0.112305,0.424805,1.162109,2
17/11/2017 17:02:52.200,0.107422,0.268555,0.34668,0.112305,0.424805,1.162109,2
17/11/2017 17:02:53.200,0.107422,0.268555,0.34668,0.112305,0.424805,1.162109,2
17/11/2017 17:02:54.198,0.107422,0.268555,0.34668,0.112305,0.424805,1.162109,2
17/11/2017 17:02:55.203,0.107422,0.268555,0.34668,0.112305,0.424805,1.162109,2
17/11/2017 17:02:56.201,0.107422,0.268555,0.34668,0.112305,0.424805,1.162109,2
17/11/2017 17:02:57.200,0.107422,0.268555,0.34668,0.112305,0.424805,1.162109,2
17/11/2017 17:02:58.205,0.107422,0.268555,0.34668,0.112305,0.424805,1.162109,2
17/11/2017 17:02:59.205,0.107422,0.268555,0.34668,0.112305,0.424805,1.162109,2
17/11/2017 17:03:00.204,0.107422,0.268555,0.34668,0.112305,0.424805,1.162109,2
17/11/2017 17:03:01.203,0.107422,0.268555,0.34668,0.112305,0.424805,1.162109,2
17/11/2017 17:03:02.205,0.107422,0.268555,0.34668,0.112305,0.424805,1.162109,2
17/11/2017 17:03:03.205,0.107422,0.268555,0.34668,0.112305,0.424805,1.162109,2
17/11/2017 17:03:04.206,0.107422,0.268555,0.34668,0.112305,0.424805,1.162109,2
17/11/2017 17:03:05.205,0.107422,0.268555,0.34668,0.112305,0.424805,1.162109,2
17/11/2017 17:03:06.203,0.107422,0.268555,0.34668,0.112305,0.424805,1.162109,2
17/11/2017 17:03:07.207,0.107422,0.268555,0.34668,0.112305,0.424805,1.162109,2
17/11/2017 17:03:08.206,0.107422,0.268555,0.34668,0.112305,0.424805,1.162109,2
17/11/2017 17:03:09.207,0.107422,0.268555,0.34668,0.112305,0.424805,1.162109,2
17/11/2017 17:03:10.204,0.107422,0.268555,0.34668,0.112305,0.424805,1.162109,2
17/11/2017 17:03:11.204,0.107422,0.268555,0.34668,0.112305,0.424805,1.162109,2
17/11/2017 17:03:12.208,0.107422,0.268555,0.34668,0.112305,0.424805,1.162109,2
17/11/2017 17:03:13.206,0.107422,0.268555,0.34668,0.112305,0.424805,1.162109,2
17/11/2017 17:03:14.206,0.107422,0.268555,0.34668,0.112305,0.424805,1.162109,2
17/11/2017 17:03:15.210,0.107422,0.268555,0.34668,0.112305,0.424805,1.162109,2
17/11/2017 17:03:16.210,0.107422,0.268555,0.34668,0.112305,0.424805,1.162109,2
17/11/2017 17:03:17.210,0.107422,0.268555,0.34668,0.112305,0.424805,1.162109,2
17/11/2017 17:03:18.209,0.107422,0.268555,0.34668,0.112305,0.424805,1.162109,2
17/11/2017 17:03:19.208,0.107422,0.268555,0.34668,0.112305,0.424805,1.162109,2
17/11/2017 17:03:20.212,0.107422,0.268555,0.34668,0.112305,0.424805,1.162109,2
17/11/2017 17:03:21.211,0.107422,0.268555,0.34668,0.112305,0.424805,1.162109,2
17/11/2017 17:03:22.211,0.107422,0.268555,0.34668,0.112305,0.424805,1.162109,2
17/11/2017 17:03:23.209,0.107422,0.268555,0.34668,0.112305,0.424805,1.162109,2
17/11/2017 17:03:24.208,0.107422,0.268555,0.34668,0.112305,0.424805,1.162109,2
17/11/2017 17:03:25.212,0.107422,0.268555,0.34668,0.112305,0.424805,1.162109,2
17/11/2017 17:03:26.211,0.107422,0.268555,0.34668,0.112305,0.424805,1.162109,2
17/11/2017 17:03:27.210,0.107422,0.268555,0.34668,0.112305,0.424805,1.162109,2
17/11/2017 17:03:28.210,0.107422,0.268555,0.34668,0.112305,0.429687,1.162109,2
17/11/2017 17:03:29.213,0.107422,0.268555,0.34668,0.112305,0.424805,1.162109,2
17/11/2017 17:03:30.213,0.107422,0.268555,0.34668,0.112305,0.424805,1.162109,2
17/11/2017 17:03:31.213,0.107422,0.268555,0.34668,0.112305,0.424805,1.162109,2
17/11/2017 17:03:32.216,0.107422,0.268555,0.34668,0.112305,0.424805,1.162109,2
17/11/2017 17:03:33.214,0.107422,0.268555,0.34668,0.112305,0.424805,1.162109,2
17/11/2017 17:03:34.214,0.107422,0.268555,0.34668,0.112305,0.424805,1.162109,2
17/11/2017 17:03:35.213,0.107422,0.268555,0.34668,0.112305,0.424805,1.162109,2
17/11/2017 17:03:36.214,0.107422,0.268555,0.34668,0.112305,0.424805,1.162109,2
17/11/2017 17:03:37.217,0.107422,0.268555,0.34668,0.112305,0.424805,1.162109,2
17/11/2017 17:03:38.217,0.107422,0.268555,0.34668,0.112305,0.424805,1.162109,2
17/11/2017 17:03:39.219,0.107422,0.268555,0.34668,0.112305,0.429687,1.162109,2
17/11/2017 17:03:40.218,0.107422,0.268555,0.34668,0.112305,0.424805,1.162109,2
17/11/2017 17:03:41.219,0.107422,0.268555,0.34668,0.112305,0.424805,1.162109,2
17/11/2017 17:03:42.222,0.107422,0.268555,0.34668,0.112305,0.424805,1.162109,2
17/11/2017 17:03:43.221,0.107422,0.268555,0.34668,0.112305,0.429687,1.162109,2
17/11/2017 17:03:44.220,0.107422,0.268555,0.34668,0.112305,0.424805,1.162109,2
17/11/2017 17:03:45.219,0.107422,0.268555,0.351562,0.112305,0.424805,1.162109,2
17/11/2017 17:03:46.220,0.107422,0.268555,0.34668,0.112305,0.429687,1.162109,2
17/11/2017 17:03:47.223,0.107422,0.268555,0.34668,0.112305,0.429687,1.162109,2
17/11/2017 17:03:48.222,0.107422,0.268555,0.34668,0.112305,0.424805,1.162109,2
17/11/2017 17:03:49.221,0.107422,0.268555,0.34668,0.112305,0.424805,1.162109,2
17/11/2017 17:03:50.221,0.107422,0.268555,0.34668,0.112305,0.424805,1.162109,2
17/11/2017 17:03:51.221,0.107422,0.268555,0.34668,0.112305,0.424805,1.162109,2
17/11/2017 17:03:52.220,0.107422,0.268555,0.351562,0.112305,0.429687,1.162109,2
17/11/2017 17:03:53.224,0.107422,0.268555,0.34668,0.112305,0.429687,1.162109,2
17/11/2017 17:03:54.222,0.107422,0.268555,0.351562,0.112305,0.424805,1.162109,2
17/11/2017 17:03:55.225,0.107422,0.268555,0.34668,0.112305,0.429687,1.162109,2
17/11/2017 17:03:56.225,0.107422,0.268555,0.34668,0.112305,0.424805,1.162109,2
17/11/2017 17:03:57.224,0.107422,0.268555,0.351562,0.112305,0.424805,1.162109,2
17/11/2017 17:03:58.224,0.107422,0.268555,0.351562,0.112305,0.429687,1.162109,2
17/11/2017 17:03:59.227,0.107422,0.268555,0.34668,0.112305,0.424805,1.162109,2
17/11/2017 17:04:00.226,0.107422,0.268555,0.351562,0.112305,0.424805,1.162109,2
17/11/2017 17:04:01.227,0.107422,0.268555,0.351562,0.112305,0.429687,1.162109,2
17/11/2017 17:04:02.229,0.107422,0.268555,0.351562,0.112305,0.424805,1.162109,2
17/11/2017 17:04:03.230,0.107422,0.268555,0.34668,0.112305,0.429687,1.162109,2
17/11/2017 17:04:04.227,0.107422,0.268555,0.351562,0.112305,0.424805,1.162109,2
17/11/2017 17:04:05.228,0.107422,0.268555,0.351562,0.112305,0.429687,1.162109,2
17/11/2017 17:04:06.226,0.107422,0.268555,0.351562,0.112305,0.429687,1.162109,2
17/11/2017 17:04:07.230,0.107422,0.268555,0.351562,0.112305,0.429687,1.162109,2
17/11/2017 17:04:08.229,0.107422,0.268555,0.351562,0.112305,0.429687,1.162109,2
17/11/2017 17:04:09.229,0.107422,0.268555,0.351562,0.112305,0.429687,1.162109,2
17/11/2017 17:04:10.229,0.107422,0.268555,0.351562,0.112305,0.429687,1.162109,2
17/11/2017 17:04:11.227,0.107422,0.268555,0.34668,0.112305,0.429687,1.162109,2
17/11/2017 17:04:12.231,0.107422,0.268555,0.351562,0.112305,0.429687,1.162109,2
17/11/2017 17:04:13.231,0.107422,0.268555,0.351562,0.112305,0.429687,1.162109,2
17/11/2017 17:04:14.230,0.107422,0.268555,0.351562,0.112305,0.429687,1.162109,2
17/11/2017 17:04:15.230,0.107422,0.268555,0.351562,0.112305,0.429687,1.162109,2
17/11/2017 17:04:16.228,0.107422,0.268555,0.351562,0.112305,0.429687,1.162109,2
17/11/2017 17:04:17.232,0.107422,0.268555,0.351562,0.112305,0.429687,1.162109,2
17/11/2017 17:04:18.231,0.107422,0.268555,0.351562,0.112305,0.429687,1.162109,2
17/11/2017 17:04:19.231,0.107422,0.268555,0.351562,0.112305,0.429687,1.162109,2
17/11/2017 17:04:20.232,0.107422,0.268555,0.351562,0.112305,0.429687,1.162109,2
17/11/2017 17:04:21.234,0.107422,0.268555,0.351562,0.112305,0.429687,1.162109,2
17/11/2017 17:04:22.234,0.107422,0.268555,0.351562,0.112305,0.429687,1.162109,2
17/11/2017 17:04:23.233,0.107422,0.268555,0.351562,0.112305,0.429687,1.162109,2
17/11/2017 17:04:24.232,0.107422,0.268555,0.351562,0.112305,0.429687,1.162109,2
17/11/2017 17:04:25.235,0.107422,0.268555,0.351562,0.112305,0.429687,1.162109,2
17/11/2017 17:04:26.235,0.107422,0.268555,0.351562,0.112305,0.429687,1.162109,2
17/11/2017 17:04:27.236,0.107422,0.268555,0.351562,0.112305,0.429687,1.162109,2
17/11/2017 17:04:28.234,0.107422,0.268555,0.351562,0.112305,0.429687,1.157227,2
17/11/2017 17:04:29.238,0.107422,0.268555,0.351562,0.112305,0.429687,1.162109,2
17/11/2017 17:04:30.236,0.107422,0.268555,0.351562,0.112305,0.429687,1.157227,2
17/11/2017 17:04:31.236,0.107422,0.268555,0.351562,0.112305,0.429687,1.162109,2
17/11/2017 17:04:32.235,0.107422,0.268555,0.351562,0.112305,0.429687,1.162109,2
17/11/2017 17:04:33.234,0.107422,0.268555,0.351562,0.112305,0.424805,1.157227,2
17/11/2017 17:04:34.237,0.107422,0.263672,0.34668,0.112305,0.419922,1.157227,2
17/11/2017 17:04:35.238,0.107422,0.258789,0.34668,0.112305,0.415039,1.152344,2
17/11/2017 17:04:36.236,0.107422,0.253906,0.34668,0.112305,0.415039,1.152344,2
17/11/2017 17:04:37.240,0.107422,0.253906,0.341797,0.112305,0.410156,1.142578,2
17/11/2017 17:04:38.240,0.107422,0.249023,0.341797,0.112305,0.410156,1.137695,2
17/11/2017 17:04:39.240,0.107422,0.244141,0.336914,0.112305,0.410156,1.132812,2
17/11/2017 17:04:40.239,0.107422,0.244141,0.336914,0.107422,0.405273,1.123047,2
17/11/2017 17:04:41.237,0.107422,0.244141,0.332031,0.107422,0.405273,1.118164,2
17/11/2017 17:04:42.241,0.107422,0.239258,0.332031,0.112305,0.405273,1.108398,2
17/11/2017 17:04:43.241,0.107422,0.239258,0.327148,0.107422,0.405273,1.103516,2
17/11/2017 17:04:44.241,0.107422,0.234375,0.327148,0.107422,0.405273,1.09375,2
17/11/2017 17:04:45.244,0.107422,0.234375,0.322266,0.107422,0.400391,1.088867,2
17/11/2017 17:04:46.243,0.107422,0.229492,0.322266,0.107422,0.400391,1.079102,2
17/11/2017 17:04:47.242,0.107422,0.229492,0.317383,0.107422,0.400391,1.074219,2
17/11/2017 17:04:48.241,0.107422,0.229492,0.317383,0.107422,0.400391,1.064453,2
17/11/2017 17:04:49.240,0.107422,0.224609,0.3125,0.107422,0.400391,1.05957,2
17/11/2017 17:04:50.244,0.107422,0.224609,0.3125,0.107422,0.395508,1.054687,2
17/11/2017 17:04:51.244,0.107422,0.224609,0.3125,0.107422,0.395508,1.049805,2
17/11/2017 17:04:52.242,0.107422,0.219727,0.307617,0.107422,0.395508,1.040039,2
17/11/2017 17:04:53.247,0.107422,0.219727,0.307617,0.107422,0.395508,1.035156,2
17/11/2017 17:04:54.245,0.107422,0.219727,0.307617,0.107422,0.395508,1.030273,2
17/11/2017 17:04:55.246,0.107422,0.219727,0.302734,0.107422,0.395508,1.020508,2
17/11/2017 17:04:56.244,0.102539,0.214844,0.302734,0.107422,0.395508,1.015625,2
17/11/2017 17:04:57.249,0.107422,0.214844,0.302734,0.107422,0.395508,1.010742,2
17/11/2017 17:04:58.248,0.107422,0.214844,0.297852,0.107422,0.390625,1.005859,2
17/11/2017 17:04:59.246,0.107422,0.209961,0.297852,0.107422,0.390625,1.000977,2
17/11/2017 17:05:00.246,0.107422,0.209961,0.297852,0.107422,0.390625,0.996094,2
17/11/2017 17:05:01.245,0.107422,0.209961,0.297852,0.107422,0.390625,0.991211,2
17/11/2017 17:05:02.249,0.102539,0.209961,0.292969,0.107422,0.390625,0.986328,2
17/11/2017 17:05:03.247,0.102539,0.209961,0.292969,0.102539,0.390625,0.981445,2
17/11/2017 17:05:04.248,0.102539,0.205078,0.292969,0.102539,0.390625,0.976562,2
17/11/2017 17:05:05.251,0.102539,0.205078,0.292969,0.102539,0.390625,0.97168,2
17/11/2017 17:05:06.251,0.107422,0.205078,0.288086,0.107422,0.390625,0.966797,2
17/11/2017 17:05:07.249,0.102539,0.205078,0.288086,0.102539,0.390625,0.966797,2
17/11/2017 17:05:08.249,0.102539,0.205078,0.288086,0.102539,0.390625,0.961914,2
17/11/2017 17:05:09.253,0.102539,0.200195,0.288086,0.102539,0.390625,0.957031,2
17/11/2017 17:05:10.253,0.102539,0.200195,0.288086,0.107422,0.385742,0.952148,2
17/11/2017 17:05:11.251,0.102539,0.200195,0.288086,0.107422,0.385742,0.947266,2
17/11/2017 17:05:12.250,0.102539,0.200195,0.283203,0.102539,0.385742,0.947266,2
17/11/2017 17:05:13.250,0.102539,0.200195,0.283203,0.102539,0.385742,0.942383,2
17/11/2017 17:05:14.254,0.102539,0.200195,0.283203,0.102539,0.385742,0.9375,2
17/11/2017 17:05:15.252,0.102539,0.195312,0.283203,0.102539,0.385742,0.9375,2
17/11/2017 17:05:16.252,0.102539,0.195312,0.283203,0.102539,0.385742,0.932617,2
17/11/2017 17:05:17.251,0.102539,0.195312,0.283203,0.102539,0.385742,0.932617,2
17/11/2017 17:05:18.252,0.102539,0.195312,0.27832,0.102539,0.385742,0.927734,2
17/11/2017 17:05:19.254,0.102539,0.195312,0.27832,0.102539,0.385742,0.927734,2
17/11/2017 17:05:20.255,0.102539,0.195312,0.27832,0.102539,0.380859,0.922852,2
17/11/2017 17:05:21.253,0.102539,0.195312,0.27832,0.102539,0.380859,0.917969,2
17/11/2017 17:05:22.258,0.102539,0.19043,0.27832,0.102539,0.380859,0.917969,2
17/11/2017 17:05:23.257,0.102539,0.19043,0.27832,0.102539,0.380859,0.913086,2
17/11/2017 17:05:24.255,0.102539,0.19043,0.27832,0.102539,0.380859,0.913086,2
17/11/2017 17:05:25.255,0.102539,0.19043,0.27832,0.102539,0.380859,0.908203,2
17/11/2017 17:05:26.258,0.102539,0.19043,0.273437,0.102539,0.380859,0.908203,2
17/11/2017 17:05:27.258,0.102539,0.19043,0.273437,0.102539,0.380859,0.90332,2
17/11/2017 17:05:28.256,0.102539,0.19043,0.273437,0.102539,0.380859,0.90332,2
17/11/2017 17:05:29.261,0.102539,0.19043,0.273437,0.102539,0.380859,0.90332,2
17/11/2017 17:05:30.260,0.102539,0.185547,0.273437,0.102539,0.380859,0.898437,2
17/11/2017 17:05:31.259,0.102539,0.185547,0.273437,0.102539,0.380859,0.898437,2
17/11/2017 17:05:32.259,0.102539,0.185547,0.273437,0.102539,0.380859,0.898437,2
17/11/2017 17:05:33.258,0.102539,0.185547,0.273437,0.102539,0.380859,0.893555,2
17/11/2017 17:05:34.257,0.102539,0.185547,0.273437,0.102539,0.375977,0.893555,2
17/11/2017 17:05:35.260,0.102539,0.185547,0.268555,0.102539,0.375977,0.888672,2
17/11/2017 17:05:36.259,0.102539,0.185547,0.268555,0.102539,0.375977,0.888672,2
17/11/2017 17:05:37.260,0.102539,0.185547,0.273437,0.102539,0.375977,0.888672,2
17/11/2017 17:05:38.258,0.102539,0.185547,0.268555,0.102539,0.375977,0.883789,2
17/11/2017 17:05:39.258,0.102539,0.185547,0.268555,0.102539,0.375977,0.883789,2
17/11/2017 17:05:40.262,0.102539,0.180664,0.268555,0.102539,0.375977,0.883789,2
17/11/2017 17:05:41.260,0.102539,0.180664,0.268555,0.102539,0.375977,0.878906,2
17/11/2017 17:05:42.261,0.102539,0.180664,0.268555,0.102539,0.375977,0.878906,2
17/11/2017 17:05:43.263,0.102539,0.180664,0.268555,0.102539,0.375977,0.878906,2
17/11/2017 17:05:44.262,0.102539,0.180664,0.268555,0.102539,0.375977,0.878906,2
17/11/2017 17:05:45.266,0.102539,0.180664,0.268555,0.102539,0.375977,0.874023,2
17/11/2017 17:05:46.267,0.102539,0.180664,0.268555,0.102539,0.375977,0.874023,2
17/11/2017 17:05:47.266,0.102539,0.180664,0.268555,0.102539,0.375977,0.874023,2
17/11/2017 17:05:48.264,0.102539,0.180664,0.268555,0.102539,0.375977,0.874023,2
17/11/2017 17:05:49.268,0.102539,0.180664,0.268555,0.102539,0.375977,0.869141,2
17/11/2017 17:05:50.267,0.102539,0.180664,0.268555,0.102539,0.375977,0.869141,2
17/11/2017 17:05:51.267,0.102539,0.175781,0.263672,0.102539,0.375977,0.869141,2
17/11/2017 17:05:52.271,0.102539,0.175781,0.268555,0.102539,0.375977,0.869141,2
17/11/2017 17:05:53.270,0.102539,0.175781,0.263672,0.097656,0.371094,0.864258,2
17/11/2017 17:05:54.269,0.102539,0.175781,0.263672,0.097656,0.371094,0.864258,2
17/11/2017 17:05:55.269,0.102539,0.175781,0.263672,0.097656,0.371094,0.864258,2
17/11/2017 17:05:56.272,0.102539,0.175781,0.263672,0.097656,0.371094,0.864258,2
17/11/2017 17:05:57.272,0.102539,0.175781,0.263672,0.097656,0.371094,0.859375,2
17/11/2017 17:05:58.271,0.102539,0.175781,0.263672,0.097656,0.371094,0.859375,2
17/11/2017 17:05:59.275,0.102539,0.175781,0.263672,0.097656,0.371094,0.859375,2
17/11/2017 17:06:00.273,0.097656,0.175781,0.263672,0.097656,0.371094,0.859375,2
17/11/2017 17:06:01.272,0.102539,0.175781,0.263672,0.097656,0.371094,0.859375,2
17/11/2017 17:06:02.272,0.102539,0.175781,0.263672,0.097656,0.371094,0.859375,2
17/11/2017 17:06:03.272,0.102539,0.175781,0.263672,0.097656,0.371094,0.854492,2
17/11/2017 17:06:04.276,0.102539,0.175781,0.263672,0.097656,0.371094,0.854492,2
17/11/2017 17:06:05.274,0.097656,0.175781,0.263672,0.097656,0.371094,0.854492,2
17/11/2017 17:06:06.273,0.102539,0.175781,0.263672,0.097656,0.371094,0.854492,2
17/11/2017 17:06:07.273,0.102539,0.170898,0.263672,0.097656,0.371094,0.854492,2
17/11/2017 17:06:08.276,0.102539,0.170898,0.263672,0.097656,0.371094,0.849609,2
17/11/2017 17:06:09.276,0.097656,0.170898,0.263672,0.097656,0.371094,0.849609,2
17/11/2017 17:06:10.276,0.102539,0.170898,0.263672,0.097656,0.371094,0.849609,2
17/11/2017 17:06:11.276,0.097656,0.170898,0.258789,0.097656,0.371094,0.849609,2
17/11/2017 17:06:12.274,0.097656,0.170898,0.263672,0.097656,0.371094,0.849609,2
17/11/2017 17:06:13.273,0.097656,0.170898,0.258789,0.097656,0.371094,0.849609,2
17/11/2017 17:06:14.277,0.097656,0.170898,0.258789,0.097656,0.371094,0.849609,2
17/11/2017 17:06:15.276,0.102539,0.170898,0.258789,0.097656,0.371094,0.844727,2
17/11/2017 17:06:16.280,0.097656,0.170898,0.258789,0.097656,0.371094,0.844727,2
17/11/2017 17:06:17.279,0.097656,0.170898,0.258789,0.097656,0.371094,0.844727,2
17/11/2017 17:06:18.282,0.097656,0.170898,0.258789,0.097656,0.371094,0.844727,2
17/11/2017 17:06:19.282,0.097656,0.170898,0.258789,0.097656,0.371094,0.844727,2
17/11/2017 17:06:20.281,0.097656,0.170898,0.258789,0.097656,0.366211,0.844727,2
17/11/2017 17:06:21.282,0.097656,0.170898,0.258789,0.097656,0.366211,0.844727,2
17/11/2017 17:06:22.284,0.097656,0.170898,0.258789,0.097656,0.366211,0.839844,2
17/11/2017 17:06:23.283,0.097656,0.170898,0.258789,0.097656,0.366211,0.839844,2
17/11/2017 17:06:24.283,0.097656,0.170898,0.258789,0.097656,0.366211,0.839844,2
17/11/2017 17:06:25.282,0.097656,0.170898,0.258789,0.097656,0.366211,0.839844,2
17/11/2017 17:06:26.282,0.097656,0.166016,0.258789,0.097656,0.366211,0.839844,2
17/11/2017 17:06:27.282,0.097656,0.166016,0.258789,0.097656,0.366211,0.839844,2
17/11/2017 17:06:28.285,0.097656,0.166016,0.258789,0.097656,0.366211,0.839844,2
17/11/2017 17:06:29.285,0.097656,0.166016,0.258789,0.097656,0.366211,0.839844,2
17/11/2017 17:06:30.282,0.097656,0.166016,0.258789,0.097656,0.366211,0.834961,2
17/11/2017 17:06:31.286,0.097656,0.166016,0.258789,0.097656,0.366211,0.834961,2
17/11/2017 17:06:32.286,0.097656,0.166016,0.258789,0.097656,0.366211,0.834961,2
17/11/2017 17:06:33.286,0.097656,0.166016,0.258789,0.097656,0.366211,0.834961,2
17/11/2017 17:06:34.285,0.097656,0.166016,0.258789,0.097656,0.366211,0.834961,2
17/11/2017 17:06:35.285,0.097656,0.166016,0.258789,0.097656,0.366211,0.834961,2
17/11/2017 17:06:36.283,0.097656,0.166016,0.258789,0.097656,0.366211,0.834961,2
17/11/2017 17:06:37.287,0.097656,0.166016,0.253906,0.097656,0.366211,0.834961,2
17/11/2017 17:06:38.286,0.097656,0.166016,0.253906,0.097656,0.366211,0.834961,2
17/11/2017 17:06:39.286,0.097656,0.166016,0.258789,0.097656,0.366211,0.834961,2
17/11/2017 17:06:40.289,0.097656,0.166016,0.253906,0.097656,0.366211,0.830078,2
17/11/2017 17:06:41.288,0.097656,0.166016,0.253906,0.097656,0.366211,0.830078,2
17/11/2017 17:06:42.289,0.097656,0.166016,0.253906,0.097656,0.366211,0.830078,2
17/11/2017 17:06:43.287,0.097656,0.166016,0.253906,0.097656,0.366211,0.830078,2
17/11/2017 17:06:44.287,0.097656,0.166016,0.253906,0.097656,0.366211,0.830078,2
17/11/2017 17:06:45.291,0.097656,0.166016,0.253906,0.097656,0.366211,0.830078,2
17/11/2017 17:06:46.290,0.097656,0.166016,0.253906,0.097656,0.366211,0.830078,2
17/11/2017 17:06:47.288,0.097656,0.161133,0.253906,0.097656,0.366211,0.830078,2
17/11/2017 17:06:48.289,0.097656,0.166016,0.253906,0.097656,0.366211,0.830078,2
17/11/2017 17:06:49.287,0.097656,0.161133,0.253906,0.097656,0.366211,0.830078,2
17/11/2017 17:06:50.290,0.097656,0.166016,0.253906,0.097656,0.366211,0.825195,2
17/11/2017 17:06:51.291,0.097656,0.166016,0.253906,0.097656,0.366211,0.830078,2
17/11/2017 17:06:52.290,0.097656,0.161133,0.253906,0.097656,0.366211,0.825195,2
17/11/2017 17:06:53.289,0.097656,0.161133,0.253906,0.097656,0.361328,0.825195,2
17/11/2017 17:06:54.292,0.097656,0.161133,0.253906,0.097656,0.361328,0.825195,2
17/11/2017 17:06:55.291,0.097656,0.161133,0.253906,0.097656,0.361328,0.825195,2
17/11/2017 17:06:56.291,0.097656,0.161133,0.253906,0.097656,0.361328,0.825195,2
17/11/2017 17:06:57.290,0.097656,0.161133,0.253906,0.097656,0.366211,0.825195,2
17/11/2017 17:06:58.295,0.097656,0.161133,0.253906,0.097656,0.366211,0.825195,2
17/11/2017 17:06:59.293,0.097656,0.161133,0.253906,0.097656,0.366211,0.825195,2
17/11/2017 17:07:00.297,0.097656,0.161133,0.253906,0.097656,0.366211,0.825195,2
17/11/2017 17:07:01.296,0.097656,0.161133,0.253906,0.097656,0.366211,0.825195,2
17/11/2017 17:07:02.296,0.097656,0.161133,0.253906,0.097656,0.366211,0.825195,2
17/11/2017 17:07:03.299,0.097656,0.161133,0.253906,0.097656,0.366211,0.825195,2
17/11/2017 17:07:04.298,0.097656,0.161133,0.253906,0.097656,0.366211,0.825195,2
17/11/2017 17:07:05.298,0.097656,0.161133,0.253906,0.097656,0.366211,0.825195,2
17/11/2017 17:07:06.297,0.097656,0.161133,0.253906,0.097656,0.366211,0.825195,2
17/11/2017 17:07:07.301,0.097656,0.161133,0.253906,0.097656,0.366211,0.825195,2
17/11/2017 17:07:08.300,0.097656,0.161133,0.253906,0.092773,0.366211,0.825195,2
17/11/2017 17:07:09.299,0.097656,0.161133,0.253906,0.097656,0.366211,0.820312,2
17/11/2017 17:07:10.298,0.097656,0.161133,0.253906,0.097656,0.366211,0.820312,2
17/11/2017 17:07:11.303,0.097656,0.161133,0.253906,0.097656,0.366211,0.820312,2
17/11/2017 17:07:12.301,0.097656,0.161133,0.253906,0.097656,0.366211,0.820312,2
17/11/2017 17:07:13.301,0.097656,0.161133,0.253906,0.097656,0.366211,0.820312,2
17/11/2017 17:07:14.300,0.097656,0.161133,0.253906,0.097656,0.366211,0.820312,2
17/11/2017 17:07:15.301,0.097656,0.161133,0.249023,0.097656,0.366211,0.820312,2
17/11/2017 17:07:16.303,0.097656,0.161133,0.249023,0.097656,0.366211,0.820312,2
17/11/2017 17:07:17.303,0.097656,0.161133,0.249023,0.092773,0.366211,0.820312,2
17/11/2017 17:07:18.301,0.097656,0.161133,0.249023,0.097656,0.366211,0.820312,2
17/11/2017 17:07:19.302,0.097656,0.161133,0.253906,0.097656,0.366211,0.820312,2
17/11/2017 17:07:20.305,0.097656,0.161133,0.249023,0.097656,0.366211,0.820312,2
17/11/2017 17:07:21.304,0.097656,0.161133,0.249023,0.092773,0.366211,0.820312,2
17/11/2017 17:07:22.304,0.097656,0.161133,0.249023,0.097656,0.361328,0.820312,2
17/11/2017 17:07:23.303,0.097656,0.161133,0.249023,0.092773,0.361328,0.820312,2
17/11/2017 17:07:24.302,0.097656,0.161133,0.249023,0.097656,0.361328,0.820312,2
17/11/2017 17:07:25.301,0.097656,0.161133,0.249023,0.097656,0.361328,0.820312,2
17/11/2017 17:07:26.304,0.097656,0.161133,0.249023,0.092773,0.361328,0.820312,2
17/11/2017 17:07:27.304,0.097656,0.161133,0.249023,0.097656,0.361328,0.820312,2
17/11/2017 17:07:28.304,0.097656,0.161133,0.249023,0.097656,0.361328,0.820312,2
17/11/2017 17:07:29.303,0.097656,0.161133,0.249023,0.092773,0.361328,0.820312,2
17/11/2017 17:07:30.307,0.097656,0.15625,0.249023,0.092773,0.361328,0.820312,2
17/11/2017 17:07:31.305,0.097656,0.15625,0.249023,0.092773,0.361328,0.820312,2
17/11/2017 17:07:32.305,0.097656,0.15625,0.249023,0.092773,0.361328,0.81543,2
17/11/2017 17:07:33.305,0.097656,0.15625,0.249023,0.092773,0.361328,0.81543,2
17/11/2017 17:07:34.309,0.097656,0.15625,0.249023,0.092773,0.361328,0.81543,2
17/11/2017 17:07:35.308,0.097656,0.15625,0.249023,0.092773,0.361328,0.81543,2
17/11/2017 17:07:36.307,0.097656,0.15625,0.249023,0.092773,0.361328,0.81543,2
17/11/2017 17:07:37.307,0.097656,0.15625,0.249023,0.097656,0.361328,0.81543,2
17/11/2017 17:07:38.305,0.097656,0.15625,0.249023,0.092773,0.361328,0.81543,2
17/11/2017 17:07:39.309,0.097656,0.15625,0.249023,0.092773,0.361328,0.820312,2
17/11/2017 17:07:40.308,0.097656,0.15625,0.249023,0.097656,0.361328,0.81543,2
17/11/2017 17:07:41.307,0.097656,0.15625,0.249023,0.092773,0.361328,0.81543,2
17/11/2017 17:07:42.312,0.097656,0.15625,0.249023,0.097656,0.361328,0.81543,2
17/11/2017 17:07:43.310,0.097656,0.15625,0.249023,0.092773,0.361328,0.81543,2
17/11/2017 17:07:44.310,0.097656,0.15625,0.249023,0.092773,0.361328,0.81543,2
17/11/2017 17:07:45.309,0.097656,0.15625,0.249023,0.092773,0.361328,0.81543,2
17/11/2017 17:07:46.308,0.097656,0.15625,0.249023,0.092773,0.361328,0.81543,2
17/11/2017 17:07:47.311,0.097656,0.15625,0.249023,0.092773,0.361328,0.81543,2
17/11/2017 17:07:48.311,0.097656,0.15625,0.249023,0.092773,0.361328,0.81543,2
17/11/2017 17:07:49.310,0.097656,0.15625,0.249023,0.092773,0.361328,0.81543,2
17/11/2017 17:07:50.310,0.097656,0.15625,0.249023,0.092773,0.361328,0.81543,2
17/11/2017 17:07:51.309,0.097656,0.15625,0.249023,0.092773,0.361328,0.81543,2
17/11/2017 17:07:52.313,0.097656,0.15625,0.249023,0.092773,0.361328,0.81543,2
17/11/2017 17:07:53.312,0.097656,0.15625,0.249023,0.092773,0.361328,0.81543,2
17/11/2017 17:07:54.312,0.097656,0.15625,0.249023,0.092773,0.361328,0.81543,2
17/11/2017 17:07:55.312,0.097656,0.15625,0.249023,0.092773,0.361328,0.81543,2
17/11/2017 17:07:56.311,0.097656,0.15625,0.249023,0.092773,0.361328,0.81543,2
17/11/2017 17:07:57.314,0.097656,0.15625,0.249023,0.092773,0.361328,0.81543,2
17/11/2017 17:07:58.314,0.097656,0.15625,0.249023,0.092773,0.361328,0.81543,2
17/11/2017 17:07:59.313,0.097656,0.15625,0.249023,0.092773,0.361328,0.81543,2
17/11/2017 17:08:00.312,0.097656,0.15625,0.249023,0.092773,0.361328,0.81543,2
17/11/2017 17:08:01.313,0.092773,0.15625,0.249023,0.092773,0.361328,0.81543,2
17/11/2017 17:08:02.316,0.097656,0.15625,0.249023,0.092773,0.361328,0.81543,2
17/11/2017 17:08:03.313,0.097656,0.15625,0.249023,0.092773,0.361328,0.81543,2
17/11/2017 17:08:04.313,0.097656,0.15625,0.249023,0.092773,0.361328,0.81543,2
17/11/2017 17:08:05.313,0.097656,0.15625,0.249023,0.092773,0.361328,0.81543,2
17/11/2017 17:08:06.317,0.097656,0.15625,0.249023,0.092773,0.361328,0.81543,2
17/11/2017 17:08:07.315,0.092773,0.15625,0.249023,0.092773,0.361328,0.81543,2
17/11/2017 17:08:08.314,0.097656,0.15625,0.249023,0.092773,0.361328,0.81543,2
17/11/2017 17:08:09.315,0.097656,0.15625,0.249023,0.092773,0.361328,0.81543,2
17/11/2017 17:08:10.315,0.097656,0.15625,0.249023,0.092773,0.361328,0.81543,2
17/11/2017 17:08:11.312,0.097656,0.15625,0.249023,0.092773,0.361328,0.81543,2
17/11/2017 17:08:12.317,0.092773,0.15625,0.249023,0.092773,0.361328,0.81543,2
17/11/2017 17:08:13.318,0.097656,0.15625,0.249023,0.092773,0.361328,0.81543,2
17/11/2017 17:08:14.316,0.097656,0.15625,0.249023,0.092773,0.361328,0.81543,2
17/11/2017 17:08:15.315,0.097656,0.15625,0.244141,0.092773,0.361328,0.81543,2
17/11/2017 17:08:16.315,0.097656,0.15625,0.244141,0.092773,0.361328,0.81543,2
17/11/2017 17:08:17.317,0.092773,0.15625,0.244141,0.092773,0.361328,0.81543,2
17/11/2017 17:08:18.318,0.092773,0.15625,0.244141,0.092773,0.361328,0.81543,2
17/11/2017 17:08:19.317,0.097656,0.15625,0.244141,0.092773,0.361328,0.81543,2
17/11/2017 17:08:20.316,0.092773,0.15625,0.249023,0.092773,0.361328,0.81543,2
17/11/2017 17:08:21.319,0.092773,0.15625,0.244141,0.092773,0.361328,0.81543,2
17/11/2017 17:08:22.319,0.092773,0.15625,0.244141,0.092773,0.361328,0.81543,2
17/11/2017 17:08:23.319,0.092773,0.15625,0.244141,0.092773,0.361328,0.81543,2
17/11/2017 17:08:24.317,0.092773,0.15625,0.244141,0.092773,0.361328,0.81543,2
17/11/2017 17:08:25.320,0.092773,0.15625,0.244141,0.092773,0.356445,0.81543,2
17/11/2017 17:08:26.320,0.097656,0.15625,0.244141,0.092773,0.361328,0.81543,2
17/11/2017 17:08:27.319,0.092773,0.15625,0.244141,0.092773,0.361328,0.81543,2
17/11/2017 17:08:28.323,0.092773,0.15625,0.244141,0.092773,0.361328,0.81543,2
17/11/2017 17:08:29.322,0.092773,0.15625,0.244141,0.092773,0.361328,0.81543,2
17/11/2017 17:08:30.321,0.092773,0.15625,0.244141,0.092773,0.356445,0.81543,2
17/11/2017 17:08:31.320,0.092773,0.15625,0.244141,0.092773,0.361328,0.81543,2
17/11/2017 17:08:32.321,0.092773,0.15625,0.244141,0.092773,0.361328,0.81543,2
17/11/2017 17:08:33.320,0.097656,0.15625,0.244141,0.092773,0.361328,0.81543,2
17/11/2017 17:08:34.324,0.092773,0.15625,0.244141,0.092773,0.361328,0.81543,2
17/11/2017 17:08:35.323,0.092773,0.15625,0.244141,0.092773,0.366211,0.81543,2
17/11/2017 17:08:36.323,0.097656,0.151367,0.244141,0.092773,0.366211,0.81543,2
17/11/2017 17:08:37.321,0.092773,0.151367,0.244141,0.092773,0.366211,0.81543,2
17/11/2017 17:08:38.322,0.092773,0.15625,0.244141,0.092773,0.366211,0.81543,2
17/11/2017 17:08:39.324,0.092773,0.15625,0.244141,0.092773,0.366211,0.81543,2
17/11/2017 17:08:40.323,0.092773,0.15625,0.244141,0.092773,0.366211,0.81543,2
17/11/2017 17:18:55.639,0.078125,0.141602,0.224609,0.087891,0.336914,0.722656,2
17/11/2017 17:18:56.641,0.078125,0.141602,0.224609,0.087891,0.336914,0.722656,2
17/11/2017 17:18:57.640,0.078125,0.141602,0.224609,0.087891,0.336914,0.722656,2
17/11/2017 17:18:58.640,0.078125,0.141602,0.224609,0.087891,0.336914,0.722656,2
17/11/2017 17:18:59.639,0.078125,0.146484,0.224609,0.087891,0.336914,0.722656,2
17/11/2017 17:19:00.640,0.078125,0.141602,0.224609,0.087891,0.336914,0.722656,2
17/11/2017 17:19:01.639,0.078125,0.141602,0.224609,0.087891,0.336914,0.722656,2
17/11/2017 17:19:02.643,0.078125,0.141602,0.224609,0.087891,0.336914,0.722656,2
17/11/2017 17:19:03.640,0.078125,0.141602,0.224609,0.087891,0.336914,0.722656,2
17/11/2017 17:19:04.642,0.078125,0.141602,0.224609,0.087891,0.336914,0.722656,2
17/11/2017 17:19:05.641,0.078125,0.146484,0.224609,0.087891,0.336914,0.722656,2
17/11/2017 17:19:06.640,0.078125,0.146484,0.224609,0.087891,0.336914,0.722656,2
17/11/2017 17:19:07.642,0.078125,0.146484,0.224609,0.087891,0.336914,0.722656,2
17/11/2017 17:19:08.642,0.078125,0.146484,0.224609,0.087891,0.336914,0.722656,2
17/11/2017 17:19:09.644,0.078125,0.141602,0.224609,0.087891,0.336914,0.722656,2
17/11/2017 17:19:10.641,0.078125,0.141602,0.224609,0.087891,0.336914,0.727539,2
17/11/2017 17:19:11.644,0.078125,0.146484,0.224609,0.087891,0.336914,0.722656,2
17/11/2017 17:19:12.644,0.078125,0.146484,0.224609,0.087891,0.336914,0.727539,2
17/11/2017 17:19:13.648,0.078125,0.146484,0.224609,0.087891,0.336914,0.727539,2
17/11/2017 17:19:14.647,0.078125,0.146484,0.229492,0.087891,0.336914,0.727539,2
17/11/2017 17:19:15.647,0.078125,0.146484,0.229492,0.087891,0.336914,0.727539,2
17/11/2017 17:19:16.645,0.078125,0.146484,0.229492,0.087891,0.336914,0.727539,2
17/11/2017 17:19:17.645,0.078125,0.141602,0.229492,0.087891,0.336914,0.727539,2
17/11/2017 17:19:18.644,0.078125,0.146484,0.229492,0.087891,0.336914,0.727539,2
17/11/2017 17:19:19.644,0.078125,0.146484,0.229492,0.087891,0.336914,0.727539,2
17/11/2017 17:19:20.648,0.078125,0.146484,0.229492,0.087891,0.336914,0.727539,2
17/11/2017 17:19:21.647,0.078125,0.146484,0.229492,0.087891,0.336914,0.727539,2
17/11/2017 17:19:22.646,0.078125,0.146484,0.229492,0.087891,0.336914,0.727539,2
17/11/2017 17:19:23.650,0.078125,0.146484,0.229492,0.087891,0.336914,0.727539,2
17/11/2017 17:19:24.648,0.078125,0.146484,0.229492,0.087891,0.336914,0.727539,2
17/11/2017 17:19:25.648,0.078125,0.146484,0.229492,0.087891,0.336914,0.727539,2
17/11/2017 17:19:26.647,0.078125,0.146484,0.229492,0.087891,0.336914,0.727539,2
17/11/2017 17:19:27.651,0.078125,0.146484,0.229492,0.087891,0.336914,0.727539,2
17/11/2017 17:19:28.649,0.078125,0.146484,0.229492,0.087891,0.336914,0.727539,2
17/11/2017 17:19:29.649,0.078125,0.146484,0.229492,0.087891,0.336914,0.727539,2
17/11/2017 17:19:30.648,0.078125,0.146484,0.229492,0.087891,0.336914,0.727539,2
17/11/2017 17:19:31.651,0.078125,0.146484,0.229492,0.087891,0.336914,0.727539,2
17/11/2017 17:19:32.652,0.078125,0.146484,0.229492,0.087891,0.336914,0.727539,2
17/11/2017 17:19:33.650,0.078125,0.146484,0.229492,0.087891,0.336914,0.727539,2
17/11/2017 17:19:34.650,0.078125,0.146484,0.229492,0.087891,0.336914,0.727539,2
17/11/2017 17:19:35.651,0.078125,0.146484,0.229492,0.087891,0.341797,0.727539,2
17/11/2017 17:19:36.648,0.078125,0.146484,0.229492,0.087891,0.341797,0.727539,2
17/11/2017 17:19:37.651,0.078125,0.146484,0.229492,0.087891,0.336914,0.727539,2
17/11/2017 17:19:38.653,0.078125,0.146484,0.229492,0.087891,0.341797,0.727539,2
17/11/2017 17:19:39.652,0.078125,0.146484,0.229492,0.087891,0.336914,0.727539,2
17/11/2017 17:19:40.650,0.078125,0.146484,0.229492,0.087891,0.341797,0.727539,2
17/11/2017 17:19:41.650,0.078125,0.146484,0.229492,0.087891,0.336914,0.732422,2
17/11/2017 17:19:42.653,0.078125,0.146484,0.229492,0.087891,0.341797,0.727539,2
17/11/2017 17:19:43.653,0.078125,0.146484,0.229492,0.087891,0.341797,0.727539,2
17/11/2017 17:19:44.653,0.078125,0.146484,0.229492,0.087891,0.341797,0.727539,2
17/11/2017 17:19:45.651,0.078125,0.146484,0.229492,0.087891,0.341797,0.732422,2
17/11/2017 17:19:46.650,0.078125,0.146484,0.229492,0.087891,0.341797,0.732422,2
17/11/2017 17:19:47.655,0.078125,0.146484,0.229492,0.087891,0.341797,0.727539,2
17/11/2017 17:19:48.653,0.078125,0.146484,0.229492,0.087891,0.341797,0.732422,2
17/11/2017 17:19:49.658,0.078125,0.146484,0.229492,0.087891,0.341797,0.732422,2
17/11/2017 17:19:50.656,0.078125,0.146484,0.229492,0.087891,0.341797,0.732422,2
17/11/2017 17:19:51.655,0.078125,0.146484,0.229492,0.087891,0.341797,0.732422,2
17/11/2017 17:19:52.655,0.078125,0.146484,0.229492,0.087891,0.341797,0.732422,2
17/11/2017 17:19:53.655,0.078125,0.146484,0.229492,0.087891,0.341797,0.732422,2
17/11/2017 17:19:54.659,0.078125,0.146484,0.229492,0.087891,0.341797,0.732422,2
17/11/2017 17:19:55.657,0.078125,0.146484,0.229492,0.087891,0.341797,0.732422,2
17/11/2017 17:19:56.657,0.078125,0.146484,0.229492,0.087891,0.341797,0.732422,2
17/11/2017 17:19:57.656,0.078125,0.146484,0.229492,0.087891,0.341797,0.732422,2
17/11/2017 17:19:58.655,0.078125,0.146484,0.234375,0.087891,0.341797,0.732422,2
17/11/2017 17:19:59.659,0.078125,0.146484,0.234375,0.087891,0.341797,0.732422,2
17/11/2017 17:20:00.659,0.078125,0.146484,0.234375,0.087891,0.341797,0.732422,2
17/11/2017 17:20:01.659,0.078125,0.146484,0.234375,0.087891,0.341797,0.732422,2
17/11/2017 17:20:02.657,0.078125,0.146484,0.234375,0.087891,0.341797,0.732422,2
17/11/2017 17:20:03.662,0.078125,0.146484,0.234375,0.087891,0.341797,0.732422,2
17/11/2017 17:20:04.660,0.078125,0.146484,0.234375,0.087891,0.341797,0.732422,2
17/11/2017 17:20:05.659,0.078125,0.146484,0.234375,0.087891,0.341797,0.732422,2
17/11/2017 17:20:06.659,0.078125,0.146484,0.234375,0.087891,0.341797,0.732422,2
17/11/2017 17:20:07.663,0.078125,0.146484,0.234375,0.087891,0.341797,0.732422,2
17/11/2017 17:20:08.662,0.078125,0.146484,0.234375,0.087891,0.341797,0.732422,2
17/11/2017 17:20:09.662,0.078125,0.146484,0.234375,0.087891,0.341797,0.732422,2
17/11/2017 17:20:10.661,0.078125,0.146484,0.234375,0.087891,0.341797,0.732422,2
17/11/2017 17:20:11.664,0.078125,0.146484,0.234375,0.092773,0.341797,0.732422,2
17/11/2017 17:20:12.663,0.078125,0.146484,0.234375,0.087891,0.341797,0.732422,2
17/11/2017 17:20:13.663,0.078125,0.146484,0.234375,0.087891,0.341797,0.732422,2
17/11/2017 17:20:14.663,0.078125,0.146484,0.234375,0.087891,0.341797,0.732422,2
17/11/2017 17:20:15.661,0.078125,0.146484,0.234375,0.087891,0.341797,0.732422,2
17/11/2017 17:20:16.665,0.078125,0.146484,0.234375,0.092773,0.341797,0.732422,2
17/11/2017 17:20:17.664,0.078125,0.146484,0.234375,0.087891,0.341797,0.732422,2
17/11/2017 17:20:18.667,0.078125,0.146484,0.234375,0.087891,0.341797,0.737305,2
17/11/2017 17:20:19.666,0.078125,0.146484,0.234375,0.087891,0.341797,0.737305,2
17/11/2017 17:20:20.666,0.078125,0.146484,0.234375,0.087891,0.341797,0.732422,2
17/11/2017 17:20:21.666,0.078125,0.146484,0.234375,0.087891,0.341797,0.737305,2
17/11/2017 17:20:22.665,0.078125,0.151367,0.234375,0.087891,0.341797,0.737305,2
17/11/2017 17:20:23.664,0.078125,0.146484,0.234375,0.087891,0.341797,0.737305,2
17/11/2017 17:20:24.664,0.078125,0.151367,0.234375,0.087891,0.341797,0.737305,2
17/11/2017 17:20:25.669,0.078125,0.151367,0.234375,0.087891,0.341797,0.737305,2
17/11/2017 17:20:26.667,0.078125,0.146484,0.234375,0.087891,0.341797,0.737305,2
17/11/2017 17:20:27.667,0.078125,0.146484,0.234375,0.087891,0.341797,0.737305,2
17/11/2017 17:20:28.669,0.078125,0.146484,0.234375,0.087891,0.341797,0.737305,2
17/11/2017 17:20:29.668,0.078125,0.151367,0.234375,0.087891,0.341797,0.737305,2
17/11/2017 17:20:30.668,0.078125,0.146484,0.234375,0.092773,0.341797,0.737305,2
17/11/2017 17:20:31.668,0.078125,0.146484,0.234375,0.092773,0.341797,0.737305,2
17/11/2017 17:20:32.668,0.078125,0.151367,0.234375,0.087891,0.341797,0.737305,2
17/11/2017 17:20:33.671,0.078125,0.151367,0.234375,0.092773,0.341797,0.737305,2
17/11/2017 17:20:34.666,0.078125,0.151367,0.234375,0.087891,0.341797,0.737305,2
17/11/2017 17:20:35.669,0.078125,0.151367,0.234375,0.092773,0.341797,0.737305,2
17/11/2017 17:20:36.669,0.078125,0.151367,0.234375,0.087891,0.34668,0.737305,2
17/11/2017 17:20:37.668,0.078125,0.151367,0.234375,0.087891,0.34668,0.742187,2
17/11/2017 17:20:38.672,0.083008,0.15625,0.239258,0.092773,0.34668,0.761719,2
17/11/2017 17:20:39.671,0.083008,0.166016,0.253906,0.092773,0.356445,0.786133,2
17/11/2017 17:20:40.670,0.083008,0.180664,0.268555,0.092773,0.361328,0.810547,2
17/11/2017 17:20:41.670,0.083008,0.19043,0.27832,0.092773,0.366211,0.839844,2
17/11/2017 17:20:42.668,0.087891,0.205078,0.292969,0.097656,0.371094,0.869141,2
17/11/2017 17:20:43.672,0.087891,0.214844,0.302734,0.097656,0.375977,0.893555,2
17/11/2017 17:20:44.671,0.092773,0.224609,0.307617,0.097656,0.380859,0.917969,2
17/11/2017 17:20:45.671,0.092773,0.229492,0.3125,0.097656,0.385742,0.9375,2
17/11/2017 17:20:46.671,0.092773,0.239258,0.317383,0.097656,0.390625,0.961914,2
17/11/2017 17:20:47.669,0.092773,0.244141,0.322266,0.097656,0.390625,0.976562,2
17/11/2017 17:20:48.672,0.092773,0.249023,0.327148,0.097656,0.395508,0.996094,2
17/11/2017 17:20:49.672,0.092773,0.253906,0.327148,0.102539,0.395508,1.010742,2
17/11/2017 17:20:50.673,0.097656,0.258789,0.332031,0.102539,0.400391,1.025391,2
17/11/2017 17:20:51.671,0.097656,0.258789,0.332031,0.102539,0.400391,1.040039,2
17/11/2017 17:20:52.672,0.097656,0.263672,0.336914,0.102539,0.400391,1.054687,2
17/11/2017 17:20:53.670,0.097656,0.263672,0.336914,0.102539,0.405273,1.064453,2
17/11/2017 17:20:54.673,0.097656,0.268555,0.336914,0.102539,0.405273,1.079102,2
17/11/2017 17:20:55.672,0.097656,0.268555,0.336914,0.102539,0.405273,1.088867,2
17/11/2017 17:20:56.673,0.097656,0.268555,0.341797,0.102539,0.405273,1.098633,2
17/11/2017 17:20:57.671,0.097656,0.273437,0.341797,0.102539,0.405273,1.108398,2
17/11/2017 17:20:58.670,0.097656,0.273437,0.341797,0.102539,0.410156,1.113281,2
17/11/2017 17:20:59.670,0.097656,0.273437,0.341797,0.102539,0.410156,1.123047,2
17/11/2017 17:21:00.674,0.097656,0.273437,0.341797,0.102539,0.410156,1.12793,2
17/11/2017 17:21:01.675,0.102539,0.27832,0.341797,0.102539,0.410156,1.137695,2
17/11/2017 17:21:02.672,0.102539,0.27832,0.34668,0.102539,0.410156,1.142578,2
17/11/2017 17:21:03.671,0.102539,0.27832,0.341797,0.102539,0.410156,1.152344,2
17/11/2017 17:21:04.675,0.102539,0.27832,0.34668,0.102539,0.410156,1.157227,2
17/11/2017 17:21:05.674,0.102539,0.27832,0.34668,0.107422,0.415039,1.162109,2
17/11/2017 17:21:06.675,0.102539,0.283203,0.34668,0.102539,0.415039,1.166992,2
17/11/2017 17:21:07.673,0.102539,0.283203,0.34668,0.107422,0.415039,1.171875,2
17/11/2017 17:21:08.673,0.102539,0.283203,0.34668,0.107422,0.415039,1.176758,2
17/11/2017 17:21:09.677,0.102539,0.283203,0.34668,0.102539,0.415039,1.181641,2
17/11/2017 17:21:10.675,0.102539,0.283203,0.34668,0.107422,0.415039,1.186523,2
17/11/2017 17:21:11.675,0.102539,0.283203,0.34668,0.107422,0.415039,1.191406,2
17/11/2017 17:21:12.675,0.102539,0.283203,0.34668,0.107422,0.415039,1.191406,2
17/11/2017 17:21:13.678,0.102539,0.283203,0.34668,0.107422,0.415039,1.196289,2
17/11/2017 17:21:14.678,0.102539,0.288086,0.34668,0.107422,0.415039,1.201172,2
17/11/2017 17:21:15.676,0.102539,0.288086,0.34668,0.107422,0.415039,1.201172,2
17/11/2017 17:21:16.676,0.102539,0.288086,0.34668,0.107422,0.415039,1.206055,2
17/11/2017 17:21:17.680,0.102539,0.288086,0.34668,0.102539,0.415039,1.206055,2
17/11/2017 17:21:18.680,0.102539,0.288086,0.34668,0.107422,0.415039,1.210937,2
17/11/2017 17:21:19.679,0.102539,0.288086,0.34668,0.107422,0.419922,1.21582,2
17/11/2017 17:21:20.678,0.102539,0.288086,0.34668,0.107422,0.415039,1.21582,2
17/11/2017 17:21:21.678,0.102539,0.288086,0.34668,0.107422,0.419922,1.21582,2
17/11/2017 17:21:22.681,0.102539,0.288086,0.34668,0.107422,0.419922,1.220703,2
17/11/2017 17:21:23.680,0.102539,0.288086,0.34668,0.107422,0.419922,1.220703,2
17/11/2017 17:21:24.679,0.102539,0.288086,0.34668,0.107422,0.419922,1.225586,2
17/11/2017 17:21:25.678,0.102539,0.288086,0.34668,0.107422,0.419922,1.225586,2
17/11/2017 17:21:26.678,0.102539,0.288086,0.34668,0.107422,0.419922,1.225586,2
17/11/2017 17:21:27.682,0.102539,0.288086,0.34668,0.107422,0.419922,1.230469,2
17/11/2017 17:21:28.680,0.102539,0.292969,0.34668,0.107422,0.419922,1.230469,2
17/11/2017 17:21:29.679,0.102539,0.292969,0.34668,0.107422,0.419922,1.230469,2
17/11/2017 17:21:30.684,0.102539,0.292969,0.34668,0.107422,0.419922,1.230469,2
17/11/2017 17:21:31.683,0.107422,0.292969,0.34668,0.107422,0.419922,1.235352,2
17/11/2017 17:21:32.681,0.107422,0.292969,0.34668,0.107422,0.419922,1.235352,2
17/11/2017 17:21:33.681,0.102539,0.292969,0.351562,0.107422,0.419922,1.235352,2
17/11/2017 17:21:34.686,0.102539,0.292969,0.34668,0.107422,0.419922,1.235352,2
17/11/2017 17:21:35.685,0.107422,0.292969,0.34668,0.107422,0.419922,1.235352,2
17/11/2017 17:21:36.683,0.102539,0.292969,0.34668,0.107422,0.419922,1.240234,2
17/11/2017 17:21:37.683,0.102539,0.292969,0.351562,0.107422,0.419922,1.240234,2
17/11/2017 17:21:38.683,0.102539,0.292969,0.34668,0.107422,0.419922,1.240234,2
17/11/2017 17:21:39.686,0.102539,0.292969,0.34668,0.107422,0.419922,1.240234,2
17/11/2017 17:21:40.685,0.102539,0.292969,0.34668,0.107422,0.419922,1.240234,2
17/11/2017 17:21:41.685,0.107422,0.292969,0.34668,0.107422,0.419922,1.240234,2
17/11/2017 17:21:42.688,0.102539,0.292969,0.351562,0.107422,0.419922,1.245117,2
17/11/2017 17:21:43.688,0.107422,0.292969,0.34668,0.107422,0.419922,1.245117,2
17/11/2017 17:21:44.687,0.102539,0.292969,0.34668,0.107422,0.419922,1.245117,2
17/11/2017 17:21:45.686,0.107422,0.292969,0.34668,0.107422,0.419922,1.245117,2
17/11/2017 17:21:46.685,0.107422,0.292969,0.34668,0.107422,0.419922,1.245117,2
17/11/2017 17:21:47.689,0.102539,0.292969,0.34668,0.107422,0.419922,1.245117,2
17/11/2017 17:21:48.689,0.107422,0.292969,0.34668,0.107422,0.419922,1.245117,2
17/11/2017 17:21:49.688,0.107422,0.292969,0.34668,0.107422,0.419922,1.245117,2
17/11/2017 17:21:50.687,0.107422,0.292969,0.34668,0.107422,0.419922,1.25,2
17/11/2017 17:21:51.690,0.107422,0.292969,0.34668,0.107422,0.419922,1.25,2
17/11/2017 17:21:52.690,0.107422,0.292969,0.34668,0.107422,0.419922,1.25,2
17/11/2017 17:21:53.690,0.107422,0.292969,0.34668,0.107422,0.419922,1.25,2
17/11/2017 17:21:54.690,0.107422,0.297852,0.351562,0.107422,0.419922,1.25,2
17/11/2017 17:21:55.687,0.107422,0.297852,0.34668,0.107422,0.419922,1.25,2
17/11/2017 17:21:56.687,0.107422,0.297852,0.34668,0.107422,0.419922,1.25,2
17/11/2017 17:21:57.687,0.107422,0.297852,0.34668,0.107422,0.419922,1.25,2
17/11/2017 17:21:58.691,0.107422,0.297852,0.34668,0.107422,0.424805,1.25,2
17/11/2017 17:21:59.689,0.107422,0.292969,0.34668,0.107422,0.419922,1.25,2
17/11/2017 17:22:00.690,0.107422,0.297852,0.34668,0.107422,0.424805,1.25,2
17/11/2017 17:22:01.688,0.107422,0.297852,0.34668,0.107422,0.424805,1.25,2
17/11/2017 17:22:02.687,0.107422,0.297852,0.34668,0.107422,0.424805,1.25,2
17/11/2017 17:22:03.687,0.107422,0.297852,0.34668,0.107422,0.424805,1.25,2
17/11/2017 17:22:04.690,0.107422,0.297852,0.34668,0.107422,0.424805,1.25,2
17/11/2017 17:22:05.690,0.107422,0.297852,0.34668,0.107422,0.424805,1.25,2
17/11/2017 17:22:06.693,0.107422,0.297852,0.34668,0.107422,0.424805,1.25,2
17/11/2017 17:22:07.692,0.107422,0.297852,0.34668,0.107422,0.424805,1.25,2
17/11/2017 17:22:08.692,0.107422,0.297852,0.34668,0.107422,0.424805,1.25,2
17/11/2017 17:22:09.691,0.107422,0.297852,0.351562,0.107422,0.424805,1.25,2
17/11/2017 17:22:10.691,0.107422,0.297852,0.34668,0.107422,0.424805,1.25,2
17/11/2017 17:22:11.690,0.107422,0.297852,0.34668,0.107422,0.424805,1.25,2
17/11/2017 17:22:12.690,0.107422,0.297852,0.34668,0.107422,0.424805,1.25,2
17/11/2017 17:22:13.692,0.107422,0.297852,0.34668,0.107422,0.424805,1.25,2
17/11/2017 17:22:14.693,0.107422,0.297852,0.34668,0.107422,0.424805,1.254883,2
17/11/2017 17:22:15.693,0.107422,0.297852,0.34668,0.107422,0.424805,1.25,2
17/11/2017 17:22:16.695,0.107422,0.297852,0.34668,0.107422,0.424805,1.254883,2
17/11/2017 17:22:17.696,0.107422,0.297852,0.34668,0.107422,0.424805,1.254883,2
17/11/2017 17:22:18.695,0.107422,0.297852,0.34668,0.107422,0.424805,1.254883,2
17/11/2017 17:22:19.694,0.107422,0.297852,0.34668,0.107422,0.424805,1.254883,2
17/11/2017 17:22:20.697,0.107422,0.297852,0.34668,0.107422,0.424805,1.254883,2
17/11/2017 17:22:21.695,0.107422,0.297852,0.34668,0.107422,0.424805,1.254883,2
17/11/2017 17:22:22.696,0.107422,0.297852,0.34668,0.107422,0.424805,1.254883,2
17/11/2017 17:22:23.695,0.107422,0.297852,0.34668,0.107422,0.424805,1.254883,2
17/11/2017 17:22:24.699,0.107422,0.297852,0.34668,0.107422,0.424805,1.254883,2
17/11/2017 17:22:25.698,0.107422,0.297852,0.34668,0.107422,0.424805,1.254883,2
17/11/2017 17:22:26.698,0.107422,0.297852,0.34668,0.107422,0.424805,1.254883,2
17/11/2017 17:22:27.697,0.107422,0.297852,0.34668,0.107422,0.424805,1.254883,2
17/11/2017 17:22:28.695,0.107422,0.297852,0.34668,0.107422,0.424805,1.254883,2
17/11/2017 17:22:29.695,0.107422,0.297852,0.34668,0.107422,0.424805,1.254883,2
17/11/2017 17:22:30.696,0.107422,0.297852,0.34668,0.107422,0.424805,1.254883,2
17/11/2017 17:22:31.699,0.107422,0.297852,0.34668,0.107422,0.424805,1.254883,2
17/11/2017 17:22:32.697,0.107422,0.297852,0.34668,0.107422,0.424805,1.254883,2
17/11/2017 17:22:33.697,0.107422,0.297852,0.34668,0.107422,0.424805,1.254883,2
17/11/2017 17:22:34.695,0.107422,0.297852,0.34668,0.107422,0.424805,1.254883,2
17/11/2017 17:22:35.699,0.107422,0.297852,0.34668,0.107422,0.424805,1.254883,2
17/11/2017 17:22:36.699,0.107422,0.297852,0.34668,0.107422,0.424805,1.254883,2
17/11/2017 17:22:37.698,0.107422,0.297852,0.34668,0.107422,0.424805,1.254883,2
17/11/2017 17:22:38.697,0.107422,0.297852,0.34668,0.107422,0.424805,1.254883,2
17/11/2017 17:22:39.698,0.107422,0.297852,0.34668,0.107422,0.424805,1.254883,2
17/11/2017 17:22:40.700,0.107422,0.297852,0.34668,0.107422,0.424805,1.254883,2
17/11/2017 17:22:41.699,0.107422,0.297852,0.34668,0.107422,0.424805,1.254883,2
17/11/2017 17:22:42.703,0.107422,0.297852,0.34668,0.107422,0.424805,1.254883,2
17/11/2017 17:22:43.703,0.107422,0.297852,0.34668,0.107422,0.419922,1.254883,2
17/11/2017 17:22:44.703,0.107422,0.297852,0.34668,0.107422,0.424805,1.254883,2
17/11/2017 17:22:45.702,0.107422,0.297852,0.34668,0.107422,0.424805,1.254883,2
17/11/2017 17:22:46.701,0.107422,0.297852,0.34668,0.107422,0.424805,1.254883,2
17/11/2017 17:22:47.705,0.107422,0.297852,0.34668,0.107422,0.424805,1.254883,2
17/11/2017 17:22:48.703,0.107422,0.297852,0.34668,0.107422,0.424805,1.254883,2
17/11/2017 17:22:49.703,0.107422,0.297852,0.34668,0.107422,0.424805,1.254883,2
17/11/2017 17:22:50.702,0.107422,0.297852,0.34668,0.107422,0.424805,1.254883,2
17/11/2017 17:22:51.702,0.107422,0.297852,0.34668,0.107422,0.424805,1.254883,2
17/11/2017 17:22:52.701,0.107422,0.297852,0.34668,0.107422,0.424805,1.254883,2
17/11/2017 17:22:53.704,0.107422,0.297852,0.34668,0.112305,0.424805,1.254883,2
17/11/2017 17:22:54.705,0.107422,0.297852,0.34668,0.107422,0.424805,1.254883,2
17/11/2017 17:22:55.703,0.107422,0.297852,0.34668,0.107422,0.419922,1.254883,2
17/11/2017 17:22:56.704,0.107422,0.297852,0.34668,0.107422,0.424805,1.254883,2
17/11/2017 17:22:57.706,0.107422,0.297852,0.34668,0.107422,0.424805,1.254883,2
17/11/2017 17:22:58.705,0.107422,0.297852,0.34668,0.107422,0.424805,1.254883,2
17/11/2017 17:22:59.705,0.107422,0.297852,0.34668,0.107422,0.424805,1.254883,2
17/11/2017 17:23:00.704,0.107422,0.297852,0.34668,0.107422,0.424805,1.254883,2
17/11/2017 17:23:01.708,0.107422,0.297852,0.34668,0.112305,0.424805,1.254883,2
17/11/2017 17:23:02.709,0.107422,0.297852,0.34668,0.107422,0.424805,1.254883,2
17/11/2017 17:23:03.706,0.107422,0.297852,0.34668,0.112305,0.419922,1.254883,2
17/11/2017 17:23:04.710,0.107422,0.297852,0.34668,0.107422,0.424805,1.254883,2
17/11/2017 17:23:05.710,0.107422,0.297852,0.34668,0.112305,0.424805,1.254883,2
17/11/2017 17:23:06.708,0.107422,0.297852,0.34668,0.112305,0.419922,1.254883,2
17/11/2017 17:23:07.708,0.107422,0.297852,0.34668,0.107422,0.424805,1.254883,2
17/11/2017 17:23:08.706,0.107422,0.297852,0.34668,0.107422,0.424805,1.254883,2
17/11/2017 17:23:09.707,0.107422,0.297852,0.34668,0.107422,0.424805,1.254883,2
17/11/2017 17:23:10.711,0.107422,0.297852,0.34668,0.107422,0.424805,1.254883,2
17/11/2017 17:23:11.711,0.107422,0.297852,0.34668,0.112305,0.424805,1.254883,2
17/11/2017 17:23:12.709,0.107422,0.297852,0.34668,0.107422,0.424805,1.254883,2
17/11/2017 17:23:13.708,0.107422,0.297852,0.34668,0.112305,0.424805,1.254883,2
17/11/2017 17:23:14.707,0.107422,0.297852,0.34668,0.112305,0.424805,1.254883,2
17/11/2017 17:23:15.712,0.107422,0.297852,0.34668,0.107422,0.424805,1.254883,2
17/11/2017 17:23:16.710,0.107422,0.297852,0.34668,0.112305,0.424805,1.254883,2
17/11/2017 17:23:17.710,0.107422,0.297852,0.34668,0.107422,0.424805,1.254883,2
17/11/2017 17:23:18.713,0.107422,0.297852,0.34668,0.112305,0.424805,1.254883,2
17/11/2017 17:23:19.713,0.107422,0.297852,0.34668,0.112305,0.419922,1.25,2
17/11/2017 17:23:20.712,0.107422,0.297852,0.34668,0.112305,0.424805,1.254883,2
17/11/2017 17:23:21.712,0.107422,0.297852,0.34668,0.107422,0.424805,1.25,2
17/11/2017 17:23:22.710,0.107422,0.297852,0.34668,0.107422,0.424805,1.254883,2
17/11/2017 17:23:23.713,0.107422,0.297852,0.34668,0.112305,0.424805,1.25,2
17/11/2017 17:23:24.713,0.107422,0.297852,0.34668,0.107422,0.424805,1.25,2
17/11/2017 17:23:25.712,0.107422,0.297852,0.34668,0.112305,0.424805,1.25,2
17/11/2017 17:23:26.717,0.107422,0.297852,0.34668,0.107422,0.424805,1.25,2
17/11/2017 17:23:27.716,0.107422,0.297852,0.34668,0.112305,0.424805,1.254883,2
17/11/2017 17:23:28.715,0.107422,0.297852,0.34668,0.112305,0.424805,1.25,2
17/11/2017 17:23:29.715,0.107422,0.297852,0.34668,0.112305,0.424805,1.25,2
17/11/2017 17:23:30.714,0.107422,0.297852,0.34668,0.107422,0.424805,1.25,2
17/11/2017 17:23:31.718,0.107422,0.297852,0.34668,0.112305,0.424805,1.25,2
17/11/2017 17:23:32.717,0.107422,0.297852,0.34668,0.107422,0.424805,1.25,2
17/11/2017 17:23:33.716,0.107422,0.297852,0.34668,0.107422,0.424805,1.25,2
17/11/2017 17:23:34.720,0.107422,0.297852,0.34668,0.112305,0.424805,1.25,2
17/11/2017 17:23:35.718,0.107422,0.297852,0.34668,0.112305,0.424805,1.25,2
17/11/2017 17:23:36.719,0.107422,0.297852,0.34668,0.112305,0.424805,1.25,2
17/11/2017 17:23:37.717,0.107422,0.297852,0.34668,0.112305,0.424805,1.25,2
17/11/2017 17:23:38.720,0.107422,0.297852,0.34668,0.112305,0.424805,1.25,2
17/11/2017 17:23:39.721,0.107422,0.297852,0.34668,0.112305,0.424805,1.25,2
17/11/2017 17:23:40.720,0.107422,0.297852,0.34668,0.112305,0.424805,1.245117,2
17/11/2017 17:23:41.723,0.107422,0.297852,0.34668,0.112305,0.424805,1.245117,2
17/11/2017 17:23:42.723,0.107422,0.297852,0.34668,0.112305,0.424805,1.245117,2
17/11/2017 17:23:43.722,0.107422,0.297852,0.34668,0.112305,0.424805,1.245117,2
17/11/2017 17:23:44.721,0.107422,0.292969,0.34668,0.112305,0.424805,1.245117,2
17/11/2017 17:23:45.720,0.107422,0.297852,0.34668,0.112305,0.424805,1.25,2
17/11/2017 17:23:46.723,0.107422,0.292969,0.34668,0.112305,0.424805,1.245117,2
17/11/2017 17:23:47.725,0.107422,0.297852,0.34668,0.107422,0.424805,1.245117,2
17/11/2017 17:23:48.722,0.107422,0.292969,0.34668,0.112305,0.424805,1.245117,2
17/11/2017 17:23:49.727,0.107422,0.292969,0.34668,0.112305,0.424805,1.25,2
17/11/2017 17:23:50.727,0.107422,0.292969,0.34668,0.112305,0.424805,1.245117,2
17/11/2017 17:23:51.727,0.107422,0.292969,0.34668,0.107422,0.424805,1.245117,2
17/11/2017 17:23:52.724,0.107422,0.292969,0.34668,0.112305,0.424805,1.25,2
17/11/2017 17:23:53.728,0.107422,0.292969,0.34668,0.112305,0.424805,1.245117,2
17/11/2017 17:23:54.727,0.107422,0.292969,0.34668,0.112305,0.424805,1.245117,2
17/11/2017 17:23:55.727,0.107422,0.292969,0.34668,0.107422,0.419922,1.245117,2
17/11/2017 17:23:56.727,0.107422,0.297852,0.34668,0.112305,0.424805,1.245117,2
17/11/2017 17:23:57.726,0.107422,0.292969,0.34668,0.112305,0.424805,1.245117,2
17/11/2017 17:23:58.728,0.107422,0.292969,0.34668,0.112305,0.424805,1.245117,2
17/11/2017 17:23:59.728,0.107422,0.292969,0.34668,0.112305,0.424805,1.245117,2
17/11/2017 17:24:00.727,0.107422,0.292969,0.34668,0.112305,0.424805,1.245117,2
17/11/2017 17:24:01.728,0.107422,0.292969,0.34668,0.112305,0.424805,1.245117,2
17/11/2017 17:24:02.726,0.107422,0.292969,0.34668,0.112305,0.424805,1.245117,2
17/11/2017 17:24:03.726,0.107422,0.292969,0.34668,0.112305,0.424805,1.245117,2
17/11/2017 17:24:04.730,0.107422,0.292969,0.34668,0.112305,0.424805,1.245117,2
17/11/2017 17:24:05.728,0.107422,0.292969,0.34668,0.112305,0.424805,1.245117,2
17/11/2017 17:24:06.728,0.107422,0.292969,0.34668,0.112305,0.424805,1.245117,2
17/11/2017 17:24:07.728,0.107422,0.292969,0.34668,0.112305,0.424805,1.245117,2
17/11/2017 17:24:08.730,0.107422,0.292969,0.34668,0.112305,0.424805,1.245117,2
17/11/2017 17:24:09.729,0.107422,0.292969,0.34668,0.112305,0.424805,1.245117,2
17/11/2017 17:24:10.730,0.107422,0.292969,0.34668,0.112305,0.424805,1.240234,2
17/11/2017 17:24:11.729,0.107422,0.292969,0.34668,0.112305,0.424805,1.245117,2
17/11/2017 17:24:12.733,0.107422,0.292969,0.34668,0.112305,0.424805,1.245117,2
17/11/2017 17:24:13.731,0.107422,0.292969,0.34668,0.112305,0.424805,1.240234,2
17/11/2017 17:24:14.736,0.107422,0.292969,0.34668,0.112305,0.424805,1.240234,2
17/11/2017 17:24:15.735,0.107422,0.292969,0.34668,0.112305,0.424805,1.240234,2
17/11/2017 17:24:16.735,0.107422,0.292969,0.34668,0.112305,0.419922,1.240234,2
17/11/2017 17:24:17.732,0.107422,0.292969,0.34668,0.112305,0.424805,1.240234,2
17/11/2017 17:24:18.733,0.107422,0.292969,0.34668,0.112305,0.424805,1.240234,2
17/11/2017 17:24:19.736,0.107422,0.292969,0.34668,0.112305,0.424805,1.240234,2
17/11/2017 17:24:20.736,0.107422,0.292969,0.34668,0.112305,0.424805,1.240234,2
17/11/2017 17:24:21.735,0.107422,0.292969,0.34668,0.112305,0.424805,1.240234,2
17/11/2017 17:24:22.739,0.107422,0.292969,0.34668,0.112305,0.424805,1.240234,2
17/11/2017 17:24:23.738,0.107422,0.292969,0.34668,0.112305,0.424805,1.240234,2
17/11/2017 17:24:24.738,0.107422,0.292969,0.34668,0.112305,0.424805,1.240234,2
17/11/2017 17:24:25.742,0.107422,0.292969,0.34668,0.112305,0.424805,1.240234,2
17/11/2017 17:24:26.741,0.107422,0.292969,0.34668,0.112305,0.424805,1.240234,2
17/11/2017 17:24:27.740,0.107422,0.292969,0.34668,0.112305,0.424805,1.240234,2
17/11/2017 17:24:28.739,0.107422,0.292969,0.34668,0.112305,0.424805,1.240234,2
17/11/2017 17:24:29.738,0.107422,0.292969,0.34668,0.112305,0.424805,1.240234,2
17/11/2017 17:24:30.737,0.107422,0.292969,0.34668,0.112305,0.424805,1.240234,2
17/11/2017 17:24:31.740,0.107422,0.292969,0.34668,0.112305,0.424805,1.240234,2
17/11/2017 17:24:32.735,0.107422,0.292969,0.34668,0.112305,0.424805,1.240234,2
17/11/2017 17:24:33.740,0.107422,0.292969,0.34668,0.112305,0.424805,1.240234,2
17/11/2017 17:24:34.739,0.107422,0.292969,0.34668,0.112305,0.424805,1.240234,2
17/11/2017 17:24:35.737,0.107422,0.292969,0.34668,0.112305,0.424805,1.240234,2
17/11/2017 17:24:36.741,0.107422,0.292969,0.34668,0.112305,0.424805,1.240234,2
17/11/2017 17:24:37.742,0.107422,0.292969,0.34668,0.112305,0.424805,1.240234,2
17/11/2017 17:24:38.741,0.107422,0.292969,0.34668,0.112305,0.424805,1.240234,2
17/11/2017 17:24:39.739,0.107422,0.292969,0.34668,0.112305,0.424805,1.240234,2
17/11/2017 17:24:40.739,0.107422,0.292969,0.34668,0.112305,0.424805,1.240234,2
17/11/2017 17:24:41.743,0.107422,0.292969,0.34668,0.112305,0.424805,1.240234,2
17/11/2017 17:24:42.742,0.107422,0.292969,0.34668,0.112305,0.424805,1.240234,2
17/11/2017 17:24:43.741,0.107422,0.292969,0.34668,0.112305,0.424805,1.240234,2
17/11/2017 17:24:44.740,0.107422,0.292969,0.34668,0.112305,0.424805,1.240234,2
17/11/2017 17:24:45.741,0.107422,0.292969,0.34668,0.112305,0.424805,1.240234,2
17/11/2017 17:24:46.739,0.107422,0.292969,0.34668,0.112305,0.424805,1.240234,2
17/11/2017 17:24:47.743,0.107422,0.292969,0.34668,0.112305,0.424805,1.240234,2
17/11/2017 17:24:48.741,0.107422,0.292969,0.34668,0.112305,0.419922,1.240234,2
17/11/2017 17:24:49.742,0.107422,0.292969,0.34668,0.112305,0.424805,1.240234,2
17/11/2017 17:24:50.741,0.107422,0.292969,0.34668,0.112305,0.424805,1.240234,2
17/11/2017 17:24:51.744,0.107422,0.292969,0.34668,0.112305,0.424805,1.235352,2
17/11/2017 17:24:52.744,0.107422,0.292969,0.34668,0.112305,0.419922,1.235352,2
17/11/2017 17:24:53.743,0.107422,0.292969,0.34668,0.112305,0.424805,1.235352,2
17/11/2017 17:24:54.743,0.107422,0.292969,0.34668,0.112305,0.424805,1.235352,2
17/11/2017 17:24:55.746,0.107422,0.292969,0.34668,0.112305,0.424805,1.235352,2
17/11/2017 17:24:56.745,0.107422,0.292969,0.34668,0.112305,0.424805,1.235352,2
17/11/2017 17:24:57.745,0.107422,0.292969,0.34668,0.112305,0.424805,1.235352,2
17/11/2017 17:24:58.744,0.107422,0.292969,0.34668,0.112305,0.424805,1.235352,2
17/11/2017 17:24:59.748,0.107422,0.292969,0.34668,0.112305,0.424805,1.235352,2
17/11/2017 17:25:00.747,0.107422,0.292969,0.351562,0.112305,0.424805,1.235352,2
17/11/2017 17:25:01.745,0.107422,0.292969,0.351562,0.112305,0.424805,1.235352,2
17/11/2017 17:25:02.749,0.107422,0.292969,0.34668,0.112305,0.424805,1.235352,2
17/11/2017 17:25:03.748,0.107422,0.292969,0.34668,0.112305,0.424805,1.235352,2
17/11/2017 17:25:04.749,0.107422,0.292969,0.34668,0.112305,0.424805,1.235352,2
17/11/2017 17:25:05.748,0.107422,0.292969,0.34668,0.112305,0.424805,1.235352,2
17/11/2017 17:25:06.750,0.107422,0.292969,0.34668,0.112305,0.424805,1.235352,2
17/11/2017 17:25:07.750,0.107422,0.292969,0.34668,0.112305,0.424805,1.235352,2
17/11/2017 17:25:08.754,0.107422,0.292969,0.34668,0.112305,0.424805,1.235352,2
17/11/2017 17:25:09.753,0.107422,0.292969,0.34668,0.112305,0.424805,1.235352,2
17/11/2017 17:25:10.757,0.107422,0.292969,0.34668,0.112305,0.424805,1.235352,2
17/11/2017 17:25:11.756,0.107422,0.292969,0.34668,0.112305,0.424805,1.235352,2
17/11/2017 17:25:12.755,0.107422,0.292969,0.34668,0.112305,0.424805,1.235352,2
17/11/2017 17:25:13.755,0.107422,0.292969,0.34668,0.112305,0.424805,1.230469,2
17/11/2017 17:25:14.759,0.107422,0.292969,0.34668,0.112305,0.424805,1.230469,2
17/11/2017 17:25:15.758,0.107422,0.292969,0.34668,0.112305,0.424805,1.230469,2
17/11/2017 17:25:16.757,0.107422,0.292969,0.34668,0.112305,0.424805,1.230469,2
17/11/2017 17:25:17.756,0.107422,0.292969,0.34668,0.112305,0.424805,1.230469,2
17/11/2017 17:25:18.760,0.107422,0.292969,0.34668,0.112305,0.424805,1.230469,2
17/11/2017 17:25:19.759,0.107422,0.292969,0.34668,0.112305,0.424805,1.230469,2
17/11/2017 17:25:20.759,0.107422,0.292969,0.34668,0.112305,0.424805,1.230469,2
17/11/2017 17:25:21.763,0.107422,0.292969,0.34668,0.112305,0.424805,1.230469,2
17/11/2017 17:25:22.762,0.107422,0.292969,0.34668,0.112305,0.424805,1.230469,2
17/11/2017 17:25:23.760,0.107422,0.292969,0.34668,0.112305,0.424805,1.230469,2
17/11/2017 17:25:24.761,0.107422,0.292969,0.351562,0.112305,0.424805,1.230469,2
17/11/2017 17:25:25.763,0.107422,0.292969,0.34668,0.112305,0.424805,1.230469,2
17/11/2017 17:25:26.764,0.107422,0.292969,0.351562,0.112305,0.424805,1.230469,2
17/11/2017 17:25:27.763,0.107422,0.292969,0.351562,0.112305,0.424805,1.230469,2
17/11/2017 17:25:28.761,0.107422,0.292969,0.34668,0.112305,0.424805,1.230469,2
17/11/2017 17:25:29.766,0.107422,0.292969,0.34668,0.112305,0.424805,1.230469,2
17/11/2017 17:25:30.765,0.107422,0.292969,0.34668,0.112305,0.424805,1.230469,2
17/11/2017 17:25:31.763,0.107422,0.292969,0.351562,0.112305,0.424805,1.230469,2
17/11/2017 17:25:32.764,0.107422,0.292969,0.351562,0.112305,0.424805,1.230469,2
17/11/2017 17:25:33.767,0.107422,0.292969,0.34668,0.112305,0.424805,1.230469,2
17/11/2017 17:25:34.766,0.107422,0.292969,0.34668,0.112305,0.424805,1.230469,2
17/11/2017 17:25:35.766,0.107422,0.292969,0.34668,0.112305,0.424805,1.230469,2
17/11/2017 17:25:36.769,0.107422,0.292969,0.351562,0.112305,0.424805,1.230469,2
17/11/2017 17:25:37.768,0.107422,0.292969,0.351562,0.112305,0.424805,1.230469,2
17/11/2017 17:25:38.768,0.107422,0.292969,0.351562,0.112305,0.424805,1.230469,2
17/11/2017 17:25:39.768,0.107422,0.292969,0.34668,0.112305,0.424805,1.230469,2
17/11/2017 17:25:40.766,0.107422,0.292969,0.34668,0.112305,0.424805,1.230469,2
17/11/2017 17:25:41.771,0.107422,0.292969,0.351562,0.112305,0.424805,1.230469,2
17/11/2017 17:25:42.769,0.107422,0.292969,0.34668,0.112305,0.424805,1.230469,2
17/11/2017 17:25:43.768,0.107422,0.292969,0.34668,0.112305,0.424805,1.230469,2
17/11/2017 17:25:44.769,0.107422,0.292969,0.34668,0.112305,0.424805,1.230469,2
17/11/2017 17:25:45.772,0.107422,0.292969,0.351562,0.112305,0.424805,1.230469,2
17/11/2017 17:25:46.771,0.107422,0.292969,0.34668,0.112305,0.424805,1.230469,2
17/11/2017 17:25:47.771,0.107422,0.292969,0.351562,0.112305,0.424805,1.230469,2
17/11/2017 17:25:48.770,0.107422,0.292969,0.34668,0.112305,0.424805,1.230469,2
17/11/2017 17:25:49.770,0.107422,0.292969,0.351562,0.112305,0.424805,1.230469,2
17/11/2017 17:25:50.773,0.107422,0.292969,0.351562,0.112305,0.424805,1.230469,2
17/11/2017 17:25:51.772,0.107422,0.292969,0.351562,0.112305,0.424805,1.230469,2
17/11/2017 17:25:52.771,0.107422,0.292969,0.34668,0.112305,0.424805,1.225586,2
17/11/2017 17:25:53.771,0.107422,0.292969,0.351562,0.112305,0.424805,1.225586,2
17/11/2017 17:25:54.769,0.107422,0.292969,0.351562,0.112305,0.424805,1.225586,2
17/11/2017 17:25:55.774,0.107422,0.292969,0.351562,0.112305,0.424805,1.225586,2
17/11/2017 17:25:56.773,0.107422,0.292969,0.34668,0.112305,0.424805,1.225586,2
17/11/2017 17:25:57.772,0.107422,0.292969,0.351562,0.112305,0.424805,1.225586,2
17/11/2017 17:25:58.771,0.107422,0.292969,0.351562,0.112305,0.424805,1.225586,2
17/11/2017 17:25:59.775,0.107422,0.292969,0.351562,0.112305,0.424805,1.225586,2
17/11/2017 17:26:00.775,0.107422,0.292969,0.351562,0.112305,0.424805,1.225586,2
17/11/2017 17:26:01.774,0.107422,0.292969,0.34668,0.112305,0.424805,1.225586,2
17/11/2017 17:26:02.773,0.107422,0.292969,0.351562,0.112305,0.424805,1.225586,2
17/11/2017 17:26:03.773,0.107422,0.292969,0.351562,0.112305,0.424805,1.225586,2
17/11/2017 17:26:04.777,0.107422,0.292969,0.34668,0.112305,0.424805,1.225586,2
17/11/2017 17:26:05.775,0.107422,0.292969,0.351562,0.112305,0.424805,1.225586,2
17/11/2017 17:26:06.776,0.107422,0.292969,0.34668,0.112305,0.424805,1.225586,2
17/11/2017 17:26:07.779,0.107422,0.292969,0.351562,0.112305,0.424805,1.225586,2
17/11/2017 17:26:08.778,0.107422,0.292969,0.351562,0.112305,0.424805,1.225586,2
17/11/2017 17:26:09.777,0.107422,0.292969,0.34668,0.112305,0.424805,1.225586,2
17/11/2017 17:26:10.777,0.107422,0.292969,0.351562,0.112305,0.424805,1.225586,2
17/11/2017 17:26:11.779,0.107422,0.292969,0.34668,0.112305,0.424805,1.225586,2
17/11/2017 17:26:12.779,0.107422,0.292969,0.351562,0.112305,0.424805,1.225586,2
17/11/2017 17:26:13.782,0.107422,0.292969,0.351562,0.112305,0.424805,1.225586,2
17/11/2017 17:26:14.783,0.107422,0.292969,0.351562,0.112305,0.424805,1.225586,2
17/11/2017 17:26:15.781,0.107422,0.292969,0.34668,0.112305,0.424805,1.220703,2
17/11/2017 17:26:16.781,0.107422,0.292969,0.351562,0.112305,0.424805,1.225586,2
17/11/2017 17:26:17.780,0.107422,0.292969,0.351562,0.112305,0.424805,1.225586,2
17/11/2017 17:26:18.784,0.107422,0.292969,0.34668,0.112305,0.424805,1.225586,2
17/11/2017 17:26:19.784,0.107422,0.292969,0.34668,0.112305,0.424805,1.225586,2
17/11/2017 17:26:20.782,0.107422,0.292969,0.351562,0.112305,0.424805,1.225586,2
17/11/2017 17:26:21.782,0.107422,0.292969,0.351562,0.112305,0.424805,1.225586,2
17/11/2017 17:26:22.781,0.107422,0.292969,0.351562,0.112305,0.424805,1.220703,2
17/11/2017 17:26:23.784,0.107422,0.292969,0.351562,0.112305,0.424805,1.220703,2
17/11/2017 17:26:24.784,0.107422,0.292969,0.351562,0.112305,0.424805,1.220703,2
17/11/2017 17:26:25.783,0.107422,0.288086,0.351562,0.112305,0.424805,1.220703,2
17/11/2017 17:26:26.783,0.107422,0.288086,0.351562,0.112305,0.424805,1.220703,2
17/11/2017 17:26:27.782,0.107422,0.288086,0.351562,0.112305,0.424805,1.220703,2
17/11/2017 17:26:28.785,0.107422,0.292969,0.351562,0.112305,0.424805,1.220703,2
17/11/2017 17:26:29.785,0.107422,0.292969,0.351562,0.112305,0.424805,1.220703,2
17/11/2017 17:26:30.785,0.107422,0.292969,0.351562,0.112305,0.424805,1.220703,2
17/11/2017 17:26:31.789,0.107422,0.292969,0.351562,0.112305,0.424805,1.220703,2
17/11/2017 17:26:32.786,0.107422,0.292969,0.351562,0.112305,0.424805,1.220703,2
17/11/2017 17:26:33.785,0.107422,0.292969,0.351562,0.112305,0.424805,1.220703,2
17/11/2017 17:26:34.785,0.107422,0.292969,0.351562,0.112305,0.424805,1.220703,2
17/11/2017 17:26:35.785,0.107422,0.292969,0.351562,0.112305,0.424805,1.220703,2
17/11/2017 17:26:36.789,0.107422,0.292969,0.351562,0.112305,0.424805,1.220703,2
17/11/2017 17:26:37.788,0.107422,0.292969,0.351562,0.112305,0.424805,1.220703,2
17/11/2017 17:26:38.787,0.107422,0.292969,0.351562,0.112305,0.424805,1.220703,2
17/11/2017 17:26:39.786,0.107422,0.288086,0.351562,0.112305,0.424805,1.220703,2
17/11/2017 17:26:40.790,0.107422,0.292969,0.351562,0.112305,0.424805,1.220703,2
17/11/2017 17:26:41.790,0.112305,0.292969,0.351562,0.112305,0.424805,1.220703,2
17/11/2017 17:26:42.788,0.107422,0.292969,0.351562,0.112305,0.424805,1.220703,2
17/11/2017 17:26:43.788,0.107422,0.292969,0.351562,0.112305,0.424805,1.220703,2
17/11/2017 17:26:44.788,0.107422,0.292969,0.351562,0.112305,0.424805,1.220703,2
17/11/2017 17:26:45.790,0.107422,0.292969,0.351562,0.112305,0.424805,1.220703,2
17/11/2017 17:26:46.790,0.107422,0.288086,0.351562,0.112305,0.424805,1.220703,2
17/11/2017 17:26:47.789,0.112305,0.292969,0.351562,0.112305,0.424805,1.220703,2
17/11/2017 17:26:48.788,0.112305,0.288086,0.351562,0.112305,0.424805,1.220703,2
17/11/2017 17:26:49.792,0.112305,0.288086,0.351562,0.112305,0.424805,1.220703,2
17/11/2017 17:26:50.792,0.107422,0.292969,0.351562,0.112305,0.424805,1.220703,2
17/11/2017 17:26:51.790,0.107422,0.292969,0.351562,0.112305,0.424805,1.220703,2
17/11/2017 17:26:52.790,0.107422,0.292969,0.351562,0.112305,0.424805,1.220703,2
17/11/2017 17:26:53.791,0.107422,0.288086,0.351562,0.112305,0.424805,1.220703,2
17/11/2017 17:26:54.789,0.107422,0.292969,0.351562,0.112305,0.424805,1.220703,2
17/11/2017 17:26:55.793,0.107422,0.292969,0.351562,0.112305,0.424805,1.220703,2
17/11/2017 17:26:56.792,0.107422,0.288086,0.351562,0.112305,0.424805,1.220703,2
17/11/2017 17:26:57.791,0.107422,0.292969,0.351562,0.112305,0.424805,1.220703,2
17/11/2017 17:26:58.795,0.112305,0.292969,0.351562,0.112305,0.424805,1.220703,2
17/11/2017 17:26:59.795,0.107422,0.288086,0.351562,0.112305,0.424805,1.220703,2
17/11/2017 17:27:00.793,0.107422,0.288086,0.351562,0.112305,0.424805,1.220703,2
17/11/2017 17:27:01.793,0.107422,0.288086,0.351562,0.112305,0.424805,1.220703,2
17/11/2017 17:27:02.792,0.107422,0.288086,0.351562,0.112305,0.424805,1.220703,2
17/11/2017 17:27:03.796,0.107422,0.288086,0.351562,0.112305,0.424805,1.220703,2
17/11/2017 17:27:04.796,0.112305,0.292969,0.351562,0.112305,0.424805,1.220703,2
17/11/2017 17:27:05.795,0.107422,0.288086,0.351562,0.112305,0.424805,1.220703,2
17/11/2017 17:27:06.797,0.107422,0.292969,0.351562,0.112305,0.424805,1.220703,2
17/11/2017 17:27:07.798,0.112305,0.292969,0.351562,0.112305,0.424805,1.220703,2
17/11/2017 17:27:08.798,0.107422,0.288086,0.351562,0.112305,0.424805,1.21582,2
17/11/2017 17:27:09.797,0.107422,0.288086,0.351562,0.112305,0.424805,1.21582,2
17/11/2017 17:27:10.796,0.112305,0.288086,0.351562,0.112305,0.424805,1.21582,2
17/11/2017 17:27:11.796,0.112305,0.288086,0.351562,0.112305,0.424805,1.21582,2
17/11/2017 17:27:12.798,0.112305,0.292969,0.351562,0.112305,0.424805,1.21582,2
17/11/2017 17:27:13.797,0.107422,0.288086,0.351562,0.112305,0.424805,1.21582,2
17/11/2017 17:27:14.796,0.112305,0.292969,0.351562,0.112305,0.424805,1.21582,2
17/11/2017 17:27:15.800,0.112305,0.288086,0.351562,0.112305,0.424805,1.21582,2
17/11/2017 17:27:16.799,0.107422,0.288086,0.351562,0.112305,0.424805,1.21582,2
17/11/2017 17:27:17.799,0.112305,0.288086,0.351562,0.112305,0.424805,1.21582,2
17/11/2017 17:27:18.798,0.112305,0.288086,0.351562,0.112305,0.424805,1.21582,2
17/11/2017 17:27:19.798,0.112305,0.288086,0.351562,0.112305,0.424805,1.21582,2
17/11/2017 17:27:20.802,0.107422,0.288086,0.351562,0.112305,0.424805,1.21582,2
17/11/2017 17:27:21.797,0.112305,0.288086,0.351562,0.112305,0.424805,1.21582,2
17/11/2017 17:27:22.801,0.112305,0.288086,0.351562,0.112305,0.424805,1.21582,2
17/11/2017 17:27:23.800,0.112305,0.292969,0.351562,0.112305,0.424805,1.21582,2
17/11/2017 17:27:24.799,0.112305,0.292969,0.351562,0.112305,0.424805,1.21582,2
17/11/2017 17:27:25.799,0.112305,0.288086,0.351562,0.112305,0.424805,1.21582,2
17/11/2017 17:27:26.802,0.112305,0.288086,0.351562,0.112305,0.424805,1.21582,2
17/11/2017 17:27:27.801,0.112305,0.288086,0.351562,0.112305,0.424805,1.21582,2
17/11/2017 17:27:28.800,0.112305,0.288086,0.351562,0.112305,0.424805,1.21582,2
17/11/2017 17:27:29.804,0.112305,0.288086,0.351562,0.112305,0.424805,1.21582,2
17/11/2017 17:27:30.803,0.107422,0.288086,0.351562,0.112305,0.424805,1.21582,2
17/11/2017 17:27:31.802,0.112305,0.288086,0.351562,0.112305,0.424805,1.21582,2
17/11/2017 17:27:32.803,0.112305,0.288086,0.351562,0.112305,0.424805,1.21582,2
17/11/2017 17:27:33.801,0.112305,0.292969,0.351562,0.112305,0.424805,1.21582,2
17/11/2017 17:27:34.805,0.112305,0.288086,0.351562,0.112305,0.424805,1.21582,2
17/11/2017 17:27:35.804,0.112305,0.288086,0.351562,0.112305,0.424805,1.21582,2
17/11/2017 17:27:36.803,0.112305,0.288086,0.351562,0.112305,0.424805,1.21582,2
17/11/2017 17:27:37.803,0.112305,0.288086,0.351562,0.112305,0.424805,1.21582,2
17/11/2017 17:27:38.807,0.112305,0.288086,0.351562,0.112305,0.424805,1.21582,2
17/11/2017 17:27:39.806,0.107422,0.288086,0.351562,0.112305,0.424805,1.21582,2
17/11/2017 17:27:40.805,0.112305,0.288086,0.351562,0.112305,0.424805,1.21582,2
17/11/2017 17:27:41.804,0.112305,0.288086,0.351562,0.112305,0.424805,1.21582,2
17/11/2017 17:27:42.809,0.112305,0.288086,0.351562,0.112305,0.424805,1.21582,2
17/11/2017 17:27:43.808,0.112305,0.288086,0.351562,0.112305,0.424805,1.21582,2
17/11/2017 17:27:44.808,0.112305,0.288086,0.351562,0.112305,0.424805,1.21582,2
17/11/2017 17:27:45.810,0.112305,0.288086,0.351562,0.112305,0.424805,1.21582,2
17/11/2017 17:27:46.809,0.112305,0.288086,0.351562,0.112305,0.424805,1.21582,2
17/11/2017 17:27:47.808,0.112305,0.288086,0.351562,0.112305,0.424805,1.21582,2
17/11/2017 17:27:48.808,0.112305,0.288086,0.351562,0.112305,0.424805,1.21582,2
17/11/2017 17:27:49.808,0.112305,0.288086,0.351562,0.112305,0.424805,1.21582,2
17/11/2017 17:27:50.806,0.112305,0.288086,0.351562,0.112305,0.424805,1.21582,2
17/11/2017 17:27:51.811,0.112305,0.288086,0.351562,0.112305,0.424805,1.21582,2
17/11/2017 17:27:52.810,0.112305,0.288086,0.351562,0.112305,0.424805,1.210937,2
17/11/2017 17:27:53.810,0.107422,0.288086,0.351562,0.112305,0.424805,1.210937,2
17/11/2017 17:27:54.809,0.112305,0.288086,0.351562,0.112305,0.424805,1.210937,2
17/11/2017 17:27:55.812,0.112305,0.288086,0.351562,0.112305,0.424805,1.210937,2
17/11/2017 17:27:56.811,0.112305,0.288086,0.351562,0.112305,0.424805,1.210937,2
17/11/2017 17:27:57.811,0.112305,0.288086,0.351562,0.112305,0.424805,1.210937,2
17/11/2017 17:27:58.810,0.112305,0.288086,0.351562,0.112305,0.424805,1.210937,2
17/11/2017 17:27:59.813,0.112305,0.288086,0.351562,0.112305,0.424805,1.210937,2
17/11/2017 17:28:00.815,0.112305,0.288086,0.351562,0.112305,0.424805,1.210937,2
17/11/2017 17:28:01.816,0.112305,0.288086,0.351562,0.112305,0.424805,1.210937,2
17/11/2017 17:28:02.818,0.112305,0.288086,0.351562,0.112305,0.424805,1.210937,2
17/11/2017 17:28:03.820,0.112305,0.288086,0.351562,0.112305,0.424805,1.210937,2
17/11/2017 17:28:04.819,0.112305,0.288086,0.351562,0.112305,0.424805,1.210937,2
17/11/2017 17:28:05.817,0.112305,0.288086,0.351562,0.112305,0.424805,1.210937,2
17/11/2017 17:28:06.818,0.112305,0.288086,0.351562,0.112305,0.424805,1.210937,2
17/11/2017 17:28:07.816,0.112305,0.288086,0.351562,0.112305,0.424805,1.210937,2
17/11/2017 17:28:08.821,0.112305,0.288086,0.351562,0.112305,0.424805,1.210937,2
17/11/2017 17:28:09.820,0.112305,0.288086,0.351562,0.112305,0.424805,1.210937,2
17/11/2017 17:28:10.820,0.112305,0.288086,0.351562,0.112305,0.424805,1.210937,2
17/11/2017 17:28:11.818,0.112305,0.288086,0.351562,0.112305,0.424805,1.210937,2
17/11/2017 17:28:12.817,0.112305,0.288086,0.351562,0.112305,0.424805,1.210937,2
17/11/2017 17:28:13.821,0.112305,0.288086,0.351562,0.112305,0.424805,1.210937,2
17/11/2017 17:28:14.820,0.112305,0.288086,0.351562,0.112305,0.424805,1.210937,2
17/11/2017 17:28:15.820,0.112305,0.288086,0.351562,0.112305,0.424805,1.210937,2
17/11/2017 17:28:16.820,0.112305,0.288086,0.351562,0.112305,0.424805,1.210937,2
17/11/2017 17:28:17.819,0.112305,0.288086,0.351562,0.112305,0.424805,1.210937,2
17/11/2017 17:28:18.818,0.112305,0.288086,0.351562,0.112305,0.424805,1.210937,2
17/11/2017 17:28:19.821,0.112305,0.288086,0.351562,0.112305,0.424805,1.210937,2
17/11/2017 17:28:20.821,0.112305,0.288086,0.351562,0.112305,0.424805,1.210937,2
17/11/2017 17:28:21.820,0.112305,0.288086,0.356445,0.112305,0.424805,1.210937,2
17/11/2017 17:28:22.820,0.112305,0.288086,0.351562,0.112305,0.424805,1.210937,2
17/11/2017 17:28:23.822,0.112305,0.288086,0.351562,0.112305,0.424805,1.210937,2
17/11/2017 17:28:24.822,0.112305,0.288086,0.351562,0.112305,0.424805,1.210937,2
17/11/2017 17:28:25.821,0.112305,0.288086,0.351562,0.112305,0.424805,1.210937,2
17/11/2017 17:28:26.821,0.112305,0.288086,0.351562,0.112305,0.424805,1.210937,2
17/11/2017 17:28:27.824,0.112305,0.288086,0.356445,0.112305,0.424805,1.210937,2
17/11/2017 17:28:28.824,0.112305,0.288086,0.351562,0.112305,0.424805,1.210937,2
17/11/2017 17:28:29.823,0.112305,0.288086,0.351562,0.112305,0.424805,1.210937,2
17/11/2017 17:28:30.823,0.112305,0.288086,0.351562,0.112305,0.424805,1.210937,2
17/11/2017 17:28:31.825,0.112305,0.288086,0.356445,0.112305,0.424805,1.210937,2
17/11/2017 17:28:32.825,0.112305,0.288086,0.351562,0.112305,0.424805,1.210937,2
17/11/2017 17:28:33.825,0.112305,0.288086,0.351562,0.112305,0.424805,1.210937,2
17/11/2017 17:28:34.829,0.112305,0.288086,0.356445,0.112305,0.424805,1.210937,2
17/11/2017 17:28:35.828,0.112305,0.288086,0.351562,0.112305,0.424805,1.210937,2
17/11/2017 17:28:36.828,0.112305,0.288086,0.356445,0.112305,0.424805,1.210937,2
17/11/2017 17:28:37.827,0.112305,0.288086,0.356445,0.112305,0.424805,1.210937,2
17/11/2017 17:28:38.827,0.112305,0.288086,0.356445,0.112305,0.424805,1.210937,2
17/11/2017 17:28:39.829,0.112305,0.288086,0.351562,0.112305,0.424805,1.210937,2
17/11/2017 17:28:40.829,0.112305,0.288086,0.356445,0.112305,0.424805,1.210937,2
17/11/2017 17:28:41.829,0.112305,0.288086,0.351562,0.112305,0.424805,1.210937,2
17/11/2017 17:28:42.828,0.112305,0.288086,0.356445,0.112305,0.424805,1.210937,2
17/11/2017 17:28:43.832,0.112305,0.288086,0.356445,0.112305,0.424805,1.210937,2
17/11/2017 17:28:44.830,0.112305,0.288086,0.356445,0.112305,0.424805,1.210937,2
17/11/2017 17:28:45.829,0.112305,0.288086,0.356445,0.112305,0.424805,1.210937,2
17/11/2017 17:28:46.828,0.112305,0.288086,0.356445,0.112305,0.424805,1.210937,2
17/11/2017 17:28:47.829,0.112305,0.288086,0.356445,0.112305,0.424805,1.210937,2
17/11/2017 17:28:48.828,0.112305,0.288086,0.356445,0.112305,0.424805,1.210937,2
17/11/2017 17:28:49.831,0.112305,0.288086,0.356445,0.112305,0.424805,1.210937,2
17/11/2017 17:28:50.830,0.112305,0.288086,0.356445,0.112305,0.424805,1.210937,2
17/11/2017 17:28:51.831,0.112305,0.288086,0.356445,0.112305,0.424805,1.210937,2
17/11/2017 17:28:52.829,0.112305,0.288086,0.356445,0.112305,0.424805,1.210937,2
17/11/2017 17:28:53.828,0.112305,0.288086,0.356445,0.112305,0.424805,1.210937,2
17/11/2017 17:28:54.832,0.112305,0.288086,0.356445,0.112305,0.424805,1.206055,2
17/11/2017 17:28:55.832,0.112305,0.288086,0.356445,0.112305,0.424805,1.206055,2
17/11/2017 17:28:56.830,0.112305,0.288086,0.356445,0.112305,0.424805,1.206055,2
17/11/2017 17:28:57.835,0.112305,0.288086,0.356445,0.112305,0.424805,1.206055,2
17/11/2017 17:28:58.833,0.112305,0.288086,0.356445,0.112305,0.424805,1.206055,2
17/11/2017 17:28:59.834,0.112305,0.288086,0.356445,0.112305,0.424805,1.206055,2
17/11/2017 17:29:00.832,0.112305,0.288086,0.356445,0.112305,0.424805,1.206055,2
17/11/2017 17:29:01.837,0.112305,0.288086,0.356445,0.112305,0.424805,1.206055,2
17/11/2017 17:29:02.836,0.112305,0.288086,0.356445,0.112305,0.424805,1.206055,2
17/11/2017 17:29:03.834,0.112305,0.288086,0.356445,0.112305,0.424805,1.206055,2
17/11/2017 17:29:04.833,0.112305,0.288086,0.356445,0.112305,0.424805,1.206055,2
17/11/2017 17:29:05.836,0.112305,0.288086,0.356445,0.112305,0.424805,1.206055,2
17/11/2017 17:29:06.837,0.112305,0.288086,0.356445,0.112305,0.429687,1.206055,2
17/11/2017 17:29:07.835,0.112305,0.288086,0.356445,0.112305,0.424805,1.206055,2
17/11/2017 17:29:08.835,0.112305,0.288086,0.356445,0.112305,0.429687,1.206055,2
17/11/2017 17:29:09.835,0.112305,0.288086,0.356445,0.112305,0.429687,1.206055,2
17/11/2017 17:29:10.838,0.112305,0.288086,0.356445,0.112305,0.424805,1.206055,2
17/11/2017 17:29:11.837,0.112305,0.288086,0.356445,0.112305,0.424805,1.206055,2
17/11/2017 17:29:12.838,0.112305,0.288086,0.356445,0.112305,0.424805,1.206055,2
17/11/2017 17:29:13.837,0.112305,0.288086,0.356445,0.112305,0.429687,1.206055,2
17/11/2017 17:29:14.835,0.112305,0.288086,0.356445,0.112305,0.429687,1.206055,2
17/11/2017 17:29:15.840,0.112305,0.288086,0.356445,0.112305,0.424805,1.206055,2
17/11/2017 17:29:16.839,0.112305,0.288086,0.356445,0.112305,0.424805,1.206055,2
17/11/2017 17:29:17.838,0.112305,0.288086,0.356445,0.112305,0.429687,1.206055,2
17/11/2017 17:29:18.836,0.112305,0.288086,0.356445,0.112305,0.429687,1.206055,2
17/11/2017 17:29:19.841,0.112305,0.288086,0.356445,0.112305,0.424805,1.206055,2
17/11/2017 17:29:20.840,0.112305,0.288086,0.356445,0.112305,0.429687,1.206055,2
17/11/2017 17:29:21.840,0.112305,0.288086,0.356445,0.112305,0.424805,1.206055,2
17/11/2017 17:29:22.839,0.112305,0.288086,0.356445,0.112305,0.424805,1.206055,2
17/11/2017 17:29:23.838,0.112305,0.288086,0.356445,0.112305,0.424805,1.206055,2
17/11/2017 17:29:24.843,0.112305,0.288086,0.356445,0.112305,0.424805,1.206055,2
17/11/2017 17:29:25.840,0.112305,0.288086,0.356445,0.112305,0.424805,1.206055,2
17/11/2017 17:29:26.840,0.112305,0.288086,0.356445,0.112305,0.429687,1.206055,2
17/11/2017 17:29:27.845,0.112305,0.288086,0.356445,0.112305,0.424805,1.206055,2
17/11/2017 17:29:28.845,0.112305,0.288086,0.356445,0.112305,0.424805,1.206055,2
17/11/2017 17:29:29.844,0.112305,0.288086,0.356445,0.112305,0.424805,1.206055,2
17/11/2017 17:29:30.841,0.112305,0.288086,0.356445,0.112305,0.424805,1.206055,2
17/11/2017 17:29:31.846,0.112305,0.288086,0.356445,0.112305,0.424805,1.206055,2
17/11/2017 17:29:32.845,0.112305,0.288086,0.356445,0.112305,0.429687,1.206055,2
17/11/2017 17:29:33.845,0.112305,0.288086,0.356445,0.112305,0.429687,1.206055,2
17/11/2017 17:29:34.844,0.112305,0.288086,0.356445,0.112305,0.424805,1.206055,2
17/11/2017 17:29:35.847,0.112305,0.288086,0.356445,0.112305,0.424805,1.210937,2
17/11/2017 17:29:36.847,0.112305,0.288086,0.356445,0.112305,0.429687,1.206055,2
17/11/2017 17:29:37.846,0.112305,0.288086,0.356445,0.112305,0.429687,1.206055,2
17/11/2017 17:29:38.845,0.112305,0.288086,0.356445,0.112305,0.429687,1.206055,2
17/11/2017 17:29:39.845,0.112305,0.288086,0.356445,0.112305,0.424805,1.206055,2
17/11/2017 17:29:40.848,0.112305,0.288086,0.356445,0.112305,0.424805,1.206055,2
17/11/2017 17:29:41.847,0.112305,0.288086,0.356445,0.112305,0.429687,1.206055,2
17/11/2017 17:29:42.847,0.112305,0.288086,0.356445,0.112305,0.429687,1.206055,2
17/11/2017 17:29:43.850,0.112305,0.288086,0.356445,0.112305,0.429687,1.206055,2
17/11/2017 17:29:44.850,0.112305,0.288086,0.356445,0.112305,0.424805,1.206055,2
17/11/2017 17:29:45.848,0.112305,0.288086,0.356445,0.112305,0.424805,1.206055,2
17/11/2017 17:29:46.849,0.112305,0.288086,0.356445,0.112305,0.424805,1.206055,2
17/11/2017 17:29:47.852,0.112305,0.288086,0.356445,0.112305,0.424805,1.206055,2
17/11/2017 17:29:48.850,0.112305,0.288086,0.356445,0.112305,0.429687,1.206055,2
17/11/2017 17:29:49.851,0.112305,0.288086,0.356445,0.112305,0.429687,1.206055,2
17/11/2017 17:29:50.849,0.112305,0.288086,0.356445,0.112305,0.429687,1.206055,2
17/11/2017 17:29:51.852,0.112305,0.288086,0.356445,0.112305,0.424805,1.206055,2
17/11/2017 17:29:52.852,0.112305,0.288086,0.356445,0.112305,0.424805,1.206055,2
17/11/2017 17:29:53.853,0.112305,0.288086,0.356445,0.112305,0.429687,1.206055,2
17/11/2017 17:29:54.851,0.112305,0.288086,0.356445,0.112305,0.429687,1.206055,2
17/11/2017 17:29:55.852,0.112305,0.288086,0.356445,0.112305,0.429687,1.206055,2
17/11/2017 17:29:56.849,0.112305,0.288086,0.356445,0.112305,0.429687,1.206055,2
17/11/2017 17:29:57.854,0.112305,0.288086,0.356445,0.112305,0.429687,1.206055,2
17/11/2017 17:29:58.853,0.112305,0.288086,0.356445,0.112305,0.429687,1.206055,2
17/11/2017 17:29:59.852,0.112305,0.288086,0.356445,0.112305,0.429687,1.201172,2
17/11/2017 17:30:00.856,0.112305,0.288086,0.356445,0.112305,0.429687,1.201172,2
17/11/2017 17:30:01.855,0.112305,0.288086,0.356445,0.112305,0.429687,1.201172,2
17/11/2017 17:30:02.855,0.112305,0.288086,0.356445,0.112305,0.429687,1.201172,2
17/11/2017 17:30:03.857,0.112305,0.288086,0.356445,0.112305,0.429687,1.201172,2
17/11/2017 17:30:04.856,0.112305,0.288086,0.356445,0.112305,0.424805,1.201172,2
17/11/2017 17:30:05.856,0.112305,0.288086,0.356445,0.112305,0.429687,1.201172,2
17/11/2017 17:30:06.855,0.112305,0.288086,0.356445,0.112305,0.429687,1.201172,2
17/11/2017 17:30:07.859,0.112305,0.288086,0.356445,0.112305,0.429687,1.201172,2
17/11/2017 17:30:08.859,0.112305,0.288086,0.356445,0.112305,0.429687,1.201172,2
17/11/2017 17:30:09.857,0.112305,0.288086,0.356445,0.112305,0.429687,1.201172,2
17/11/2017 17:30:10.858,0.112305,0.288086,0.356445,0.112305,0.429687,1.201172,2
17/11/2017 17:30:11.857,0.112305,0.288086,0.356445,0.112305,0.429687,1.201172,2
17/11/2017 17:30:12.855,0.112305,0.288086,0.356445,0.112305,0.429687,1.201172,2
17/11/2017 17:30:13.860,0.112305,0.288086,0.356445,0.112305,0.429687,1.201172,2
17/11/2017 17:30:14.859,0.112305,0.288086,0.356445,0.112305,0.429687,1.201172,2
17/11/2017 17:30:15.862,0.112305,0.288086,0.356445,0.112305,0.424805,1.206055,2
17/11/2017 17:30:16.862,0.112305,0.288086,0.356445,0.112305,0.429687,1.201172,2
17/11/2017 17:30:17.861,0.112305,0.288086,0.356445,0.112305,0.429687,1.201172,2
17/11/2017 17:30:18.860,0.112305,0.288086,0.356445,0.112305,0.429687,1.206055,2
17/11/2017 17:30:19.864,0.112305,0.288086,0.356445,0.112305,0.429687,1.201172,2
17/11/2017 17:30:20.863,0.112305,0.288086,0.356445,0.112305,0.429687,1.206055,2
17/11/2017 17:30:21.864,0.112305,0.288086,0.356445,0.112305,0.429687,1.206055,2
17/11/2017 17:30:22.862,0.112305,0.288086,0.356445,0.112305,0.429687,1.206055,2
17/11/2017 17:30:23.865,0.112305,0.288086,0.356445,0.112305,0.429687,1.206055,2
17/11/2017 17:30:24.864,0.112305,0.288086,0.356445,0.112305,0.429687,1.206055,2
17/11/2017 17:30:25.868,0.112305,0.288086,0.356445,0.112305,0.429687,1.206055,2
17/11/2017 17:30:26.868,0.112305,0.288086,0.356445,0.112305,0.429687,1.201172,2
17/11/2017 17:30:27.868,0.112305,0.288086,0.356445,0.112305,0.429687,1.206055,2
17/11/2017 17:30:28.867,0.112305,0.288086,0.356445,0.112305,0.429687,1.206055,2
17/11/2017 17:30:29.865,0.112305,0.288086,0.356445,0.112305,0.429687,1.206055,2
17/11/2017 17:30:30.866,0.112305,0.288086,0.356445,0.112305,0.429687,1.206055,2
17/11/2017 17:30:31.869,0.112305,0.288086,0.356445,0.112305,0.429687,1.206055,2
17/11/2017 17:30:32.867,0.112305,0.288086,0.361328,0.112305,0.429687,1.206055,2
17/11/2017 17:30:33.868,0.112305,0.288086,0.356445,0.112305,0.429687,1.206055,2
17/11/2017 17:30:34.866,0.112305,0.288086,0.356445,0.112305,0.429687,1.206055,2
17/11/2017 17:30:35.867,0.112305,0.288086,0.356445,0.112305,0.429687,1.206055,2
17/11/2017 17:30:36.870,0.112305,0.288086,0.356445,0.112305,0.429687,1.201172,2
17/11/2017 17:30:37.869,0.112305,0.288086,0.356445,0.112305,0.424805,1.201172,2
17/11/2017 17:30:38.868,0.112305,0.283203,0.356445,0.112305,0.419922,1.201172,2
17/11/2017 17:30:39.868,0.112305,0.27832,0.356445,0.112305,0.415039,1.196289,2
17/11/2017 17:30:40.871,0.112305,0.273437,0.351562,0.112305,0.410156,1.191406,2
17/11/2017 17:30:41.871,0.112305,0.268555,0.351562,0.112305,0.410156,1.186523,2
17/11/2017 17:30:42.870,0.112305,0.268555,0.34668,0.112305,0.405273,1.176758,2
17/11/2017 17:30:43.873,0.112305,0.263672,0.341797,0.112305,0.405273,1.171875,2
17/11/2017 17:30:44.873,0.112305,0.258789,0.341797,0.112305,0.405273,1.162109,2
17/11/2017 17:30:45.871,0.112305,0.258789,0.336914,0.112305,0.405273,1.157227,2
17/11/2017 17:30:46.872,0.112305,0.253906,0.336914,0.112305,0.400391,1.147461,2
17/11/2017 17:30:47.875,0.112305,0.253906,0.332031,0.107422,0.400391,1.137695,2
17/11/2017 17:30:48.875,0.107422,0.249023,0.327148,0.107422,0.400391,1.132812,2
17/11/2017 17:30:49.873,0.112305,0.244141,0.327148,0.107422,0.400391,1.123047,2
17/11/2017 17:30:50.877,0.107422,0.244141,0.322266,0.107422,0.400391,1.113281,2
17/11/2017 17:30:51.876,0.107422,0.244141,0.322266,0.107422,0.395508,1.108398,2
17/11/2017 17:30:52.877,0.107422,0.239258,0.322266,0.107422,0.395508,1.098633,2
17/11/2017 17:30:53.880,0.107422,0.239258,0.317383,0.107422,0.395508,1.09375,2
17/11/2017 17:30:54.878,0.107422,0.234375,0.317383,0.107422,0.395508,1.083984,2
17/11/2017 17:30:55.878,0.107422,0.234375,0.3125,0.107422,0.395508,1.079102,2
17/11/2017 17:30:56.879,0.107422,0.234375,0.3125,0.107422,0.395508,1.069336,2
17/11/2017 17:30:57.877,0.107422,0.229492,0.307617,0.107422,0.390625,1.064453,2
17/11/2017 17:30:58.877,0.107422,0.229492,0.307617,0.107422,0.390625,1.05957,2
17/11/2017 17:30:59.877,0.107422,0.229492,0.307617,0.107422,0.390625,1.049805,2
17/11/2017 17:31:00.879,0.107422,0.224609,0.302734,0.107422,0.390625,1.044922,2
17/11/2017 17:31:01.879,0.107422,0.224609,0.302734,0.107422,0.390625,1.040039,2
17/11/2017 17:31:02.877,0.107422,0.224609,0.302734,0.107422,0.390625,1.035156,2
17/11/2017 17:31:03.881,0.107422,0.224609,0.297852,0.107422,0.390625,1.025391,2
17/11/2017 17:31:04.880,0.107422,0.219727,0.297852,0.102539,0.390625,1.020508,2
17/11/2017 17:31:05.880,0.107422,0.219727,0.297852,0.102539,0.385742,1.015625,2
17/11/2017 17:31:06.880,0.107422,0.219727,0.297852,0.107422,0.385742,1.010742,2
17/11/2017 17:31:07.878,0.107422,0.219727,0.292969,0.107422,0.385742,1.005859,2
17/11/2017 17:31:08.882,0.107422,0.214844,0.292969,0.107422,0.385742,1.000977,2
17/11/2017 17:31:09.881,0.107422,0.214844,0.292969,0.102539,0.385742,0.996094,2
17/11/2017 17:31:10.881,0.107422,0.214844,0.292969,0.102539,0.385742,0.996094,2
17/11/2017 17:31:11.880,0.107422,0.214844,0.288086,0.107422,0.380859,0.991211,2
17/11/2017 17:31:12.880,0.107422,0.209961,0.288086,0.102539,0.385742,0.986328,2
17/11/2017 17:31:13.879,0.107422,0.209961,0.288086,0.102539,0.380859,0.981445,2
17/11/2017 17:31:14.882,0.107422,0.209961,0.288086,0.102539,0.380859,0.976562,2
17/11/2017 17:31:15.883,0.107422,0.209961,0.288086,0.102539,0.380859,0.97168,2
17/11/2017 17:31:16.880,0.107422,0.209961,0.283203,0.102539,0.380859,0.966797,2
17/11/2017 17:31:17.881,0.102539,0.209961,0.283203,0.102539,0.380859,0.966797,2
17/11/2017 17:31:18.884,0.102539,0.205078,0.283203,0.102539,0.380859,0.961914,2
17/11/2017 17:31:19.883,0.102539,0.205078,0.283203,0.102539,0.380859,0.957031,2
17/11/2017 17:31:20.884,0.102539,0.205078,0.283203,0.102539,0.380859,0.957031,2
17/11/2017 17:31:21.882,0.102539,0.205078,0.283203,0.102539,0.380859,0.952148,2
17/11/2017 17:31:22.887,0.102539,0.205078,0.27832,0.102539,0.380859,0.947266,2
17/11/2017 17:31:23.884,0.102539,0.205078,0.27832,0.102539,0.380859,0.947266,2
17/11/2017 17:31:24.884,0.102539,0.200195,0.27832,0.102539,0.375977,0.942383,2
17/11/2017 17:31:25.887,0.107422,0.200195,0.27832,0.102539,0.375977,0.942383,2
17/11/2017 17:31:26.889,0.102539,0.200195,0.27832,0.102539,0.375977,0.9375,2
17/11/2017 17:31:27.888,0.102539,0.200195,0.27832,0.102539,0.375977,0.9375,2
17/11/2017 17:31:28.886,0.102539,0.200195,0.27832,0.102539,0.375977,0.932617,2
17/11/2017 17:31:29.890,0.102539,0.200195,0.27832,0.102539,0.375977,0.932617,2
17/11/2017 17:31:30.888,0.102539,0.200195,0.273437,0.102539,0.375977,0.927734,2
17/11/2017 17:31:31.889,0.102539,0.195312,0.273437,0.102539,0.375977,0.927734,2
17/11/2017 17:31:32.891,0.102539,0.195312,0.273437,0.102539,0.375977,0.922852,2
17/11/2017 17:31:33.891,0.102539,0.195312,0.273437,0.102539,0.375977,0.922852,2
17/11/2017 17:31:34.890,0.102539,0.195312,0.273437,0.102539,0.371094,0.917969,2
17/11/2017 17:31:35.891,0.102539,0.195312,0.273437,0.102539,0.375977,0.917969,2
17/11/2017 17:31:36.889,0.102539,0.195312,0.273437,0.102539,0.375977,0.913086,2
17/11/2017 17:31:37.888,0.102539,0.195312,0.273437,0.102539,0.371094,0.913086,2
17/11/2017 17:31:38.892,0.102539,0.19043,0.273437,0.102539,0.371094,0.908203,2
17/11/2017 17:31:39.892,0.102539,0.19043,0.273437,0.102539,0.371094,0.908203,2
17/11/2017 17:31:40.891,0.102539,0.19043,0.268555,0.102539,0.371094,0.908203,2
17/11/2017 17:31:41.889,0.102539,0.19043,0.268555,0.097656,0.371094,0.90332,2
17/11/2017 17:31:42.893,0.102539,0.19043,0.268555,0.102539,0.371094,0.90332,2
17/11/2017 17:31:43.892,0.102539,0.19043,0.268555,0.102539,0.371094,0.90332,2
17/11/2017 17:31:44.893,0.102539,0.19043,0.268555,0.102539,0.371094,0.898437,2
17/11/2017 17:31:45.892,0.102539,0.19043,0.268555,0.102539,0.371094,0.898437,2
17/11/2017 17:31:46.894,0.102539,0.19043,0.268555,0.102539,0.371094,0.898437,2
17/11/2017 17:31:47.895,0.102539,0.19043,0.268555,0.102539,0.371094,0.893555,2
17/11/2017 17:31:48.894,0.102539,0.19043,0.268555,0.097656,0.371094,0.893555,2
17/11/2017 17:31:49.893,0.102539,0.185547,0.268555,0.102539,0.371094,0.893555,2
17/11/2017 17:31:50.896,0.102539,0.185547,0.268555,0.102539,0.371094,0.888672,2
17/11/2017 17:31:51.897,0.102539,0.185547,0.268555,0.102539,0.371094,0.888672,2
17/11/2017 17:31:52.897,0.102539,0.185547,0.263672,0.097656,0.371094,0.888672,2
17/11/2017 17:31:53.894,0.102539,0.185547,0.263672,0.097656,0.371094,0.888672,2
17/11/2017 17:31:54.893,0.102539,0.185547,0.263672,0.097656,0.371094,0.883789,2
17/11/2017 17:31:55.893,0.102539,0.185547,0.263672,0.097656,0.366211,0.883789,2
17/11/2017 17:31:56.896,0.102539,0.185547,0.263672,0.097656,0.366211,0.883789,2
17/11/2017 17:31:57.896,0.102539,0.185547,0.263672,0.097656,0.366211,0.883789,2
17/11/2017 17:31:58.895,0.102539,0.185547,0.263672,0.097656,0.366211,0.878906,2
17/11/2017 17:31:59.895,0.102539,0.185547,0.263672,0.097656,0.366211,0.878906,2
17/11/2017 17:32:00.894,0.102539,0.180664,0.263672,0.097656,0.366211,0.878906,2
17/11/2017 17:32:01.899,0.102539,0.185547,0.263672,0.097656,0.366211,0.874023,2
17/11/2017 17:32:02.896,0.102539,0.180664,0.263672,0.097656,0.366211,0.874023,2
17/11/2017 17:32:03.896,0.102539,0.180664,0.263672,0.097656,0.366211,0.874023,2
17/11/2017 17:32:04.896,0.102539,0.180664,0.263672,0.097656,0.366211,0.874023,2
17/11/2017 17:32:05.899,0.102539,0.180664,0.263672,0.097656,0.366211,0.874023,2
17/11/2017 17:32:06.898,0.102539,0.180664,0.263672,0.097656,0.366211,0.874023,2
17/11/2017 17:32:07.898,0.102539,0.180664,0.263672,0.097656,0.366211,0.869141,2
17/11/2017 17:32:08.898,0.102539,0.180664,0.263672,0.097656,0.366211,0.869141,2
17/11/2017 17:32:09.897,0.102539,0.180664,0.263672,0.097656,0.366211,0.869141,2
17/11/2017 17:32:10.897,0.102539,0.180664,0.258789,0.097656,0.366211,0.869141,2
17/11/2017 17:32:11.900,0.102539,0.180664,0.258789,0.097656,0.366211,0.869141,2
17/11/2017 17:32:12.899,0.097656,0.180664,0.258789,0.097656,0.366211,0.864258,2
17/11/2017 17:32:13.898,0.097656,0.180664,0.258789,0.097656,0.366211,0.864258,2
17/11/2017 17:32:14.898,0.102539,0.180664,0.258789,0.097656,0.366211,0.864258,2
17/11/2017 17:32:15.901,0.102539,0.180664,0.258789,0.097656,0.366211,0.864258,2
17/11/2017 17:32:16.900,0.097656,0.175781,0.258789,0.097656,0.366211,0.864258,2
17/11/2017 17:32:17.900,0.097656,0.175781,0.258789,0.097656,0.366211,0.859375,2
17/11/2017 17:32:18.898,0.097656,0.175781,0.258789,0.097656,0.366211,0.859375,2
17/11/2017 17:32:19.898,0.097656,0.175781,0.258789,0.097656,0.366211,0.859375,2
17/11/2017 17:32:20.903,0.097656,0.175781,0.258789,0.097656,0.361328,0.859375,2
17/11/2017 17:32:21.901,0.097656,0.175781,0.258789,0.097656,0.361328,0.859375,2
17/11/2017 17:32:22.901,0.097656,0.175781,0.258789,0.097656,0.361328,0.859375,2
17/11/2017 17:32:23.905,0.097656,0.175781,0.258789,0.097656,0.361328,0.859375,2
17/11/2017 17:32:24.904,0.097656,0.175781,0.258789,0.097656,0.361328,0.859375,2
17/11/2017 17:32:25.904,0.097656,0.175781,0.258789,0.097656,0.361328,0.854492,2
17/11/2017 17:32:26.902,0.102539,0.175781,0.258789,0.097656,0.361328,0.854492,2
17/11/2017 17:32:27.903,0.097656,0.175781,0.258789,0.097656,0.361328,0.854492,2
17/11/2017 17:32:28.905,0.097656,0.175781,0.258789,0.097656,0.361328,0.854492,2
17/11/2017 17:32:29.904,0.097656,0.175781,0.258789,0.097656,0.361328,0.854492,2
17/11/2017 17:32:30.905,0.097656,0.175781,0.258789,0.097656,0.361328,0.854492,2
17/11/2017 17:32:31.908,0.097656,0.175781,0.258789,0.097656,0.361328,0.849609,2
17/11/2017 17:32:32.907,0.097656,0.175781,0.258789,0.097656,0.361328,0.849609,2
17/11/2017 17:32:33.907,0.097656,0.175781,0.258789,0.097656,0.361328,0.849609,2
17/11/2017 17:32:34.906,0.097656,0.175781,0.258789,0.097656,0.361328,0.849609,2
17/11/2017 17:32:35.905,0.097656,0.170898,0.258789,0.097656,0.361328,0.849609,2
17/11/2017 17:32:36.908,0.097656,0.170898,0.253906,0.097656,0.361328,0.849609,2
17/11/2017 17:32:37.908,0.097656,0.170898,0.258789,0.097656,0.361328,0.849609,2
17/11/2017 17:32:38.908,0.097656,0.170898,0.258789,0.097656,0.361328,0.849609,2
17/11/2017 17:32:39.911,0.097656,0.170898,0.253906,0.097656,0.361328,0.849609,2
17/11/2017 17:32:40.909,0.097656,0.170898,0.253906,0.097656,0.361328,0.849609,2
17/11/2017 17:32:41.909,0.097656,0.170898,0.253906,0.097656,0.361328,0.849609,2
17/11/2017 17:32:42.908,0.097656,0.170898,0.253906,0.097656,0.361328,0.849609,2
17/11/2017 17:32:43.912,0.097656,0.170898,0.253906,0.097656,0.361328,0.844727,2
17/11/2017 17:32:44.911,0.097656,0.170898,0.253906,0.097656,0.361328,0.844727,2
17/11/2017 17:32:45.912,0.097656,0.170898,0.253906,0.097656,0.361328,0.844727,2
17/11/2017 17:32:46.911,0.097656,0.170898,0.253906,0.097656,0.361328,0.844727,2
17/11/2017 17:32:47.914,0.097656,0.170898,0.253906,0.097656,0.361328,0.844727,2
17/11/2017 17:32:48.914,0.097656,0.170898,0.253906,0.097656,0.361328,0.844727,2
17/11/2017 17:32:49.913,0.097656,0.170898,0.253906,0.097656,0.361328,0.844727,2
17/11/2017 17:32:50.911,0.097656,0.170898,0.253906,0.097656,0.361328,0.844727,2
17/11/2017 17:32:51.911,0.097656,0.170898,0.253906,0.097656,0.361328,0.844727,2
17/11/2017 17:32:52.915,0.097656,0.170898,0.253906,0.097656,0.356445,0.844727,2
17/11/2017 17:32:53.914,0.097656,0.170898,0.253906,0.097656,0.361328,0.844727,2
17/11/2017 17:32:54.913,0.097656,0.170898,0.253906,0.097656,0.361328,0.839844,2
17/11/2017 17:32:55.913,0.097656,0.170898,0.253906,0.092773,0.361328,0.839844,2
17/11/2017 17:32:56.916,0.097656,0.170898,0.253906,0.097656,0.361328,0.839844,2
17/11/2017 17:32:57.915,0.097656,0.170898,0.253906,0.097656,0.361328,0.839844,2
17/11/2017 17:32:58.916,0.097656,0.170898,0.253906,0.097656,0.361328,0.839844,2
17/11/2017 17:32:59.915,0.097656,0.170898,0.253906,0.097656,0.361328,0.839844,2
17/11/2017 17:33:00.918,0.097656,0.170898,0.253906,0.092773,0.361328,0.839844,2
17/11/2017 17:33:01.918,0.097656,0.170898,0.253906,0.097656,0.361328,0.839844,2
17/11/2017 17:33:02.916,0.097656,0.170898,0.253906,0.097656,0.361328,0.839844,2
17/11/2017 17:33:03.915,0.097656,0.166016,0.253906,0.092773,0.361328,0.839844,2
17/11/2017 17:33:04.919,0.097656,0.166016,0.253906,0.092773,0.356445,0.839844,2
17/11/2017 17:33:05.918,0.097656,0.166016,0.253906,0.097656,0.361328,0.839844,2
17/11/2017 17:33:06.918,0.097656,0.166016,0.253906,0.092773,0.361328,0.839844,2
17/11/2017 17:33:07.918,0.097656,0.166016,0.253906,0.092773,0.361328,0.839844,2
17/11/2017 17:33:08.921,0.097656,0.166016,0.253906,0.097656,0.361328,0.834961,2
17/11/2017 17:33:09.919,0.097656,0.166016,0.253906,0.097656,0.361328,0.834961,2
17/11/2017 17:33:10.920,0.097656,0.166016,0.253906,0.092773,0.361328,0.834961,2
17/11/2017 17:33:11.918,0.097656,0.166016,0.253906,0.092773,0.361328,0.834961,2
17/11/2017 17:33:12.923,0.097656,0.166016,0.253906,0.092773,0.361328,0.834961,2
17/11/2017 17:33:13.922,0.097656,0.166016,0.253906,0.092773,0.361328,0.834961,2
17/11/2017 17:33:14.922,0.097656,0.166016,0.249023,0.097656,0.361328,0.834961,2
17/11/2017 17:33:15.920,0.097656,0.166016,0.253906,0.092773,0.361328,0.834961,2
17/11/2017 17:33:16.920,0.097656,0.166016,0.249023,0.092773,0.356445,0.834961,2
17/11/2017 17:33:17.924,0.097656,0.166016,0.253906,0.092773,0.356445,0.834961,2
17/11/2017 17:33:18.922,0.097656,0.166016,0.249023,0.092773,0.361328,0.834961,2
17/11/2017 17:33:19.923,0.097656,0.166016,0.249023,0.092773,0.361328,0.834961,2
17/11/2017 17:33:20.921,0.097656,0.166016,0.249023,0.092773,0.356445,0.834961,2
17/11/2017 17:33:21.920,0.097656,0.166016,0.249023,0.097656,0.361328,0.834961,2
17/11/2017 17:33:22.920,0.097656,0.166016,0.249023,0.092773,0.361328,0.834961,2
17/11/2017 17:33:23.923,0.097656,0.166016,0.253906,0.092773,0.356445,0.834961,2
17/11/2017 17:33:24.924,0.097656,0.166016,0.249023,0.092773,0.356445,0.834961,2
17/11/2017 17:33:25.921,0.097656,0.166016,0.249023,0.092773,0.356445,0.834961,2
17/11/2017 17:33:26.927,0.097656,0.166016,0.249023,0.092773,0.356445,0.834961,2
17/11/2017 17:33:27.926,0.097656,0.166016,0.249023,0.092773,0.356445,0.834961,2
17/11/2017 17:33:28.925,0.097656,0.166016,0.249023,0.092773,0.356445,0.834961,2
17/11/2017 17:33:29.924,0.097656,0.166016,0.249023,0.092773,0.356445,0.834961,2
17/11/2017 17:33:30.927,0.097656,0.166016,0.249023,0.092773,0.356445,0.834961,2
17/11/2017 17:33:31.927,0.097656,0.166016,0.249023,0.092773,0.356445,0.834961,2
17/11/2017 17:33:32.925,0.097656,0.166016,0.249023,0.092773,0.356445,0.834961,2
17/11/2017 17:33:33.926,0.097656,0.166016,0.249023,0.092773,0.356445,0.834961,2
17/11/2017 17:33:34.925,0.097656,0.166016,0.249023,0.092773,0.356445,0.834961,2
17/11/2017 17:33:35.924,0.097656,0.166016,0.249023,0.092773,0.356445,0.834961,2
17/11/2017 17:33:36.927,0.097656,0.166016,0.249023,0.092773,0.361328,0.834961,2
17/11/2017 17:33:37.926,0.097656,0.166016,0.249023,0.092773,0.356445,0.834961,2
17/11/2017 17:33:38.926,0.097656,0.166016,0.249023,0.092773,0.356445,0.834961,2
17/11/2017 17:33:39.925,0.097656,0.166016,0.249023,0.092773,0.361328,0.834961,2
17/11/2017 17:33:40.929,0.097656,0.166016,0.249023,0.092773,0.356445,0.834961,2
17/11/2017 17:33:41.929,0.097656,0.166016,0.249023,0.092773,0.356445,0.834961,2
17/11/2017 17:33:42.929,0.097656,0.161133,0.249023,0.092773,0.356445,0.834961,2
17/11/2017 17:33:43.927,0.097656,0.166016,0.249023,0.092773,0.361328,0.834961,2
17/11/2017 17:33:44.926,0.097656,0.166016,0.249023,0.092773,0.361328,0.834961,2
17/11/2017 17:33:45.929,0.097656,0.166016,0.249023,0.092773,0.356445,0.834961,2
17/11/2017 17:33:46.931,0.097656,0.161133,0.249023,0.092773,0.356445,0.834961,2
17/11/2017 17:33:47.932,0.097656,0.161133,0.249023,0.092773,0.361328,0.834961,2
17/11/2017 17:33:48.932,0.097656,0.161133,0.249023,0.092773,0.356445,0.834961,2
17/11/2017 17:33:49.932,0.097656,0.161133,0.249023,0.092773,0.356445,0.834961,2
17/11/2017 17:33:50.931,0.097656,0.161133,0.249023,0.092773,0.356445,0.834961,2
17/11/2017 17:33:51.934,0.097656,0.161133,0.249023,0.092773,0.356445,0.834961,2
17/11/2017 17:33:52.934,0.097656,0.161133,0.249023,0.092773,0.356445,0.830078,2
17/11/2017 17:33:53.933,0.097656,0.161133,0.249023,0.092773,0.356445,0.834961,2
17/11/2017 17:33:54.933,0.097656,0.161133,0.249023,0.092773,0.356445,0.834961,2
17/11/2017 17:33:55.936,0.097656,0.161133,0.249023,0.092773,0.356445,0.834961,2
17/11/2017 17:33:56.935,0.097656,0.161133,0.249023,0.092773,0.356445,0.834961,2
17/11/2017 17:33:57.934,0.097656,0.161133,0.249023,0.092773,0.356445,0.830078,2
17/11/2017 17:33:58.935,0.097656,0.161133,0.249023,0.092773,0.356445,0.834961,2
17/11/2017 17:33:59.934,0.097656,0.161133,0.249023,0.092773,0.356445,0.834961,2
17/11/2017 17:34:00.937,0.097656,0.161133,0.249023,0.092773,0.356445,0.834961,2
17/11/2017 17:34:01.936,0.097656,0.161133,0.249023,0.092773,0.356445,0.834961,2
17/11/2017 17:34:02.937,0.097656,0.161133,0.249023,0.092773,0.356445,0.834961,2
17/11/2017 17:34:03.936,0.097656,0.161133,0.249023,0.092773,0.356445,0.834961,2
17/11/2017 17:34:04.939,0.097656,0.161133,0.249023,0.092773,0.356445,0.830078,2
17/11/2017 17:34:05.939,0.097656,0.161133,0.249023,0.092773,0.356445,0.834961,2
17/11/2017 17:34:06.937,0.097656,0.161133,0.249023,0.092773,0.356445,0.834961,2
17/11/2017 17:34:07.937,0.097656,0.161133,0.249023,0.092773,0.356445,0.834961,2
17/11/2017 17:34:08.941,0.097656,0.161133,0.249023,0.092773,0.356445,0.830078,2
17/11/2017 17:34:09.940,0.097656,0.161133,0.249023,0.092773,0.356445,0.830078,2
17/11/2017 17:34:10.938,0.097656,0.161133,0.249023,0.092773,0.356445,0.834961,2
17/11/2017 17:34:11.938,0.097656,0.161133,0.249023,0.092773,0.356445,0.834961,2
17/11/2017 17:34:12.939,0.097656,0.161133,0.249023,0.092773,0.356445,0.830078,2
17/11/2017 17:34:13.942,0.097656,0.161133,0.249023,0.092773,0.356445,0.834961,2
17/11/2017 17:34:14.940,0.097656,0.161133,0.249023,0.092773,0.356445,0.834961,2
17/11/2017 17:34:15.940,0.097656,0.161133,0.249023,0.092773,0.356445,0.834961,2
17/11/2017 17:34:16.943,0.097656,0.161133,0.249023,0.092773,0.356445,0.830078,2
17/11/2017 17:34:17.943,0.097656,0.161133,0.249023,0.092773,0.356445,0.830078,2
17/11/2017 17:34:18.943,0.097656,0.161133,0.249023,0.092773,0.356445,0.830078,2
17/11/2017 17:34:19.942,0.097656,0.161133,0.249023,0.092773,0.356445,0.830078,2
17/11/2017 17:34:20.945,0.097656,0.161133,0.249023,0.092773,0.356445,0.830078,2
17/11/2017 17:34:21.944,0.097656,0.161133,0.249023,0.092773,0.356445,0.834961,2
17/11/2017 17:34:22.944,0.097656,0.161133,0.249023,0.092773,0.356445,0.830078,2
17/11/2017 17:34:23.947,0.097656,0.161133,0.249023,0.092773,0.356445,0.830078,2
17/11/2017 17:34:24.947,0.097656,0.161133,0.249023,0.092773,0.356445,0.830078,2
17/11/2017 17:34:25.945,0.097656,0.161133,0.249023,0.092773,0.356445,0.830078,2
17/11/2017 17:34:26.946,0.097656,0.161133,0.249023,0.092773,0.356445,0.830078,2
17/11/2017 17:34:27.945,0.097656,0.161133,0.249023,0.092773,0.356445,0.830078,2
17/11/2017 17:34:28.944,0.097656,0.161133,0.249023,0.092773,0.356445,0.830078,2
17/11/2017 17:34:29.943,0.097656,0.161133,0.249023,0.092773,0.356445,0.830078,2
17/11/2017 17:34:30.942,0.097656,0.161133,0.249023,0.092773,0.356445,0.830078,2
17/11/2017 17:34:31.946,0.097656,0.161133,0.249023,0.092773,0.356445,0.830078,2
17/11/2017 17:34:32.945,0.097656,0.161133,0.249023,0.092773,0.356445,0.830078,2
17/11/2017 17:34:33.945,0.097656,0.161133,0.249023,0.092773,0.356445,0.830078,2
17/11/2017 17:34:34.944,0.097656,0.161133,0.249023,0.092773,0.356445,0.830078,2
17/11/2017 17:34:35.944,0.097656,0.161133,0.249023,0.092773,0.356445,0.830078,2
17/11/2017 17:34:36.946,0.092773,0.161133,0.249023,0.092773,0.356445,0.830078,2
17/11/2017 17:34:37.945,0.097656,0.161133,0.249023,0.092773,0.356445,0.830078,2
17/11/2017 17:34:38.946,0.097656,0.161133,0.244141,0.092773,0.356445,0.830078,2
17/11/2017 17:34:39.944,0.097656,0.161133,0.249023,0.092773,0.356445,0.830078,2
17/11/2017 17:34:40.945,0.092773,0.161133,0.249023,0.092773,0.356445,0.830078,2
17/11/2017 17:34:41.949,0.097656,0.161133,0.249023,0.092773,0.356445,0.830078,2
17/11/2017 17:34:42.948,0.097656,0.161133,0.244141,0.092773,0.356445,0.830078,2
17/11/2017 17:34:43.947,0.097656,0.161133,0.244141,0.092773,0.356445,0.830078,2
17/11/2017 17:34:44.947,0.097656,0.161133,0.249023,0.092773,0.356445,0.830078,2
17/11/2017 17:47:23.855,0.078125,0.146484,0.224609,0.087891,0.336914,0.727539,2
17/11/2017 17:47:24.853,0.078125,0.146484,0.224609,0.087891,0.336914,0.727539,2
17/11/2017 17:47:25.853,0.078125,0.146484,0.224609,0.087891,0.336914,0.727539,2
17/11/2017 17:47:26.856,0.078125,0.146484,0.224609,0.087891,0.336914,0.727539,2
17/11/2017 17:47:27.855,0.078125,0.146484,0.224609,0.087891,0.336914,0.727539,2
17/11/2017 17:47:28.854,0.078125,0.146484,0.224609,0.087891,0.336914,0.727539,2
17/11/2017 17:47:29.853,0.078125,0.146484,0.224609,0.087891,0.336914,0.727539,2
17/11/2017 17:47:30.854,0.078125,0.146484,0.224609,0.087891,0.336914,0.727539,2
17/11/2017 17:47:31.853,0.078125,0.146484,0.224609,0.087891,0.336914,0.727539,2
17/11/2017 17:47:32.856,0.078125,0.146484,0.224609,0.087891,0.336914,0.727539,2
17/11/2017 17:47:33.855,0.078125,0.146484,0.224609,0.087891,0.336914,0.727539,2
17/11/2017 17:47:34.855,0.078125,0.146484,0.224609,0.087891,0.336914,0.727539,2
17/11/2017 17:47:35.854,0.078125,0.146484,0.224609,0.087891,0.336914,0.732422,2
17/11/2017 17:47:36.855,0.078125,0.146484,0.224609,0.087891,0.336914,0.727539,2
17/11/2017 17:47:37.858,0.078125,0.146484,0.224609,0.087891,0.336914,0.727539,2
17/11/2017 17:47:38.856,0.078125,0.146484,0.224609,0.087891,0.336914,0.727539,2
17/11/2017 17:47:39.856,0.078125,0.146484,0.229492,0.087891,0.336914,0.732422,2
17/11/2017 17:47:40.856,0.078125,0.146484,0.224609,0.087891,0.336914,0.732422,2
17/11/2017 17:47:41.855,0.078125,0.146484,0.224609,0.087891,0.336914,0.732422,2
17/11/2017 17:47:42.854,0.078125,0.146484,0.229492,0.087891,0.336914,0.727539,2
17/11/2017 17:47:43.853,0.078125,0.146484,0.224609,0.087891,0.336914,0.732422,2
17/11/2017 17:47:44.858,0.078125,0.146484,0.229492,0.087891,0.336914,0.732422,2
17/11/2017 17:47:45.857,0.078125,0.146484,0.229492,0.087891,0.336914,0.732422,2
17/11/2017 17:47:46.856,0.078125,0.146484,0.229492,0.087891,0.336914,0.732422,2
17/11/2017 17:47:47.857,0.078125,0.146484,0.229492,0.087891,0.336914,0.732422,2
17/11/2017 17:47:48.854,0.078125,0.146484,0.229492,0.087891,0.336914,0.732422,2
17/11/2017 17:47:49.854,0.078125,0.151367,0.229492,0.087891,0.336914,0.732422,2
17/11/2017 17:47:50.857,0.078125,0.146484,0.229492,0.087891,0.336914,0.732422,2
17/11/2017 17:47:51.856,0.078125,0.146484,0.229492,0.087891,0.336914,0.732422,2
17/11/2017 17:47:52.857,0.078125,0.146484,0.229492,0.087891,0.336914,0.732422,2
17/11/2017 17:47:53.855,0.078125,0.146484,0.229492,0.087891,0.341797,0.732422,2
17/11/2017 17:47:54.859,0.078125,0.146484,0.229492,0.087891,0.336914,0.732422,2
17/11/2017 17:47:55.858,0.078125,0.146484,0.229492,0.087891,0.336914,0.732422,2
17/11/2017 17:47:56.859,0.078125,0.146484,0.229492,0.087891,0.336914,0.732422,2
17/11/2017 17:47:57.857,0.078125,0.151367,0.229492,0.087891,0.336914,0.732422,2
17/11/2017 17:47:58.861,0.078125,0.151367,0.229492,0.087891,0.336914,0.732422,2
17/11/2017 17:47:59.860,0.078125,0.151367,0.229492,0.087891,0.336914,0.732422,2
17/11/2017 17:48:00.861,0.078125,0.151367,0.229492,0.087891,0.336914,0.732422,2
17/11/2017 17:48:01.858,0.078125,0.151367,0.229492,0.087891,0.341797,0.732422,2
17/11/2017 17:48:02.860,0.078125,0.151367,0.229492,0.087891,0.336914,0.732422,2
17/11/2017 17:48:03.857,0.078125,0.146484,0.229492,0.087891,0.336914,0.732422,2
17/11/2017 17:48:04.858,0.078125,0.151367,0.229492,0.087891,0.341797,0.732422,2
17/11/2017 17:48:05.861,0.078125,0.151367,0.229492,0.087891,0.336914,0.732422,2
17/11/2017 17:48:06.859,0.078125,0.151367,0.229492,0.087891,0.341797,0.732422,2
17/11/2017 17:48:07.860,0.078125,0.151367,0.229492,0.087891,0.341797,0.732422,2
17/11/2017 17:48:08.859,0.078125,0.151367,0.229492,0.087891,0.341797,0.732422,2
17/11/2017 17:48:09.861,0.078125,0.151367,0.229492,0.087891,0.341797,0.732422,2
17/11/2017 17:48:10.862,0.078125,0.146484,0.229492,0.087891,0.341797,0.732422,2
17/11/2017 17:48:11.860,0.078125,0.151367,0.229492,0.087891,0.341797,0.732422,2
17/11/2017 17:48:12.860,0.078125,0.151367,0.229492,0.087891,0.341797,0.737305,2
17/11/2017 17:48:13.860,0.078125,0.146484,0.229492,0.087891,0.341797,0.732422,2
17/11/2017 17:48:14.859,0.078125,0.151367,0.229492,0.087891,0.341797,0.732422,2
17/11/2017 17:48:15.858,0.078125,0.151367,0.229492,0.087891,0.341797,0.732422,2
17/11/2017 17:48:16.861,0.078125,0.151367,0.229492,0.087891,0.341797,0.732422,2
17/11/2017 17:48:17.861,0.078125,0.151367,0.229492,0.087891,0.341797,0.737305,2
17/11/2017 17:48:18.860,0.078125,0.151367,0.229492,0.087891,0.341797,0.732422,2
17/11/2017 17:48:19.864,0.078125,0.151367,0.229492,0.087891,0.341797,0.737305,2
17/11/2017 17:48:20.862,0.078125,0.151367,0.229492,0.087891,0.341797,0.737305,2
17/11/2017 17:48:21.861,0.078125,0.151367,0.229492,0.087891,0.341797,0.737305,2
17/11/2017 17:48:22.861,0.078125,0.151367,0.229492,0.087891,0.341797,0.737305,2
17/11/2017 17:48:23.860,0.078125,0.151367,0.229492,0.087891,0.341797,0.737305,2
17/11/2017 17:48:24.864,0.078125,0.151367,0.229492,0.087891,0.341797,0.737305,2
17/11/2017 17:48:25.864,0.078125,0.151367,0.229492,0.087891,0.341797,0.737305,2
17/11/2017 17:48:26.863,0.078125,0.151367,0.229492,0.087891,0.341797,0.737305,2
17/11/2017 17:48:27.862,0.078125,0.151367,0.229492,0.087891,0.341797,0.737305,2
17/11/2017 17:48:28.862,0.078125,0.151367,0.229492,0.087891,0.341797,0.737305,2
17/11/2017 17:48:29.864,0.078125,0.151367,0.234375,0.087891,0.341797,0.737305,2
17/11/2017 17:48:30.866,0.078125,0.151367,0.229492,0.087891,0.341797,0.737305,2
17/11/2017 17:48:31.865,0.078125,0.151367,0.234375,0.087891,0.341797,0.737305,2
17/11/2017 17:48:32.863,0.078125,0.151367,0.234375,0.087891,0.341797,0.737305,2
17/11/2017 17:48:33.864,0.078125,0.151367,0.234375,0.087891,0.341797,0.737305,2
17/11/2017 17:48:34.866,0.078125,0.151367,0.234375,0.087891,0.341797,0.737305,2
17/11/2017 17:48:35.866,0.078125,0.151367,0.234375,0.087891,0.341797,0.737305,2
17/11/2017 17:48:36.865,0.078125,0.151367,0.234375,0.087891,0.341797,0.737305,2
17/11/2017 17:48:37.864,0.078125,0.151367,0.234375,0.087891,0.341797,0.737305,2
17/11/2017 17:48:38.865,0.078125,0.151367,0.234375,0.087891,0.341797,0.737305,2
17/11/2017 17:48:39.865,0.078125,0.151367,0.234375,0.087891,0.341797,0.737305,2
17/11/2017 17:48:40.863,0.078125,0.151367,0.234375,0.087891,0.341797,0.737305,2
17/11/2017 17:48:41.866,0.078125,0.151367,0.234375,0.087891,0.341797,0.737305,2
17/11/2017 17:48:42.867,0.078125,0.151367,0.234375,0.087891,0.341797,0.737305,2
17/11/2017 17:48:43.864,0.078125,0.151367,0.234375,0.087891,0.341797,0.737305,2
17/11/2017 17:48:44.864,0.078125,0.151367,0.234375,0.087891,0.341797,0.737305,2
17/11/2017 17:48:45.863,0.078125,0.151367,0.234375,0.087891,0.341797,0.737305,2
17/11/2017 17:48:46.867,0.078125,0.151367,0.234375,0.087891,0.341797,0.737305,2
17/11/2017 17:48:47.866,0.078125,0.151367,0.234375,0.087891,0.341797,0.737305,2
17/11/2017 17:48:48.866,0.078125,0.151367,0.234375,0.087891,0.341797,0.737305,2
17/11/2017 17:48:49.865,0.078125,0.151367,0.234375,0.087891,0.341797,0.737305,2
17/11/2017 17:48:50.865,0.078125,0.151367,0.234375,0.087891,0.341797,0.737305,2
17/11/2017 17:48:51.865,0.078125,0.151367,0.234375,0.087891,0.341797,0.737305,2
17/11/2017 17:48:52.867,0.078125,0.151367,0.234375,0.087891,0.341797,0.737305,2
17/11/2017 17:48:53.867,0.078125,0.151367,0.234375,0.087891,0.341797,0.737305,2
17/11/2017 17:48:54.866,0.078125,0.151367,0.234375,0.087891,0.341797,0.737305,2
17/11/2017 17:48:55.865,0.078125,0.151367,0.234375,0.087891,0.341797,0.737305,2
17/11/2017 17:48:56.869,0.078125,0.151367,0.234375,0.087891,0.341797,0.737305,2
17/11/2017 17:48:57.867,0.078125,0.151367,0.234375,0.087891,0.341797,0.737305,2
17/11/2017 17:48:58.868,0.078125,0.151367,0.234375,0.087891,0.341797,0.737305,2
17/11/2017 17:48:59.869,0.078125,0.151367,0.234375,0.087891,0.341797,0.737305,2
17/11/2017 17:49:00.870,0.078125,0.151367,0.234375,0.087891,0.341797,0.737305,2
17/11/2017 17:49:01.869,0.078125,0.151367,0.234375,0.092773,0.341797,0.737305,2
17/11/2017 17:49:02.869,0.078125,0.151367,0.234375,0.087891,0.341797,0.742187,2
17/11/2017 17:49:03.869,0.078125,0.151367,0.234375,0.087891,0.341797,0.742187,2
17/11/2017 17:49:04.868,0.078125,0.151367,0.234375,0.087891,0.34668,0.742187,2
17/11/2017 17:49:05.867,0.078125,0.151367,0.234375,0.087891,0.34668,0.742187,2
17/11/2017 17:49:06.870,0.083008,0.15625,0.239258,0.092773,0.34668,0.756836,2
17/11/2017 17:49:07.869,0.083008,0.161133,0.244141,0.092773,0.351562,0.771484,2
17/11/2017 17:49:08.870,0.083008,0.170898,0.253906,0.092773,0.356445,0.786133,2
17/11/2017 17:49:09.869,0.083008,0.180664,0.263672,0.092773,0.356445,0.805664,2
17/11/2017 17:49:10.872,0.083008,0.185547,0.268555,0.092773,0.361328,0.825195,2
17/11/2017 17:49:11.871,0.087891,0.195312,0.27832,0.092773,0.366211,0.839844,2
17/11/2017 17:49:12.871,0.087891,0.200195,0.283203,0.092773,0.366211,0.854492,2
17/11/2017 17:49:13.869,0.087891,0.205078,0.288086,0.092773,0.371094,0.869141,2
17/11/2017 17:49:14.874,0.087891,0.209961,0.288086,0.097656,0.375977,0.883789,2
17/11/2017 17:49:15.873,0.087891,0.214844,0.292969,0.097656,0.375977,0.898437,2
17/11/2017 17:49:16.873,0.087891,0.219727,0.297852,0.097656,0.375977,0.908203,2
17/11/2017 17:49:17.873,0.087891,0.219727,0.297852,0.097656,0.380859,0.917969,2
17/11/2017 17:49:18.872,0.092773,0.224609,0.302734,0.097656,0.380859,0.932617,2
17/11/2017 17:49:19.874,0.092773,0.224609,0.297852,0.097656,0.380859,0.9375,2
17/11/2017 17:49:20.875,0.092773,0.229492,0.302734,0.097656,0.380859,0.947266,2
17/11/2017 17:49:21.873,0.092773,0.229492,0.302734,0.097656,0.385742,0.957031,2
17/11/2017 17:49:22.873,0.092773,0.234375,0.302734,0.097656,0.385742,0.966797,2
17/11/2017 17:49:23.877,0.092773,0.234375,0.302734,0.097656,0.385742,0.97168,2
17/11/2017 17:49:24.875,0.092773,0.234375,0.307617,0.097656,0.385742,0.981445,2
17/11/2017 17:49:25.874,0.092773,0.239258,0.307617,0.097656,0.385742,0.986328,2
17/11/2017 17:49:26.875,0.092773,0.239258,0.307617,0.097656,0.385742,0.996094,2
17/11/2017 17:49:27.874,0.092773,0.239258,0.307617,0.097656,0.385742,1.000977,2
17/11/2017 17:49:28.877,0.092773,0.239258,0.307617,0.097656,0.385742,1.005859,2
17/11/2017 17:49:29.876,0.092773,0.239258,0.307617,0.097656,0.390625,1.010742,2
17/11/2017 17:49:30.876,0.092773,0.244141,0.307617,0.097656,0.390625,1.015625,2
17/11/2017 17:49:31.880,0.092773,0.244141,0.307617,0.097656,0.390625,1.020508,2
17/11/2017 17:49:32.878,0.092773,0.244141,0.307617,0.097656,0.390625,1.025391,2
17/11/2017 17:49:33.878,0.092773,0.244141,0.307617,0.097656,0.390625,1.030273,2
17/11/2017 17:49:34.877,0.092773,0.244141,0.3125,0.097656,0.390625,1.035156,2
17/11/2017 17:49:35.881,0.092773,0.244141,0.3125,0.097656,0.390625,1.040039,2
17/11/2017 17:49:36.880,0.092773,0.244141,0.3125,0.097656,0.390625,1.040039,2
17/11/2017 17:49:37.879,0.092773,0.249023,0.3125,0.097656,0.390625,1.044922,2
17/11/2017 17:49:38.884,0.092773,0.244141,0.3125,0.097656,0.390625,1.049805,2
17/11/2017 17:49:39.884,0.092773,0.249023,0.3125,0.097656,0.390625,1.054687,2
17/11/2017 17:49:40.882,0.092773,0.249023,0.3125,0.102539,0.390625,1.054687,2
17/11/2017 17:49:41.881,0.097656,0.249023,0.3125,0.097656,0.390625,1.05957,2
17/11/2017 17:49:42.885,0.092773,0.249023,0.3125,0.102539,0.390625,1.05957,2
17/11/2017 17:49:43.884,0.092773,0.249023,0.3125,0.097656,0.390625,1.064453,2
17/11/2017 17:49:44.884,0.097656,0.249023,0.3125,0.097656,0.390625,1.069336,2
17/11/2017 17:49:45.882,0.092773,0.249023,0.3125,0.097656,0.390625,1.069336,2
17/11/2017 17:49:46.882,0.092773,0.249023,0.3125,0.097656,0.395508,1.069336,2
17/11/2017 17:49:47.886,0.097656,0.249023,0.3125,0.102539,0.395508,1.074219,2
17/11/2017 17:49:48.886,0.092773,0.249023,0.3125,0.102539,0.395508,1.074219,2
17/11/2017 17:49:49.884,0.097656,0.253906,0.3125,0.102539,0.395508,1.079102,2
17/11/2017 17:49:50.883,0.097656,0.253906,0.3125,0.097656,0.395508,1.079102,2
17/11/2017 17:49:51.882,0.097656,0.253906,0.3125,0.102539,0.395508,1.079102,2
17/11/2017 17:49:52.887,0.097656,0.253906,0.3125,0.102539,0.395508,1.083984,2
17/11/2017 17:49:53.887,0.097656,0.253906,0.3125,0.102539,0.395508,1.083984,2
17/11/2017 17:49:54.885,0.097656,0.253906,0.3125,0.102539,0.395508,1.083984,2
17/11/2017 17:49:55.885,0.097656,0.253906,0.3125,0.102539,0.395508,1.088867,2
17/11/2017 17:49:56.883,0.092773,0.253906,0.3125,0.097656,0.395508,1.088867,2
17/11/2017 17:49:57.888,0.097656,0.253906,0.3125,0.102539,0.395508,1.088867,2
17/11/2017 17:49:58.886,0.097656,0.253906,0.3125,0.102539,0.395508,1.088867,2
17/11/2017 17:49:59.886,0.097656,0.253906,0.3125,0.102539,0.395508,1.09375,2
17/11/2017 17:50:00.886,0.097656,0.253906,0.3125,0.102539,0.395508,1.09375,2
17/11/2017 17:50:01.889,0.097656,0.253906,0.3125,0.102539,0.395508,1.09375,2
17/11/2017 17:50:02.888,0.097656,0.253906,0.3125,0.102539,0.395508,1.09375,2
17/11/2017 17:50:03.888,0.097656,0.253906,0.3125,0.102539,0.395508,1.09375,2
17/11/2017 17:50:04.892,0.097656,0.253906,0.3125,0.102539,0.395508,1.098633,2
17/11/2017 17:50:05.890,0.097656,0.253906,0.3125,0.102539,0.395508,1.098633,2
17/11/2017 17:50:06.890,0.097656,0.253906,0.3125,0.102539,0.395508,1.098633,2
17/11/2017 17:50:07.892,0.097656,0.253906,0.3125,0.102539,0.395508,1.098633,2
17/11/2017 17:50:08.893,0.097656,0.253906,0.3125,0.102539,0.395508,1.103516,2
17/11/2017 17:50:09.893,0.097656,0.253906,0.3125,0.102539,0.395508,1.103516,2
17/11/2017 17:50:10.892,0.097656,0.253906,0.3125,0.102539,0.395508,1.103516,2
17/11/2017 17:50:11.890,0.097656,0.253906,0.3125,0.102539,0.395508,1.103516,2
17/11/2017 17:50:12.894,0.097656,0.253906,0.3125,0.102539,0.395508,1.103516,2
17/11/2017 17:50:13.895,0.097656,0.258789,0.3125,0.102539,0.395508,1.103516,2
17/11/2017 17:50:14.893,0.097656,0.258789,0.3125,0.102539,0.395508,1.103516,2
17/11/2017 17:50:15.893,0.097656,0.253906,0.3125,0.102539,0.395508,1.103516,2
17/11/2017 17:50:16.897,0.097656,0.258789,0.3125,0.102539,0.395508,1.108398,2
17/11/2017 17:50:17.896,0.097656,0.258789,0.3125,0.102539,0.395508,1.108398,2
17/11/2017 17:50:18.895,0.097656,0.258789,0.3125,0.102539,0.395508,1.108398,2
17/11/2017 17:50:19.894,0.097656,0.258789,0.3125,0.102539,0.395508,1.103516,2
17/11/2017 17:50:20.893,0.097656,0.258789,0.3125,0.102539,0.395508,1.108398,2
17/11/2017 17:50:21.897,0.097656,0.258789,0.3125,0.102539,0.395508,1.108398,2
17/11/2017 17:50:22.896,0.097656,0.258789,0.3125,0.102539,0.395508,1.108398,2
17/11/2017 17:50:23.895,0.097656,0.258789,0.3125,0.102539,0.395508,1.108398,2
17/11/2017 17:50:24.895,0.097656,0.258789,0.3125,0.102539,0.395508,1.108398,2
17/11/2017 17:50:25.895,0.097656,0.258789,0.3125,0.102539,0.395508,1.108398,2
17/11/2017 17:50:26.894,0.097656,0.258789,0.3125,0.102539,0.395508,1.108398,2
17/11/2017 17:50:27.896,0.097656,0.258789,0.3125,0.102539,0.395508,1.108398,2
17/11/2017 17:50:28.896,0.097656,0.258789,0.3125,0.102539,0.395508,1.108398,2
17/11/2017 17:50:29.896,0.097656,0.258789,0.3125,0.102539,0.395508,1.108398,2
17/11/2017 17:50:30.895,0.097656,0.258789,0.3125,0.102539,0.395508,1.108398,2
17/11/2017 17:50:31.895,0.097656,0.258789,0.3125,0.102539,0.395508,1.108398,2
17/11/2017 17:50:32.898,0.097656,0.258789,0.3125,0.102539,0.395508,1.108398,2
17/11/2017 17:50:33.897,0.097656,0.258789,0.3125,0.102539,0.395508,1.113281,2
17/11/2017 17:50:34.896,0.097656,0.258789,0.3125,0.102539,0.395508,1.113281,2
17/11/2017 17:50:35.900,0.097656,0.258789,0.3125,0.102539,0.395508,1.113281,2
17/11/2017 17:50:36.900,0.097656,0.258789,0.3125,0.102539,0.395508,1.113281,2
17/11/2017 17:50:37.899,0.097656,0.258789,0.3125,0.102539,0.395508,1.113281,2
17/11/2017 17:50:38.897,0.097656,0.258789,0.3125,0.102539,0.395508,1.113281,2
17/11/2017 17:50:39.902,0.097656,0.258789,0.3125,0.102539,0.395508,1.113281,2
17/11/2017 17:50:40.901,0.097656,0.258789,0.3125,0.102539,0.395508,1.113281,2
17/11/2017 17:50:41.901,0.097656,0.258789,0.3125,0.102539,0.395508,1.113281,2
17/11/2017 17:50:42.899,0.097656,0.258789,0.3125,0.102539,0.395508,1.113281,2
17/11/2017 17:50:43.903,0.097656,0.258789,0.3125,0.102539,0.395508,1.113281,2
17/11/2017 17:50:44.902,0.097656,0.258789,0.3125,0.102539,0.395508,1.113281,2
17/11/2017 17:50:45.902,0.097656,0.258789,0.3125,0.102539,0.395508,1.113281,2
17/11/2017 17:50:46.902,0.097656,0.258789,0.3125,0.102539,0.395508,1.113281,2
17/11/2017 17:50:47.905,0.097656,0.258789,0.3125,0.102539,0.395508,1.113281,2
17/11/2017 17:50:48.904,0.097656,0.258789,0.3125,0.102539,0.395508,1.113281,2
17/11/2017 17:50:49.904,0.097656,0.258789,0.3125,0.102539,0.395508,1.113281,2
17/11/2017 17:50:50.902,0.097656,0.258789,0.3125,0.102539,0.395508,1.113281,2
17/11/2017 17:50:51.906,0.097656,0.258789,0.3125,0.102539,0.395508,1.113281,2
17/11/2017 17:50:52.907,0.097656,0.258789,0.3125,0.102539,0.395508,1.113281,2
17/11/2017 17:50:53.905,0.097656,0.258789,0.3125,0.102539,0.395508,1.113281,2
17/11/2017 17:50:54.908,0.097656,0.258789,0.3125,0.102539,0.395508,1.113281,2
17/11/2017 17:50:55.909,0.097656,0.258789,0.3125,0.102539,0.395508,1.113281,2
17/11/2017 17:50:56.908,0.097656,0.258789,0.3125,0.102539,0.395508,1.113281,2
17/11/2017 17:50:57.908,0.097656,0.258789,0.3125,0.102539,0.395508,1.113281,2
17/11/2017 17:50:58.910,0.097656,0.258789,0.3125,0.102539,0.395508,1.113281,2
17/11/2017 17:50:59.910,0.097656,0.258789,0.3125,0.102539,0.395508,1.118164,2
17/11/2017 17:51:00.910,0.097656,0.258789,0.3125,0.102539,0.395508,1.118164,2
17/11/2017 17:51:01.910,0.097656,0.258789,0.3125,0.102539,0.395508,1.118164,2
17/11/2017 17:51:02.907,0.097656,0.258789,0.3125,0.102539,0.395508,1.113281,2
17/11/2017 17:51:03.910,0.097656,0.258789,0.3125,0.102539,0.395508,1.113281,2
17/11/2017 17:51:04.910,0.097656,0.258789,0.3125,0.102539,0.395508,1.113281,2
17/11/2017 17:51:05.911,0.097656,0.258789,0.3125,0.102539,0.395508,1.118164,2
17/11/2017 17:51:06.910,0.097656,0.258789,0.3125,0.102539,0.395508,1.118164,2
17/11/2017 17:51:07.909,0.097656,0.258789,0.3125,0.102539,0.395508,1.118164,2
17/11/2017 17:51:08.912,0.097656,0.258789,0.3125,0.102539,0.395508,1.118164,2
17/11/2017 17:51:09.912,0.097656,0.258789,0.3125,0.102539,0.395508,1.118164,2
17/11/2017 17:51:10.910,0.097656,0.258789,0.3125,0.102539,0.395508,1.118164,2
17/11/2017 17:51:11.909,0.097656,0.258789,0.3125,0.102539,0.395508,1.118164,2
17/11/2017 17:51:12.909,0.097656,0.258789,0.3125,0.102539,0.395508,1.118164,2
17/11/2017 17:51:13.913,0.097656,0.258789,0.3125,0.102539,0.395508,1.118164,2
17/11/2017 17:51:14.912,0.097656,0.258789,0.3125,0.102539,0.395508,1.118164,2
17/11/2017 17:51:15.913,0.097656,0.258789,0.3125,0.102539,0.395508,1.113281,2
17/11/2017 17:51:16.910,0.097656,0.258789,0.3125,0.102539,0.395508,1.113281,2
17/11/2017 17:51:17.910,0.097656,0.258789,0.3125,0.102539,0.395508,1.113281,2
17/11/2017 17:51:18.911,0.097656,0.258789,0.3125,0.102539,0.395508,1.113281,2
17/11/2017 17:51:19.913,0.097656,0.258789,0.3125,0.102539,0.395508,1.113281,2
17/11/2017 17:51:20.913,0.097656,0.258789,0.3125,0.102539,0.395508,1.113281,2
17/11/2017 17:51:21.911,0.097656,0.258789,0.3125,0.102539,0.395508,1.113281,2
17/11/2017 17:51:22.912,0.097656,0.258789,0.3125,0.102539,0.395508,1.113281,2
17/11/2017 17:51:23.910,0.097656,0.258789,0.3125,0.102539,0.395508,1.113281,2
17/11/2017 17:51:24.910,0.097656,0.258789,0.3125,0.102539,0.395508,1.118164,2
17/11/2017 17:51:25.913,0.097656,0.258789,0.3125,0.102539,0.395508,1.118164,2
17/11/2017 17:51:26.915,0.097656,0.258789,0.3125,0.102539,0.395508,1.118164,2
17/11/2017 17:51:27.917,0.097656,0.258789,0.3125,0.102539,0.395508,1.118164,2
17/11/2017 17:51:28.917,0.097656,0.258789,0.3125,0.102539,0.395508,1.118164,2
17/11/2017 17:51:29.915,0.097656,0.258789,0.3125,0.102539,0.395508,1.118164,2
17/11/2017 17:51:30.915,0.097656,0.258789,0.3125,0.102539,0.395508,1.118164,2
17/11/2017 17:51:31.918,0.097656,0.258789,0.3125,0.102539,0.395508,1.118164,2
17/11/2017 17:51:32.918,0.097656,0.258789,0.3125,0.102539,0.395508,1.118164,2
17/11/2017 17:51:33.916,0.097656,0.258789,0.3125,0.102539,0.395508,1.118164,2
17/11/2017 17:51:34.916,0.097656,0.258789,0.3125,0.102539,0.395508,1.118164,2
17/11/2017 17:51:35.915,0.097656,0.258789,0.3125,0.102539,0.395508,1.118164,2
17/11/2017 17:51:36.918,0.097656,0.258789,0.3125,0.102539,0.395508,1.118164,2
17/11/2017 17:51:37.919,0.097656,0.258789,0.3125,0.102539,0.395508,1.118164,2
17/11/2017 17:51:38.917,0.097656,0.258789,0.3125,0.102539,0.395508,1.118164,2
17/11/2017 17:51:39.918,0.097656,0.258789,0.3125,0.102539,0.395508,1.118164,2
17/11/2017 17:51:40.916,0.097656,0.258789,0.3125,0.102539,0.395508,1.118164,2
17/11/2017 17:51:41.920,0.097656,0.258789,0.3125,0.102539,0.395508,1.118164,2
17/11/2017 17:51:42.919,0.097656,0.258789,0.3125,0.102539,0.395508,1.118164,2
17/11/2017 17:51:43.918,0.097656,0.258789,0.3125,0.102539,0.395508,1.113281,2
17/11/2017 17:51:44.918,0.097656,0.258789,0.3125,0.102539,0.395508,1.113281,2
17/11/2017 17:51:45.922,0.097656,0.258789,0.3125,0.102539,0.395508,1.113281,2
17/11/2017 17:51:46.920,0.097656,0.258789,0.3125,0.102539,0.395508,1.113281,2
17/11/2017 17:51:47.923,0.097656,0.258789,0.3125,0.102539,0.395508,1.113281,2
17/11/2017 17:51:48.923,0.097656,0.258789,0.3125,0.102539,0.395508,1.113281,2
17/11/2017 17:51:49.924,0.097656,0.258789,0.3125,0.102539,0.395508,1.113281,2
17/11/2017 17:51:50.923,0.097656,0.258789,0.3125,0.102539,0.395508,1.113281,2
17/11/2017 17:51:51.925,0.097656,0.258789,0.3125,0.102539,0.395508,1.113281,2
17/11/2017 17:51:52.925,0.097656,0.258789,0.3125,0.102539,0.395508,1.113281,2
17/11/2017 17:51:53.924,0.097656,0.258789,0.3125,0.102539,0.395508,1.113281,2
17/11/2017 17:51:54.925,0.097656,0.258789,0.3125,0.102539,0.395508,1.113281,2
17/11/2017 17:51:55.922,0.097656,0.258789,0.3125,0.102539,0.395508,1.113281,2
17/11/2017 17:51:56.922,0.097656,0.258789,0.3125,0.102539,0.395508,1.113281,2
17/11/2017 17:51:57.927,0.097656,0.258789,0.3125,0.102539,0.395508,1.113281,2
17/11/2017 17:51:58.926,0.097656,0.258789,0.3125,0.102539,0.395508,1.113281,2
17/11/2017 17:51:59.924,0.097656,0.258789,0.3125,0.102539,0.395508,1.113281,2
17/11/2017 17:52:00.925,0.097656,0.258789,0.3125,0.102539,0.395508,1.113281,2
17/11/2017 17:52:01.927,0.097656,0.258789,0.3125,0.102539,0.395508,1.113281,2
17/11/2017 17:52:02.927,0.097656,0.258789,0.3125,0.102539,0.395508,1.113281,2
17/11/2017 17:52:03.926,0.097656,0.258789,0.3125,0.102539,0.395508,1.113281,2
17/11/2017 17:52:04.926,0.097656,0.258789,0.3125,0.102539,0.395508,1.113281,2
17/11/2017 17:52:05.928,0.097656,0.258789,0.3125,0.102539,0.395508,1.113281,2
17/11/2017 17:52:06.929,0.097656,0.258789,0.3125,0.102539,0.395508,1.113281,2
17/11/2017 17:52:07.928,0.097656,0.258789,0.3125,0.102539,0.395508,1.113281,2
17/11/2017 17:52:08.929,0.097656,0.258789,0.3125,0.102539,0.395508,1.113281,2
17/11/2017 17:52:09.931,0.097656,0.258789,0.3125,0.102539,0.395508,1.113281,2
17/11/2017 17:52:10.930,0.097656,0.258789,0.3125,0.102539,0.395508,1.113281,2
17/11/2017 17:52:11.929,0.097656,0.258789,0.3125,0.102539,0.395508,1.113281,2
17/11/2017 17:52:12.929,0.097656,0.258789,0.3125,0.102539,0.395508,1.113281,2
17/11/2017 17:52:13.928,0.097656,0.258789,0.3125,0.102539,0.395508,1.113281,2
17/11/2017 17:52:14.931,0.097656,0.258789,0.3125,0.102539,0.395508,1.113281,2
17/11/2017 17:52:15.932,0.097656,0.258789,0.3125,0.102539,0.395508,1.113281,2
17/11/2017 17:52:16.935,0.097656,0.258789,0.3125,0.102539,0.395508,1.113281,2
17/11/2017 17:52:17.933,0.097656,0.258789,0.3125,0.102539,0.395508,1.113281,2
17/11/2017 17:52:18.934,0.097656,0.258789,0.3125,0.102539,0.395508,1.113281,2
17/11/2017 17:52:19.933,0.097656,0.258789,0.3125,0.102539,0.395508,1.113281,2
17/11/2017 17:52:20.932,0.097656,0.258789,0.3125,0.102539,0.395508,1.113281,2
17/11/2017 17:52:21.936,0.097656,0.258789,0.3125,0.102539,0.395508,1.113281,2
17/11/2017 17:52:22.935,0.097656,0.258789,0.3125,0.102539,0.395508,1.113281,2
17/11/2017 17:52:23.933,0.097656,0.258789,0.3125,0.102539,0.395508,1.113281,2
17/11/2017 17:52:24.933,0.097656,0.258789,0.3125,0.102539,0.395508,1.113281,2
17/11/2017 17:52:25.937,0.097656,0.258789,0.3125,0.102539,0.395508,1.113281,2
17/11/2017 17:52:26.937,0.097656,0.258789,0.3125,0.102539,0.395508,1.113281,2
17/11/2017 17:52:27.935,0.097656,0.258789,0.3125,0.102539,0.395508,1.113281,2
17/11/2017 17:52:28.935,0.097656,0.258789,0.3125,0.102539,0.395508,1.113281,2
17/11/2017 17:52:29.934,0.097656,0.258789,0.3125,0.102539,0.395508,1.113281,2
17/11/2017 17:52:30.934,0.097656,0.258789,0.3125,0.102539,0.395508,1.113281,2
17/11/2017 17:52:31.938,0.097656,0.258789,0.3125,0.102539,0.395508,1.113281,2
17/11/2017 17:52:32.936,0.097656,0.258789,0.3125,0.102539,0.395508,1.113281,2
17/11/2017 17:52:33.936,0.097656,0.258789,0.3125,0.102539,0.395508,1.113281,2
17/11/2017 17:52:34.935,0.097656,0.258789,0.3125,0.102539,0.395508,1.113281,2
17/11/2017 17:52:35.938,0.097656,0.258789,0.3125,0.102539,0.395508,1.113281,2
17/11/2017 17:52:36.934,0.097656,0.258789,0.3125,0.102539,0.395508,1.113281,2
17/11/2017 17:52:37.937,0.097656,0.258789,0.3125,0.102539,0.395508,1.113281,2
17/11/2017 17:52:38.937,0.097656,0.258789,0.3125,0.102539,0.395508,1.113281,2
17/11/2017 17:52:39.940,0.097656,0.258789,0.3125,0.102539,0.395508,1.113281,2
17/11/2017 17:52:40.939,0.097656,0.258789,0.3125,0.102539,0.395508,1.113281,2
17/11/2017 17:52:41.938,0.097656,0.258789,0.3125,0.102539,0.395508,1.113281,2
17/11/2017 17:52:42.938,0.097656,0.258789,0.3125,0.102539,0.395508,1.113281,2
17/11/2017 17:52:43.942,0.097656,0.258789,0.3125,0.102539,0.395508,1.113281,2
17/11/2017 17:52:44.941,0.097656,0.258789,0.3125,0.102539,0.395508,1.113281,2
17/11/2017 17:52:45.940,0.097656,0.258789,0.3125,0.102539,0.395508,1.113281,2
17/11/2017 17:52:46.945,0.097656,0.258789,0.3125,0.102539,0.395508,1.113281,2
17/11/2017 17:52:47.943,0.097656,0.258789,0.3125,0.102539,0.395508,1.113281,2
17/11/2017 17:52:48.945,0.097656,0.258789,0.3125,0.102539,0.395508,1.108398,2
17/11/2017 17:52:49.941,0.097656,0.258789,0.3125,0.102539,0.395508,1.113281,2
17/11/2017 17:52:50.941,0.097656,0.258789,0.3125,0.102539,0.395508,1.108398,2
17/11/2017 17:52:51.942,0.097656,0.258789,0.3125,0.102539,0.395508,1.108398,2
17/11/2017 17:52:52.944,0.097656,0.258789,0.3125,0.102539,0.395508,1.108398,2
17/11/2017 17:52:53.945,0.097656,0.258789,0.3125,0.102539,0.395508,1.108398,2
17/11/2017 17:52:54.944,0.097656,0.258789,0.3125,0.102539,0.395508,1.113281,2
17/11/2017 17:52:55.942,0.097656,0.258789,0.3125,0.102539,0.395508,1.113281,2
17/11/2017 17:52:56.947,0.097656,0.258789,0.3125,0.102539,0.395508,1.113281,2
17/11/2017 17:52:57.946,0.097656,0.258789,0.3125,0.102539,0.395508,1.108398,2
17/11/2017 17:52:58.944,0.097656,0.258789,0.3125,0.102539,0.395508,1.113281,2
17/11/2017 17:52:59.948,0.097656,0.258789,0.3125,0.102539,0.395508,1.113281,2
17/11/2017 17:53:00.947,0.097656,0.258789,0.3125,0.102539,0.395508,1.113281,2
17/11/2017 17:53:01.948,0.097656,0.258789,0.3125,0.102539,0.395508,1.113281,2
17/11/2017 17:53:02.946,0.097656,0.258789,0.3125,0.102539,0.395508,1.113281,2
17/11/2017 17:53:03.951,0.097656,0.258789,0.3125,0.102539,0.395508,1.113281,2
17/11/2017 17:53:04.949,0.097656,0.258789,0.3125,0.102539,0.395508,1.108398,2
17/11/2017 17:53:05.949,0.097656,0.258789,0.3125,0.102539,0.395508,1.113281,2
17/11/2017 17:53:06.947,0.097656,0.258789,0.3125,0.102539,0.395508,1.108398,2
17/11/2017 17:53:07.947,0.097656,0.258789,0.3125,0.102539,0.395508,1.113281,2
17/11/2017 17:53:08.947,0.097656,0.258789,0.3125,0.102539,0.395508,1.108398,2
17/11/2017 17:53:09.946,0.097656,0.258789,0.3125,0.102539,0.395508,1.108398,2
17/11/2017 17:53:10.950,0.097656,0.258789,0.3125,0.102539,0.395508,1.108398,2
17/11/2017 17:53:11.948,0.097656,0.258789,0.3125,0.102539,0.395508,1.108398,2
17/11/2017 17:53:12.947,0.097656,0.258789,0.3125,0.102539,0.395508,1.108398,2
17/11/2017 17:53:13.951,0.097656,0.258789,0.3125,0.102539,0.395508,1.108398,2
17/11/2017 17:53:14.951,0.097656,0.258789,0.3125,0.102539,0.395508,1.108398,2
17/11/2017 17:53:15.949,0.097656,0.258789,0.3125,0.102539,0.395508,1.108398,2
17/11/2017 17:53:16.949,0.097656,0.258789,0.3125,0.102539,0.395508,1.108398,2
17/11/2017 17:53:17.950,0.097656,0.258789,0.3125,0.102539,0.395508,1.108398,2
17/11/2017 17:53:18.948,0.097656,0.258789,0.3125,0.102539,0.395508,1.108398,2
17/11/2017 17:53:19.952,0.097656,0.258789,0.3125,0.102539,0.395508,1.108398,2
17/11/2017 17:53:20.952,0.097656,0.258789,0.3125,0.102539,0.395508,1.108398,2
17/11/2017 17:53:21.951,0.097656,0.258789,0.3125,0.102539,0.395508,1.108398,2
17/11/2017 17:53:22.954,0.097656,0.258789,0.3125,0.102539,0.395508,1.108398,2
17/11/2017 17:53:23.952,0.097656,0.258789,0.3125,0.102539,0.395508,1.108398,2
17/11/2017 17:53:24.954,0.097656,0.258789,0.3125,0.102539,0.395508,1.108398,2
17/11/2017 17:53:25.951,0.097656,0.258789,0.3125,0.102539,0.395508,1.108398,2
17/11/2017 17:53:26.957,0.097656,0.258789,0.3125,0.102539,0.395508,1.108398,2
17/11/2017 17:53:27.955,0.097656,0.258789,0.3125,0.102539,0.395508,1.108398,2
17/11/2017 17:53:28.955,0.097656,0.258789,0.3125,0.102539,0.395508,1.108398,2
17/11/2017 17:53:29.955,0.097656,0.258789,0.3125,0.102539,0.395508,1.108398,2
17/11/2017 17:53:30.952,0.097656,0.258789,0.3125,0.102539,0.395508,1.108398,2
17/11/2017 17:53:31.957,0.097656,0.258789,0.3125,0.102539,0.395508,1.108398,2
17/11/2017 17:53:32.957,0.097656,0.258789,0.3125,0.102539,0.395508,1.108398,2
17/11/2017 17:53:33.956,0.097656,0.258789,0.3125,0.102539,0.395508,1.108398,2
17/11/2017 17:53:34.955,0.097656,0.258789,0.3125,0.102539,0.395508,1.108398,2
17/11/2017 17:53:35.958,0.097656,0.258789,0.3125,0.102539,0.395508,1.108398,2
17/11/2017 17:53:36.957,0.097656,0.258789,0.3125,0.102539,0.395508,1.108398,2
17/11/2017 17:53:37.957,0.097656,0.258789,0.3125,0.102539,0.395508,1.108398,2
17/11/2017 17:53:38.956,0.097656,0.258789,0.3125,0.102539,0.395508,1.108398,2
17/11/2017 17:53:39.960,0.097656,0.258789,0.3125,0.107422,0.395508,1.108398,2
17/11/2017 17:53:40.959,0.097656,0.258789,0.3125,0.102539,0.395508,1.108398,2
17/11/2017 17:53:41.958,0.097656,0.258789,0.3125,0.102539,0.395508,1.108398,2
17/11/2017 17:53:42.959,0.097656,0.258789,0.3125,0.102539,0.395508,1.108398,2
17/11/2017 17:53:43.962,0.097656,0.258789,0.3125,0.102539,0.395508,1.108398,2
17/11/2017 17:53:44.961,0.097656,0.258789,0.3125,0.102539,0.395508,1.108398,2
17/11/2017 17:53:45.959,0.097656,0.258789,0.3125,0.102539,0.400391,1.108398,2
17/11/2017 17:53:46.959,0.097656,0.258789,0.3125,0.102539,0.395508,1.108398,2
17/11/2017 17:53:47.958,0.097656,0.253906,0.3125,0.102539,0.395508,1.108398,2
17/11/2017 17:53:48.963,0.097656,0.258789,0.3125,0.102539,0.395508,1.108398,2
17/11/2017 17:53:49.961,0.097656,0.258789,0.3125,0.102539,0.395508,1.108398,2
17/11/2017 17:53:50.960,0.097656,0.258789,0.3125,0.102539,0.395508,1.108398,2
17/11/2017 17:53:51.960,0.097656,0.258789,0.3125,0.102539,0.395508,1.108398,2
17/11/2017 17:53:52.963,0.097656,0.258789,0.3125,0.102539,0.395508,1.108398,2
17/11/2017 17:53:53.963,0.097656,0.258789,0.3125,0.102539,0.395508,1.108398,2
17/11/2017 17:53:54.962,0.097656,0.258789,0.3125,0.102539,0.395508,1.108398,2
17/11/2017 17:53:55.962,0.097656,0.258789,0.3125,0.107422,0.395508,1.108398,2
17/11/2017 17:53:56.965,0.097656,0.258789,0.3125,0.102539,0.400391,1.108398,2
17/11/2017 17:53:57.965,0.097656,0.258789,0.3125,0.107422,0.400391,1.108398,2
17/11/2017 17:53:58.964,0.097656,0.258789,0.3125,0.107422,0.395508,1.108398,2
17/11/2017 17:53:59.963,0.097656,0.258789,0.3125,0.102539,0.400391,1.108398,2
17/11/2017 17:54:00.963,0.097656,0.258789,0.3125,0.102539,0.400391,1.108398,2
17/11/2017 17:54:01.967,0.097656,0.258789,0.3125,0.102539,0.395508,1.108398,2
17/11/2017 17:54:02.966,0.097656,0.258789,0.3125,0.102539,0.400391,1.108398,2
17/11/2017 17:54:03.965,0.097656,0.258789,0.317383,0.102539,0.395508,1.108398,2
17/11/2017 17:54:04.964,0.097656,0.258789,0.3125,0.107422,0.395508,1.108398,2
17/11/2017 17:54:05.963,0.097656,0.258789,0.3125,0.102539,0.400391,1.108398,2
17/11/2017 17:54:06.967,0.097656,0.258789,0.3125,0.102539,0.400391,1.108398,2
17/11/2017 17:54:07.967,0.097656,0.258789,0.3125,0.107422,0.395508,1.108398,2
17/11/2017 17:54:08.965,0.097656,0.258789,0.317383,0.102539,0.395508,1.108398,2
17/11/2017 17:54:09.966,0.097656,0.258789,0.3125,0.107422,0.395508,1.103516,2
17/11/2017 17:54:10.965,0.097656,0.258789,0.3125,0.102539,0.400391,1.103516,2
17/11/2017 17:54:11.967,0.097656,0.258789,0.317383,0.102539,0.395508,1.108398,2
17/11/2017 17:54:12.967,0.097656,0.258789,0.3125,0.102539,0.400391,1.103516,2
17/11/2017 17:54:13.967,0.097656,0.258789,0.3125,0.102539,0.400391,1.103516,2
17/11/2017 17:54:14.966,0.097656,0.258789,0.317383,0.107422,0.395508,1.103516,2
17/11/2017 17:54:15.969,0.097656,0.258789,0.3125,0.102539,0.400391,1.103516,2
17/11/2017 17:54:16.968,0.097656,0.258789,0.317383,0.102539,0.395508,1.108398,2
17/11/2017 17:54:17.969,0.097656,0.258789,0.317383,0.102539,0.395508,1.108398,2
17/11/2017 17:54:18.968,0.097656,0.258789,0.317383,0.102539,0.400391,1.108398,2
17/11/2017 17:54:19.971,0.097656,0.258789,0.317383,0.102539,0.395508,1.108398,2
17/11/2017 17:54:20.971,0.097656,0.258789,0.317383,0.107422,0.400391,1.108398,2
17/11/2017 17:54:21.970,0.097656,0.258789,0.317383,0.102539,0.400391,1.108398,2
17/11/2017 17:54:22.969,0.097656,0.258789,0.317383,0.102539,0.400391,1.108398,2
17/11/2017 17:54:23.972,0.097656,0.258789,0.317383,0.102539,0.400391,1.103516,2
17/11/2017 17:54:24.971,0.097656,0.258789,0.317383,0.107422,0.400391,1.103516,2
17/11/2017 17:54:25.971,0.097656,0.258789,0.317383,0.107422,0.395508,1.108398,2
17/11/2017 17:54:26.971,0.097656,0.258789,0.317383,0.107422,0.395508,1.108398,2
17/11/2017 17:54:27.973,0.097656,0.258789,0.317383,0.107422,0.395508,1.103516,2
17/11/2017 17:54:28.973,0.097656,0.258789,0.317383,0.107422,0.400391,1.103516,2
17/11/2017 17:54:29.973,0.097656,0.258789,0.317383,0.107422,0.400391,1.103516,2
17/11/2017 17:54:30.972,0.097656,0.258789,0.317383,0.102539,0.400391,1.103516,2
17/11/2017 17:54:31.971,0.097656,0.258789,0.317383,0.107422,0.400391,1.103516,2
17/11/2017 17:54:32.975,0.097656,0.258789,0.317383,0.107422,0.400391,1.103516,2
17/11/2017 17:54:33.975,0.097656,0.258789,0.317383,0.102539,0.400391,1.103516,2
17/11/2017 17:54:34.978,0.097656,0.258789,0.317383,0.102539,0.400391,1.103516,2
17/11/2017 17:54:35.978,0.097656,0.258789,0.317383,0.107422,0.400391,1.103516,2
17/11/2017 17:54:36.977,0.097656,0.258789,0.317383,0.107422,0.400391,1.103516,2
17/11/2017 17:54:37.981,0.097656,0.258789,0.317383,0.102539,0.400391,1.103516,2
17/11/2017 17:54:38.979,0.097656,0.258789,0.317383,0.107422,0.400391,1.103516,2
17/11/2017 17:54:39.979,0.097656,0.258789,0.317383,0.107422,0.400391,1.103516,2
17/11/2017 17:54:40.980,0.097656,0.258789,0.317383,0.102539,0.400391,1.103516,2
17/11/2017 17:54:41.978,0.097656,0.258789,0.317383,0.102539,0.400391,1.103516,2
17/11/2017 17:54:42.977,0.097656,0.258789,0.317383,0.102539,0.400391,1.103516,2
17/11/2017 17:54:43.980,0.097656,0.258789,0.317383,0.107422,0.400391,1.103516,2
17/11/2017 17:54:44.981,0.097656,0.258789,0.317383,0.102539,0.400391,1.103516,2
17/11/2017 17:54:45.980,0.097656,0.258789,0.317383,0.102539,0.400391,1.103516,2
17/11/2017 17:54:46.978,0.102539,0.258789,0.317383,0.102539,0.400391,1.103516,2
17/11/2017 17:54:47.982,0.097656,0.258789,0.317383,0.107422,0.400391,1.103516,2
17/11/2017 17:54:48.981,0.097656,0.258789,0.317383,0.107422,0.400391,1.103516,2
17/11/2017 17:54:49.984,0.097656,0.258789,0.317383,0.102539,0.400391,1.103516,2
17/11/2017 17:54:50.984,0.097656,0.258789,0.317383,0.102539,0.400391,1.103516,2
17/11/2017 17:54:51.984,0.102539,0.258789,0.317383,0.107422,0.400391,1.103516,2
17/11/2017 17:54:52.982,0.097656,0.258789,0.317383,0.107422,0.400391,1.103516,2
17/11/2017 17:54:53.982,0.097656,0.258789,0.317383,0.102539,0.400391,1.103516,2
17/11/2017 17:54:54.986,0.097656,0.258789,0.317383,0.107422,0.400391,1.103516,2
17/11/2017 17:54:55.985,0.102539,0.258789,0.317383,0.107422,0.400391,1.103516,2
17/11/2017 17:54:56.984,0.097656,0.258789,0.317383,0.102539,0.400391,1.103516,2
17/11/2017 17:54:57.983,0.097656,0.258789,0.317383,0.107422,0.400391,1.103516,2
17/11/2017 17:54:58.983,0.097656,0.258789,0.317383,0.102539,0.400391,1.103516,2
17/11/2017 17:54:59.987,0.097656,0.258789,0.317383,0.107422,0.400391,1.103516,2
17/11/2017 17:55:00.987,0.097656,0.258789,0.317383,0.102539,0.400391,1.103516,2
17/11/2017 17:55:01.985,0.097656,0.258789,0.317383,0.107422,0.400391,1.103516,2
17/11/2017 17:55:02.985,0.097656,0.258789,0.317383,0.102539,0.400391,1.103516,2
17/11/2017 17:55:03.985,0.097656,0.258789,0.317383,0.107422,0.400391,1.103516,2
17/11/2017 17:55:04.988,0.097656,0.258789,0.317383,0.102539,0.400391,1.103516,2
17/11/2017 17:55:05.987,0.097656,0.258789,0.317383,0.102539,0.400391,1.103516,2
17/11/2017 17:55:06.986,0.097656,0.258789,0.317383,0.107422,0.400391,1.103516,2
17/11/2017 17:55:07.989,0.097656,0.258789,0.317383,0.102539,0.400391,1.103516,2
17/11/2017 17:55:08.989,0.097656,0.258789,0.317383,0.107422,0.400391,1.103516,2
17/11/2017 17:55:09.988,0.102539,0.258789,0.317383,0.107422,0.400391,1.103516,2
17/11/2017 17:55:10.989,0.097656,0.258789,0.317383,0.102539,0.400391,1.103516,2
17/11/2017 17:55:11.990,0.097656,0.258789,0.317383,0.107422,0.400391,1.103516,2
17/11/2017 17:55:12.991,0.097656,0.258789,0.317383,0.107422,0.400391,1.108398,2
17/11/2017 17:55:13.990,0.097656,0.258789,0.317383,0.107422,0.400391,1.108398,2
17/11/2017 17:55:14.990,0.102539,0.258789,0.317383,0.102539,0.400391,1.108398,2
17/11/2017 17:55:15.989,0.097656,0.258789,0.317383,0.102539,0.400391,1.103516,2
17/11/2017 17:55:16.992,0.102539,0.258789,0.317383,0.102539,0.400391,1.108398,2
17/11/2017 17:55:17.993,0.097656,0.258789,0.317383,0.107422,0.400391,1.103516,2
17/11/2017 17:55:18.992,0.097656,0.258789,0.317383,0.107422,0.400391,1.103516,2
17/11/2017 17:55:19.991,0.097656,0.258789,0.317383,0.107422,0.400391,1.103516,2
17/11/2017 17:55:20.990,0.097656,0.258789,0.317383,0.107422,0.400391,1.103516,2
17/11/2017 17:55:21.994,0.097656,0.258789,0.317383,0.107422,0.400391,1.103516,2
17/11/2017 17:55:22.992,0.097656,0.258789,0.317383,0.102539,0.400391,1.103516,2
17/11/2017 17:55:23.992,0.097656,0.258789,0.317383,0.102539,0.400391,1.103516,2
17/11/2017 17:55:24.991,0.102539,0.258789,0.317383,0.102539,0.400391,1.103516,2
17/11/2017 17:55:25.990,0.097656,0.258789,0.317383,0.107422,0.400391,1.103516,2
17/11/2017 17:55:26.993,0.102539,0.258789,0.317383,0.107422,0.400391,1.103516,2
17/11/2017 17:55:27.993,0.102539,0.258789,0.317383,0.107422,0.400391,1.103516,2
17/11/2017 17:55:28.993,0.102539,0.258789,0.317383,0.107422,0.400391,1.103516,2
17/11/2017 17:55:29.991,0.097656,0.258789,0.317383,0.102539,0.400391,1.103516,2
17/11/2017 17:55:30.993,0.097656,0.258789,0.317383,0.107422,0.400391,1.103516,2
17/11/2017 17:55:31.996,0.097656,0.258789,0.317383,0.102539,0.400391,1.103516,2
17/11/2017 17:55:32.994,0.097656,0.258789,0.317383,0.107422,0.400391,1.103516,2
17/11/2017 17:55:33.993,0.097656,0.258789,0.317383,0.107422,0.400391,1.103516,2
17/11/2017 17:55:34.997,0.102539,0.258789,0.317383,0.102539,0.400391,1.103516,2
17/11/2017 17:55:35.996,0.097656,0.258789,0.317383,0.107422,0.400391,1.103516,2
17/11/2017 17:55:36.997,0.097656,0.258789,0.317383,0.107422,0.400391,1.103516,2
17/11/2017 17:55:37.996,0.097656,0.258789,0.317383,0.107422,0.400391,1.103516,2
17/11/2017 17:55:39.000,0.097656,0.258789,0.317383,0.102539,0.400391,1.103516,2
17/11/2017 17:55:39.999,0.102539,0.258789,0.317383,0.107422,0.400391,1.103516,2
17/11/2017 17:55:40.998,0.102539,0.258789,0.317383,0.107422,0.400391,1.103516,2
17/11/2017 17:55:41.999,0.102539,0.258789,0.317383,0.107422,0.400391,1.103516,2
17/11/2017 17:55:43.001,0.102539,0.258789,0.317383,0.107422,0.400391,1.103516,2
17/11/2017 17:55:43.999,0.102539,0.258789,0.317383,0.107422,0.400391,1.103516,2
17/11/2017 17:55:44.999,0.097656,0.258789,0.317383,0.107422,0.400391,1.103516,2
17/11/2017 17:55:46.004,0.097656,0.258789,0.317383,0.107422,0.400391,1.103516,2
17/11/2017 17:55:46.999,0.102539,0.258789,0.317383,0.107422,0.400391,1.103516,2
17/11/2017 17:55:48.002,0.097656,0.258789,0.317383,0.107422,0.400391,1.103516,2
17/11/2017 17:55:49.001,0.102539,0.258789,0.317383,0.107422,0.400391,1.103516,2
17/11/2017 17:55:50.000,0.102539,0.258789,0.317383,0.102539,0.400391,1.103516,2
17/11/2017 17:55:51.000,0.102539,0.258789,0.317383,0.107422,0.400391,1.103516,2
17/11/2017 17:55:51.998,0.102539,0.258789,0.317383,0.107422,0.400391,1.103516,2
17/11/2017 17:55:53.002,0.097656,0.258789,0.317383,0.107422,0.400391,1.103516,2
17/11/2017 17:55:54.002,0.102539,0.258789,0.317383,0.107422,0.400391,1.103516,2
17/11/2017 17:55:55.001,0.102539,0.258789,0.317383,0.107422,0.400391,1.103516,2
17/11/2017 17:55:56.005,0.102539,0.258789,0.317383,0.107422,0.400391,1.103516,2
17/11/2017 17:55:57.004,0.097656,0.258789,0.317383,0.102539,0.400391,1.103516,2
17/11/2017 17:55:58.003,0.102539,0.258789,0.317383,0.107422,0.400391,1.103516,2
17/11/2017 17:55:59.002,0.102539,0.258789,0.317383,0.107422,0.400391,1.103516,2
17/11/2017 17:56:00.003,0.102539,0.258789,0.317383,0.107422,0.400391,1.103516,2
17/11/2017 17:56:01.000,0.102539,0.258789,0.317383,0.107422,0.400391,1.103516,2
17/11/2017 17:56:02.005,0.102539,0.258789,0.317383,0.107422,0.400391,1.103516,2
17/11/2017 17:56:03.005,0.102539,0.258789,0.317383,0.107422,0.400391,1.103516,2
17/11/2017 17:56:04.004,0.102539,0.258789,0.317383,0.107422,0.400391,1.103516,2
17/11/2017 17:56:05.003,0.102539,0.258789,0.317383,0.107422,0.400391,1.103516,2
17/11/2017 17:56:06.008,0.102539,0.258789,0.322266,0.107422,0.400391,1.103516,2
17/11/2017 17:56:07.006,0.102539,0.258789,0.317383,0.107422,0.400391,1.103516,2
17/11/2017 17:56:08.005,0.102539,0.258789,0.322266,0.107422,0.400391,1.103516,2
17/11/2017 17:56:09.005,0.102539,0.258789,0.317383,0.107422,0.400391,1.103516,2
17/11/2017 17:56:10.004,0.102539,0.258789,0.322266,0.102539,0.400391,1.103516,2
17/11/2017 17:56:11.007,0.102539,0.258789,0.317383,0.107422,0.400391,1.103516,2
17/11/2017 17:56:12.006,0.102539,0.258789,0.322266,0.107422,0.400391,1.103516,2
17/11/2017 17:56:13.005,0.097656,0.258789,0.322266,0.107422,0.400391,1.103516,2
17/11/2017 17:56:14.006,0.102539,0.258789,0.322266,0.107422,0.400391,1.103516,2
17/11/2017 17:56:15.004,0.102539,0.258789,0.322266,0.107422,0.400391,1.103516,2
17/11/2017 17:56:16.008,0.102539,0.258789,0.322266,0.107422,0.400391,1.103516,2
17/11/2017 17:56:17.008,0.102539,0.258789,0.322266,0.107422,0.400391,1.103516,2
17/11/2017 17:56:18.008,0.102539,0.258789,0.317383,0.107422,0.400391,1.103516,2
17/11/2017 17:56:19.011,0.102539,0.258789,0.322266,0.102539,0.400391,1.103516,2
17/11/2017 17:56:20.010,0.102539,0.258789,0.322266,0.107422,0.400391,1.103516,2
17/11/2017 17:56:21.010,0.102539,0.258789,0.322266,0.107422,0.400391,1.103516,2
17/11/2017 17:56:22.012,0.102539,0.258789,0.322266,0.107422,0.400391,1.103516,2
17/11/2017 17:56:23.008,0.102539,0.258789,0.322266,0.107422,0.400391,1.103516,2
17/11/2017 17:56:24.011,0.102539,0.258789,0.322266,0.107422,0.400391,1.103516,2
17/11/2017 17:56:25.010,0.102539,0.258789,0.322266,0.102539,0.400391,1.103516,2
17/11/2017 17:56:26.010,0.102539,0.258789,0.322266,0.107422,0.400391,1.103516,2
17/11/2017 17:56:27.009,0.102539,0.258789,0.322266,0.102539,0.400391,1.103516,2
17/11/2017 17:56:28.009,0.102539,0.258789,0.322266,0.107422,0.400391,1.103516,2
17/11/2017 17:56:29.013,0.102539,0.258789,0.322266,0.107422,0.400391,1.103516,2
17/11/2017 17:56:30.012,0.102539,0.258789,0.322266,0.107422,0.400391,1.103516,2
17/11/2017 17:56:31.012,0.102539,0.258789,0.322266,0.102539,0.400391,1.103516,2
17/11/2017 17:56:32.010,0.102539,0.258789,0.322266,0.107422,0.400391,1.103516,2
17/11/2017 17:56:33.009,0.102539,0.258789,0.322266,0.107422,0.400391,1.103516,2
17/11/2017 17:56:34.013,0.102539,0.258789,0.322266,0.107422,0.400391,1.103516,2
17/11/2017 17:56:35.013,0.102539,0.258789,0.322266,0.107422,0.400391,1.103516,2
17/11/2017 17:56:36.013,0.102539,0.258789,0.322266,0.107422,0.400391,1.103516,2
17/11/2017 17:56:37.016,0.102539,0.258789,0.322266,0.107422,0.400391,1.103516,2
17/11/2017 17:56:38.015,0.102539,0.258789,0.322266,0.107422,0.400391,1.103516,2
17/11/2017 17:56:39.015,0.102539,0.258789,0.322266,0.107422,0.400391,1.103516,2
17/11/2017 17:56:40.013,0.102539,0.258789,0.322266,0.107422,0.400391,1.103516,2
17/11/2017 17:56:41.017,0.102539,0.258789,0.322266,0.107422,0.400391,1.098633,2
17/11/2017 17:56:42.017,0.102539,0.258789,0.322266,0.107422,0.400391,1.098633,2
17/11/2017 17:56:43.017,0.102539,0.258789,0.322266,0.107422,0.400391,1.098633,2
17/11/2017 17:56:44.019,0.102539,0.258789,0.322266,0.107422,0.400391,1.098633,2
17/11/2017 17:56:45.017,0.102539,0.258789,0.322266,0.107422,0.400391,1.103516,2
17/11/2017 17:56:46.017,0.102539,0.258789,0.322266,0.107422,0.400391,1.098633,2
17/11/2017 17:56:47.017,0.102539,0.258789,0.322266,0.107422,0.400391,1.098633,2
17/11/2017 17:56:48.016,0.102539,0.258789,0.322266,0.107422,0.400391,1.098633,2
17/11/2017 17:56:49.016,0.102539,0.258789,0.322266,0.107422,0.400391,1.103516,2
17/11/2017 17:56:50.019,0.102539,0.258789,0.322266,0.107422,0.400391,1.098633,2
17/11/2017 17:56:51.019,0.102539,0.258789,0.322266,0.107422,0.400391,1.098633,2
17/11/2017 17:56:52.018,0.102539,0.258789,0.322266,0.102539,0.400391,1.103516,2
17/11/2017 17:56:53.018,0.102539,0.258789,0.322266,0.107422,0.400391,1.098633,2
17/11/2017 17:56:54.017,0.102539,0.258789,0.322266,0.107422,0.400391,1.098633,2
17/11/2017 17:56:55.020,0.102539,0.258789,0.322266,0.107422,0.400391,1.098633,2
17/11/2017 17:56:56.019,0.102539,0.258789,0.322266,0.107422,0.400391,1.103516,2
17/11/2017 17:56:57.019,0.102539,0.258789,0.322266,0.107422,0.400391,1.098633,2
17/11/2017 17:56:58.023,0.102539,0.258789,0.322266,0.107422,0.400391,1.098633,2
17/11/2017 17:56:59.022,0.102539,0.258789,0.322266,0.107422,0.400391,1.098633,2
17/11/2017 17:57:00.021,0.102539,0.258789,0.322266,0.107422,0.400391,1.098633,2
17/11/2017 17:57:01.020,0.102539,0.258789,0.322266,0.107422,0.400391,1.098633,2
17/11/2017 17:57:02.021,0.102539,0.258789,0.322266,0.107422,0.400391,1.098633,2
17/11/2017 17:57:03.020,0.102539,0.258789,0.322266,0.107422,0.400391,1.098633,2
17/11/2017 17:57:04.023,0.102539,0.258789,0.322266,0.107422,0.400391,1.098633,2
17/11/2017 17:57:05.021,0.102539,0.258789,0.322266,0.107422,0.400391,1.098633,2
17/11/2017 17:57:06.021,0.102539,0.258789,0.322266,0.107422,0.400391,1.098633,2
17/11/2017 17:57:07.024,0.102539,0.258789,0.322266,0.107422,0.405273,1.098633,2
17/11/2017 17:57:08.024,0.102539,0.258789,0.322266,0.107422,0.400391,1.098633,2
17/11/2017 17:57:09.024,0.102539,0.258789,0.322266,0.107422,0.400391,1.098633,2
17/11/2017 17:57:10.024,0.102539,0.258789,0.322266,0.107422,0.400391,1.098633,2
17/11/2017 17:57:11.023,0.102539,0.258789,0.322266,0.107422,0.400391,1.098633,2
17/11/2017 17:57:12.023,0.102539,0.258789,0.322266,0.107422,0.400391,1.098633,2
17/11/2017 17:57:13.026,0.102539,0.258789,0.322266,0.107422,0.400391,1.098633,2
17/11/2017 17:57:14.025,0.102539,0.258789,0.322266,0.107422,0.405273,1.098633,2
17/11/2017 17:57:15.025,0.102539,0.258789,0.322266,0.107422,0.400391,1.098633,2
17/11/2017 17:57:16.027,0.102539,0.258789,0.322266,0.107422,0.400391,1.098633,2
17/11/2017 17:57:17.027,0.102539,0.258789,0.322266,0.107422,0.400391,1.098633,2
17/11/2017 17:57:18.026,0.102539,0.258789,0.322266,0.107422,0.405273,1.098633,2
17/11/2017 17:57:19.025,0.102539,0.258789,0.322266,0.107422,0.400391,1.103516,2
17/11/2017 17:57:20.029,0.102539,0.258789,0.322266,0.107422,0.400391,1.098633,2
17/11/2017 17:57:21.028,0.102539,0.258789,0.322266,0.107422,0.400391,1.103516,2
17/11/2017 17:57:22.027,0.102539,0.258789,0.322266,0.107422,0.400391,1.103516,2
17/11/2017 17:57:23.027,0.102539,0.258789,0.322266,0.107422,0.400391,1.098633,2
17/11/2017 17:57:24.027,0.102539,0.258789,0.322266,0.107422,0.400391,1.103516,2
17/11/2017 17:57:25.031,0.102539,0.258789,0.322266,0.107422,0.405273,1.103516,2
17/11/2017 17:57:26.029,0.102539,0.258789,0.322266,0.107422,0.400391,1.103516,2
17/11/2017 17:57:27.029,0.102539,0.258789,0.322266,0.107422,0.400391,1.103516,2
17/11/2017 17:57:28.031,0.102539,0.258789,0.322266,0.107422,0.405273,1.103516,2
17/11/2017 17:57:29.032,0.102539,0.258789,0.322266,0.107422,0.400391,1.098633,2
17/11/2017 17:57:30.031,0.102539,0.258789,0.322266,0.107422,0.405273,1.103516,2
17/11/2017 17:57:31.030,0.102539,0.258789,0.322266,0.107422,0.405273,1.098633,2
17/11/2017 17:57:32.030,0.102539,0.258789,0.322266,0.107422,0.405273,1.103516,2
17/11/2017 17:57:33.033,0.102539,0.258789,0.322266,0.107422,0.405273,1.098633,2
17/11/2017 17:57:34.033,0.102539,0.258789,0.322266,0.107422,0.405273,1.103516,2
17/11/2017 17:57:35.037,0.102539,0.258789,0.322266,0.107422,0.400391,1.098633,2
17/11/2017 17:57:36.036,0.102539,0.258789,0.322266,0.107422,0.400391,1.098633,2
17/11/2017 17:57:37.035,0.102539,0.258789,0.322266,0.107422,0.405273,1.098633,2
17/11/2017 17:57:38.034,0.102539,0.258789,0.322266,0.107422,0.400391,1.098633,2
17/11/2017 17:57:39.034,0.102539,0.258789,0.322266,0.107422,0.405273,1.098633,2
17/11/2017 17:57:40.036,0.102539,0.258789,0.322266,0.107422,0.405273,1.103516,2
17/11/2017 17:57:41.036,0.102539,0.258789,0.322266,0.107422,0.400391,1.103516,2
17/11/2017 17:57:42.040,0.102539,0.258789,0.322266,0.107422,0.405273,1.103516,2
17/11/2017 17:57:43.039,0.102539,0.258789,0.322266,0.107422,0.405273,1.103516,2
17/11/2017 17:57:44.039,0.102539,0.258789,0.322266,0.107422,0.405273,1.103516,2
17/11/2017 17:57:45.038,0.102539,0.258789,0.322266,0.107422,0.405273,1.098633,2
17/11/2017 17:57:46.041,0.102539,0.258789,0.322266,0.107422,0.405273,1.103516,2
17/11/2017 17:57:47.040,0.102539,0.258789,0.322266,0.107422,0.405273,1.103516,2
17/11/2017 17:57:48.040,0.102539,0.258789,0.327148,0.107422,0.405273,1.103516,2
17/11/2017 17:57:49.043,0.102539,0.258789,0.322266,0.107422,0.405273,1.103516,2
17/11/2017 17:57:50.043,0.102539,0.258789,0.327148,0.107422,0.405273,1.103516,2
17/11/2017 17:57:51.042,0.102539,0.258789,0.322266,0.107422,0.405273,1.103516,2
17/11/2017 17:57:52.042,0.102539,0.258789,0.322266,0.107422,0.405273,1.103516,2
17/11/2017 17:57:53.041,0.102539,0.258789,0.322266,0.107422,0.405273,1.103516,2
17/11/2017 17:57:54.044,0.102539,0.258789,0.327148,0.107422,0.405273,1.103516,2
17/11/2017 17:57:55.046,0.102539,0.258789,0.327148,0.107422,0.405273,1.103516,2
17/11/2017 17:57:56.043,0.102539,0.258789,0.327148,0.107422,0.405273,1.103516,2
17/11/2017 17:57:57.047,0.102539,0.258789,0.327148,0.107422,0.405273,1.103516,2
17/11/2017 17:57:58.046,0.102539,0.258789,0.327148,0.107422,0.405273,1.103516,2
17/11/2017 17:57:59.050,0.102539,0.258789,0.322266,0.107422,0.405273,1.103516,2
17/11/2017 17:58:00.049,0.102539,0.258789,0.322266,0.107422,0.405273,1.103516,2
17/11/2017 17:58:01.049,0.102539,0.258789,0.327148,0.107422,0.405273,1.103516,2
17/11/2017 17:58:02.052,0.102539,0.258789,0.327148,0.107422,0.405273,1.103516,2
17/11/2017 17:58:03.051,0.102539,0.258789,0.327148,0.107422,0.405273,1.103516,2
17/11/2017 17:58:04.050,0.102539,0.258789,0.327148,0.107422,0.405273,1.103516,2
17/11/2017 17:58:05.049,0.102539,0.258789,0.327148,0.107422,0.405273,1.103516,2
17/11/2017 17:58:06.050,0.102539,0.258789,0.327148,0.107422,0.405273,1.103516,2
17/11/2017 17:58:07.048,0.102539,0.258789,0.327148,0.107422,0.405273,1.103516,2
17/11/2017 17:58:08.048,0.102539,0.258789,0.327148,0.107422,0.405273,1.103516,2
17/11/2017 17:58:09.052,0.102539,0.258789,0.327148,0.107422,0.405273,1.103516,2
17/11/2017 17:58:10.050,0.102539,0.258789,0.327148,0.107422,0.405273,1.103516,2
17/11/2017 17:58:11.049,0.102539,0.258789,0.327148,0.107422,0.405273,1.103516,2
17/11/2017 17:58:12.049,0.102539,0.258789,0.327148,0.107422,0.405273,1.103516,2
17/11/2017 17:58:13.048,0.102539,0.258789,0.327148,0.107422,0.405273,1.103516,2
17/11/2017 17:58:14.052,0.102539,0.258789,0.327148,0.107422,0.405273,1.103516,2
17/11/2017 17:58:15.051,0.102539,0.258789,0.327148,0.107422,0.405273,1.103516,2
17/11/2017 17:58:16.051,0.102539,0.258789,0.327148,0.107422,0.405273,1.103516,2
17/11/2017 17:58:17.049,0.102539,0.258789,0.327148,0.107422,0.405273,1.103516,2
17/11/2017 17:58:18.051,0.102539,0.258789,0.327148,0.107422,0.405273,1.103516,2
17/11/2017 17:58:19.049,0.102539,0.258789,0.327148,0.107422,0.405273,1.103516,2
17/11/2017 17:58:20.053,0.102539,0.258789,0.327148,0.107422,0.405273,1.103516,2
17/11/2017 17:58:21.052,0.102539,0.258789,0.327148,0.107422,0.405273,1.103516,2
17/11/2017 17:58:22.051,0.102539,0.258789,0.327148,0.107422,0.405273,1.103516,2
17/11/2017 17:58:23.050,0.102539,0.258789,0.327148,0.107422,0.405273,1.103516,2
17/11/2017 17:58:24.054,0.102539,0.258789,0.327148,0.107422,0.405273,1.103516,2
17/11/2017 17:58:25.054,0.102539,0.258789,0.327148,0.107422,0.405273,1.103516,2
17/11/2017 17:58:26.053,0.102539,0.258789,0.327148,0.107422,0.405273,1.103516,2
17/11/2017 17:58:27.052,0.102539,0.258789,0.327148,0.107422,0.405273,1.103516,2
17/11/2017 17:58:28.051,0.102539,0.258789,0.327148,0.107422,0.405273,1.103516,2
17/11/2017 17:58:29.054,0.102539,0.258789,0.327148,0.107422,0.405273,1.103516,2
17/11/2017 17:58:30.055,0.102539,0.258789,0.327148,0.107422,0.405273,1.103516,2
17/11/2017 17:58:31.053,0.102539,0.258789,0.327148,0.107422,0.405273,1.103516,2
17/11/2017 17:58:32.054,0.102539,0.258789,0.327148,0.107422,0.405273,1.103516,2
17/11/2017 17:58:33.056,0.102539,0.258789,0.327148,0.107422,0.405273,1.103516,2
17/11/2017 17:58:34.055,0.102539,0.258789,0.327148,0.107422,0.405273,1.103516,2
17/11/2017 17:58:35.056,0.102539,0.258789,0.327148,0.107422,0.405273,1.103516,2
17/11/2017 17:58:36.056,0.102539,0.258789,0.327148,0.107422,0.405273,1.103516,2
17/11/2017 17:58:37.054,0.102539,0.258789,0.327148,0.107422,0.405273,1.103516,2
17/11/2017 17:58:38.058,0.102539,0.258789,0.327148,0.107422,0.405273,1.103516,2
17/11/2017 17:58:39.056,0.102539,0.258789,0.327148,0.107422,0.405273,1.098633,2
17/11/2017 17:58:40.056,0.102539,0.258789,0.327148,0.107422,0.405273,1.103516,2
17/11/2017 17:58:41.056,0.102539,0.258789,0.327148,0.107422,0.405273,1.098633,2
17/11/2017 17:58:42.059,0.102539,0.258789,0.327148,0.107422,0.405273,1.098633,2
17/11/2017 17:58:43.059,0.102539,0.258789,0.327148,0.107422,0.405273,1.103516,2
17/11/2017 17:58:44.063,0.102539,0.258789,0.327148,0.107422,0.405273,1.098633,2
17/11/2017 17:58:45.061,0.102539,0.258789,0.327148,0.107422,0.405273,1.103516,2
17/11/2017 17:58:46.060,0.102539,0.258789,0.327148,0.107422,0.405273,1.103516,2
17/11/2017 17:58:47.061,0.102539,0.258789,0.327148,0.107422,0.405273,1.103516,2
17/11/2017 17:58:48.063,0.102539,0.258789,0.327148,0.107422,0.405273,1.103516,2
17/11/2017 17:58:49.063,0.102539,0.258789,0.327148,0.107422,0.405273,1.103516,2
17/11/2017 17:58:50.062,0.102539,0.258789,0.327148,0.107422,0.405273,1.103516,2
17/11/2017 17:58:51.061,0.102539,0.258789,0.327148,0.107422,0.405273,1.103516,2
17/11/2017 17:58:52.060,0.102539,0.258789,0.327148,0.107422,0.405273,1.103516,2
17/11/2017 17:58:53.059,0.102539,0.258789,0.327148,0.107422,0.405273,1.103516,2
17/11/2017 17:58:54.063,0.102539,0.258789,0.327148,0.107422,0.405273,1.103516,2
17/11/2017 17:58:55.063,0.102539,0.258789,0.327148,0.107422,0.405273,1.103516,2
17/11/2017 17:58:56.063,0.102539,0.258789,0.327148,0.107422,0.405273,1.103516,2
17/11/2017 17:58:57.063,0.102539,0.258789,0.327148,0.107422,0.405273,1.103516,2
17/11/2017 17:58:58.060,0.102539,0.258789,0.327148,0.107422,0.405273,1.103516,2
17/11/2017 17:58:59.060,0.102539,0.258789,0.327148,0.107422,0.405273,1.103516,2
17/11/2017 17:59:00.065,0.102539,0.258789,0.327148,0.107422,0.405273,1.098633,2
17/11/2017 17:59:01.064,0.102539,0.258789,0.327148,0.107422,0.405273,1.098633,2
17/11/2017 17:59:02.063,0.102539,0.258789,0.327148,0.107422,0.405273,1.098633,2
17/11/2017 17:59:03.066,0.102539,0.258789,0.327148,0.107422,0.405273,1.103516,2
17/11/2017 17:59:04.066,0.102539,0.258789,0.327148,0.107422,0.405273,1.103516,2
17/11/2017 17:59:05.065,0.102539,0.258789,0.327148,0.107422,0.405273,1.098633,2
17/11/2017 17:59:06.064,0.102539,0.258789,0.327148,0.107422,0.405273,1.098633,2
17/11/2017 17:59:07.068,0.102539,0.258789,0.327148,0.107422,0.400391,1.098633,2
17/11/2017 17:59:08.068,0.102539,0.253906,0.327148,0.107422,0.400391,1.098633,2
17/11/2017 17:59:09.066,0.102539,0.249023,0.327148,0.107422,0.400391,1.098633,2
17/11/2017 17:59:10.066,0.102539,0.249023,0.327148,0.107422,0.395508,1.09375,2
17/11/2017 17:59:11.069,0.102539,0.244141,0.322266,0.107422,0.395508,1.09375,2
17/11/2017 17:59:12.070,0.102539,0.244141,0.322266,0.107422,0.395508,1.088867,2
17/11/2017 17:59:13.067,0.102539,0.244141,0.322266,0.107422,0.395508,1.083984,2
17/11/2017 17:59:14.067,0.102539,0.239258,0.317383,0.107422,0.395508,1.079102,2
17/11/2017 17:59:15.071,0.102539,0.239258,0.317383,0.107422,0.395508,1.074219,2
17/11/2017 17:59:16.071,0.102539,0.234375,0.317383,0.107422,0.395508,1.069336,2
17/11/2017 17:59:17.070,0.102539,0.234375,0.3125,0.107422,0.395508,1.064453,2
17/11/2017 17:59:18.069,0.102539,0.234375,0.3125,0.107422,0.395508,1.05957,2
17/11/2017 17:59:19.068,0.102539,0.229492,0.3125,0.107422,0.395508,1.054687,2
17/11/2017 17:59:20.068,0.102539,0.229492,0.307617,0.107422,0.395508,1.049805,2
17/11/2017 17:59:21.066,0.102539,0.229492,0.307617,0.107422,0.390625,1.049805,2
17/11/2017 17:59:22.070,0.102539,0.224609,0.307617,0.107422,0.390625,1.044922,2
17/11/2017 17:59:23.070,0.107422,0.224609,0.307617,0.107422,0.390625,1.040039,2
17/11/2017 17:59:24.071,0.102539,0.224609,0.302734,0.102539,0.390625,1.035156,2
17/11/2017 17:59:25.069,0.102539,0.224609,0.302734,0.102539,0.390625,1.030273,2
17/11/2017 17:59:26.072,0.102539,0.219727,0.302734,0.102539,0.390625,1.025391,2
17/11/2017 17:59:27.071,0.102539,0.219727,0.302734,0.102539,0.390625,1.020508,2
17/11/2017 17:59:28.071,0.102539,0.219727,0.302734,0.102539,0.390625,1.015625,2
17/11/2017 17:59:29.069,0.102539,0.219727,0.297852,0.102539,0.390625,1.010742,2
17/11/2017 17:59:30.073,0.102539,0.219727,0.297852,0.102539,0.390625,1.005859,2
17/11/2017 17:59:31.070,0.102539,0.214844,0.297852,0.107422,0.390625,1.005859,2
17/11/2017 17:59:32.073,0.102539,0.214844,0.297852,0.102539,0.390625,1.000977,2
17/11/2017 17:59:33.072,0.102539,0.214844,0.297852,0.102539,0.390625,0.996094,2
17/11/2017 17:59:34.075,0.102539,0.214844,0.292969,0.102539,0.390625,0.996094,2
17/11/2017 17:59:35.075,0.102539,0.209961,0.292969,0.102539,0.390625,0.991211,2
17/11/2017 17:59:36.073,0.102539,0.209961,0.292969,0.102539,0.390625,0.986328,2
17/11/2017 17:59:37.073,0.107422,0.209961,0.292969,0.102539,0.390625,0.981445,2
17/11/2017 17:59:38.074,0.102539,0.209961,0.292969,0.102539,0.390625,0.981445,2
17/11/2017 17:59:39.076,0.102539,0.209961,0.288086,0.102539,0.390625,0.976562,2
17/11/2017 17:59:40.076,0.102539,0.209961,0.288086,0.102539,0.390625,0.976562,2
17/11/2017 17:59:41.075,0.102539,0.205078,0.288086,0.102539,0.385742,0.97168,2
17/11/2017 17:59:42.079,0.102539,0.205078,0.288086,0.102539,0.385742,0.966797,2
17/11/2017 17:59:43.078,0.102539,0.205078,0.288086,0.102539,0.385742,0.966797,2
17/11/2017 17:59:44.077,0.102539,0.205078,0.288086,0.102539,0.385742,0.961914,2
17/11/2017 17:59:45.076,0.102539,0.205078,0.288086,0.102539,0.385742,0.961914,2
17/11/2017 17:59:46.075,0.102539,0.200195,0.283203,0.102539,0.385742,0.957031,2
17/11/2017 17:59:47.078,0.102539,0.205078,0.283203,0.102539,0.385742,0.957031,2
17/11/2017 17:59:48.080,0.102539,0.205078,0.283203,0.102539,0.385742,0.952148,2
17/11/2017 17:59:49.080,0.102539,0.200195,0.283203,0.102539,0.385742,0.952148,2
17/11/2017 17:59:50.078,0.102539,0.200195,0.283203,0.102539,0.385742,0.947266,2
17/11/2017 17:59:51.076,0.102539,0.200195,0.283203,0.102539,0.385742,0.947266,2
17/11/2017 17:59:52.081,0.102539,0.200195,0.283203,0.102539,0.385742,0.942383,2
17/11/2017 17:59:53.080,0.102539,0.200195,0.283203,0.102539,0.385742,0.942383,2
17/11/2017 17:59:54.080,0.102539,0.200195,0.283203,0.102539,0.385742,0.942383,2
17/11/2017 17:59:55.078,0.102539,0.195312,0.283203,0.102539,0.385742,0.9375,2
17/11/2017 17:59:56.082,0.102539,0.195312,0.27832,0.102539,0.385742,0.9375,2
17/11/2017 17:59:57.081,0.102539,0.195312,0.27832,0.102539,0.385742,0.9375,2
17/11/2017 17:59:58.081,0.102539,0.195312,0.27832,0.102539,0.385742,0.932617,2
17/11/2017 17:59:59.080,0.102539,0.195312,0.27832,0.102539,0.385742,0.932617,2
17/11/2017 18:00:00.082,0.102539,0.195312,0.27832,0.102539,0.385742,0.927734,2
17/11/2017 18:00:01.082,0.102539,0.195312,0.27832,0.102539,0.385742,0.927734,2
17/11/2017 18:00:02.083,0.102539,0.195312,0.27832,0.102539,0.385742,0.927734,2
17/11/2017 18:00:03.085,0.102539,0.195312,0.27832,0.102539,0.385742,0.922852,2
17/11/2017 18:00:04.085,0.102539,0.19043,0.27832,0.102539,0.380859,0.922852,2
17/11/2017 18:00:05.084,0.102539,0.195312,0.27832,0.102539,0.380859,0.922852,2
17/11/2017 18:00:06.083,0.102539,0.19043,0.273437,0.102539,0.380859,0.922852,2
17/11/2017 18:00:07.087,0.102539,0.19043,0.273437,0.102539,0.380859,0.917969,2
17/11/2017 18:00:08.087,0.102539,0.19043,0.273437,0.102539,0.380859,0.917969,2
17/11/2017 18:00:09.087,0.102539,0.19043,0.273437,0.102539,0.380859,0.917969,2
17/11/2017 18:00:10.090,0.102539,0.19043,0.273437,0.102539,0.380859,0.913086,2
17/11/2017 18:00:11.089,0.102539,0.19043,0.273437,0.102539,0.380859,0.913086,2
17/11/2017 18:00:12.089,0.102539,0.19043,0.273437,0.102539,0.380859,0.913086,2
17/11/2017 18:00:13.087,0.102539,0.19043,0.273437,0.102539,0.380859,0.913086,2
17/11/2017 18:00:14.091,0.102539,0.19043,0.273437,0.102539,0.380859,0.908203,2
17/11/2017 18:00:15.089,0.102539,0.19043,0.273437,0.097656,0.380859,0.908203,2
17/11/2017 18:00:16.090,0.102539,0.185547,0.273437,0.102539,0.380859,0.908203,2
17/11/2017 18:00:17.088,0.102539,0.185547,0.273437,0.102539,0.380859,0.908203,2
17/11/2017 18:00:18.087,0.102539,0.185547,0.273437,0.102539,0.380859,0.908203,2
17/11/2017 18:00:19.091,0.102539,0.185547,0.273437,0.102539,0.380859,0.90332,2
17/11/2017 18:00:20.090,0.102539,0.185547,0.273437,0.102539,0.380859,0.90332,2
17/11/2017 18:00:21.091,0.102539,0.185547,0.268555,0.102539,0.380859,0.90332,2
17/11/2017 18:00:22.089,0.102539,0.185547,0.273437,0.097656,0.380859,0.90332,2
17/11/2017 18:00:23.093,0.102539,0.185547,0.273437,0.097656,0.380859,0.898437,2
17/11/2017 18:00:24.093,0.102539,0.185547,0.268555,0.097656,0.375977,0.898437,2
17/11/2017 18:00:25.092,0.102539,0.185547,0.268555,0.102539,0.380859,0.898437,2
17/11/2017 18:00:26.092,0.102539,0.185547,0.268555,0.097656,0.375977,0.898437,2
17/11/2017 18:00:27.094,0.102539,0.185547,0.268555,0.097656,0.380859,0.898437,2
17/11/2017 18:00:28.095,0.102539,0.180664,0.268555,0.097656,0.375977,0.893555,2
17/11/2017 18:00:29.094,0.102539,0.180664,0.268555,0.097656,0.375977,0.898437,2
17/11/2017 18:00:30.097,0.102539,0.180664,0.268555,0.097656,0.375977,0.893555,2
17/11/2017 18:00:31.096,0.102539,0.180664,0.268555,0.102539,0.375977,0.893555,2
17/11/2017 18:00:32.096,0.102539,0.180664,0.268555,0.097656,0.375977,0.893555,2
17/11/2017 18:00:33.094,0.102539,0.180664,0.268555,0.097656,0.375977,0.893555,2
17/11/2017 18:00:34.095,0.102539,0.180664,0.268555,0.097656,0.375977,0.888672,2
17/11/2017 18:00:35.099,0.102539,0.180664,0.268555,0.097656,0.375977,0.888672,2
17/11/2017 18:00:36.098,0.102539,0.180664,0.268555,0.097656,0.375977,0.888672,2
17/11/2017 18:00:37.097,0.102539,0.180664,0.268555,0.097656,0.375977,0.888672,2
17/11/2017 18:00:38.099,0.102539,0.180664,0.268555,0.097656,0.375977,0.888672,2
17/11/2017 18:00:39.100,0.102539,0.180664,0.268555,0.097656,0.375977,0.888672,2
17/11/2017 18:00:40.098,0.102539,0.180664,0.268555,0.097656,0.375977,0.888672,2
17/11/2017 18:00:41.098,0.102539,0.180664,0.268555,0.097656,0.375977,0.883789,2
17/11/2017 18:00:42.097,0.102539,0.180664,0.263672,0.097656,0.375977,0.883789,2
17/11/2017 18:00:43.100,0.102539,0.180664,0.263672,0.097656,0.375977,0.883789,2
17/11/2017 18:00:44.100,0.102539,0.180664,0.263672,0.097656,0.375977,0.883789,2
17/11/2017 18:00:45.100,0.102539,0.180664,0.263672,0.097656,0.375977,0.883789,2
17/11/2017 18:00:46.103,0.102539,0.175781,0.263672,0.097656,0.375977,0.883789,2
17/11/2017 18:00:47.102,0.102539,0.180664,0.263672,0.097656,0.375977,0.878906,2
17/11/2017 18:00:48.102,0.102539,0.175781,0.263672,0.097656,0.375977,0.878906,2
17/11/2017 18:00:49.100,0.102539,0.175781,0.263672,0.097656,0.375977,0.878906,2
17/11/2017 18:00:50.105,0.102539,0.175781,0.263672,0.097656,0.375977,0.878906,2
17/11/2017 18:00:51.105,0.102539,0.175781,0.263672,0.097656,0.375977,0.878906,2
17/11/2017 18:00:52.103,0.102539,0.175781,0.263672,0.097656,0.375977,0.878906,2
17/11/2017 18:00:53.103,0.102539,0.175781,0.263672,0.097656,0.375977,0.878906,2
17/11/2017 18:00:54.102,0.102539,0.175781,0.263672,0.097656,0.375977,0.878906,2
17/11/2017 18:00:55.102,0.102539,0.175781,0.263672,0.097656,0.375977,0.878906,2
17/11/2017 18:00:56.105,0.102539,0.175781,0.263672,0.097656,0.375977,0.874023,2
17/11/2017 18:00:57.104,0.102539,0.175781,0.263672,0.097656,0.371094,0.874023,2
17/11/2017 18:00:58.103,0.102539,0.175781,0.263672,0.097656,0.371094,0.874023,2
17/11/2017 18:00:59.103,0.102539,0.175781,0.263672,0.097656,0.371094,0.874023,2
17/11/2017 18:01:00.107,0.102539,0.175781,0.263672,0.097656,0.375977,0.874023,2
17/11/2017 18:01:01.106,0.102539,0.175781,0.263672,0.097656,0.371094,0.874023,2
17/11/2017 18:01:02.106,0.102539,0.175781,0.263672,0.097656,0.371094,0.874023,2
17/11/2017 18:01:03.105,0.097656,0.175781,0.263672,0.097656,0.371094,0.874023,2
17/11/2017 18:01:04.105,0.102539,0.175781,0.258789,0.097656,0.371094,0.874023,2
17/11/2017 18:01:05.108,0.102539,0.175781,0.258789,0.097656,0.371094,0.874023,2
17/11/2017 18:01:06.108,0.102539,0.175781,0.258789,0.097656,0.371094,0.874023,2
17/11/2017 18:01:07.111,0.097656,0.175781,0.263672,0.097656,0.371094,0.869141,2
17/11/2017 18:01:08.109,0.097656,0.175781,0.258789,0.097656,0.371094,0.869141,2
17/11/2017 18:01:09.110,0.097656,0.175781,0.263672,0.097656,0.371094,0.869141,2
17/11/2017 18:01:10.108,0.097656,0.170898,0.258789,0.097656,0.371094,0.869141,2
17/11/2017 18:01:11.108,0.097656,0.175781,0.258789,0.097656,0.371094,0.869141,2
17/11/2017 18:01:12.112,0.097656,0.170898,0.258789,0.097656,0.371094,0.869141,2
17/11/2017 18:01:13.111,0.097656,0.170898,0.258789,0.097656,0.371094,0.869141,2
17/11/2017 18:01:14.111,0.097656,0.170898,0.258789,0.097656,0.371094,0.869141,2
17/11/2017 18:01:15.114,0.097656,0.170898,0.258789,0.097656,0.371094,0.869141,2
17/11/2017 18:01:16.114,0.097656,0.170898,0.258789,0.097656,0.371094,0.869141,2
17/11/2017 18:01:17.112,0.097656,0.170898,0.258789,0.097656,0.371094,0.869141,2
17/11/2017 18:01:18.112,0.097656,0.170898,0.258789,0.097656,0.371094,0.869141,2
17/11/2017 18:01:19.112,0.097656,0.170898,0.258789,0.097656,0.371094,0.864258,2
17/11/2017 18:01:20.110,0.097656,0.170898,0.258789,0.097656,0.371094,0.869141,2
17/11/2017 18:01:21.114,0.097656,0.170898,0.258789,0.097656,0.371094,0.864258,2
17/11/2017 18:01:22.113,0.097656,0.170898,0.258789,0.097656,0.371094,0.864258,2
17/11/2017 18:01:23.114,0.097656,0.170898,0.258789,0.097656,0.371094,0.864258,2
17/11/2017 18:01:24.112,0.097656,0.170898,0.258789,0.097656,0.371094,0.864258,2
17/11/2017 18:01:25.115,0.097656,0.170898,0.258789,0.097656,0.371094,0.864258,2
17/11/2017 18:01:26.115,0.097656,0.170898,0.258789,0.097656,0.371094,0.864258,2
17/11/2017 18:01:27.115,0.097656,0.170898,0.258789,0.097656,0.371094,0.864258,2
17/11/2017 18:01:28.118,0.097656,0.170898,0.258789,0.097656,0.371094,0.864258,2
17/11/2017 18:01:29.117,0.097656,0.170898,0.258789,0.097656,0.371094,0.864258,2
17/11/2017 18:01:30.116,0.097656,0.170898,0.258789,0.097656,0.371094,0.864258,2
17/11/2017 18:01:31.115,0.097656,0.170898,0.258789,0.097656,0.371094,0.864258,2
17/11/2017 18:01:32.115,0.097656,0.170898,0.258789,0.097656,0.371094,0.864258,2
17/11/2017 18:01:33.115,0.097656,0.170898,0.258789,0.097656,0.371094,0.864258,2
17/11/2017 18:01:34.118,0.097656,0.170898,0.258789,0.097656,0.371094,0.864258,2
17/11/2017 18:01:35.117,0.097656,0.170898,0.258789,0.097656,0.371094,0.859375,2
17/11/2017 18:01:36.118,0.097656,0.170898,0.258789,0.097656,0.371094,0.859375,2
17/11/2017 18:01:37.121,0.097656,0.170898,0.258789,0.097656,0.371094,0.859375,2
17/11/2017 18:01:38.119,0.097656,0.170898,0.258789,0.097656,0.371094,0.859375,2
17/11/2017 18:01:39.118,0.097656,0.170898,0.258789,0.097656,0.371094,0.859375,2
17/11/2017 18:01:40.122,0.097656,0.170898,0.258789,0.097656,0.371094,0.859375,2
17/11/2017 18:01:41.122,0.097656,0.170898,0.258789,0.097656,0.371094,0.859375,2
17/11/2017 18:01:42.121,0.097656,0.170898,0.258789,0.097656,0.371094,0.859375,2
17/11/2017 18:01:43.125,0.097656,0.170898,0.258789,0.097656,0.371094,0.859375,2
17/11/2017 18:01:44.124,0.097656,0.170898,0.253906,0.097656,0.371094,0.859375,2
17/11/2017 18:01:45.123,0.097656,0.170898,0.253906,0.097656,0.371094,0.859375,2
17/11/2017 18:01:46.122,0.097656,0.170898,0.253906,0.097656,0.371094,0.859375,2
17/11/2017 18:01:47.124,0.097656,0.166016,0.253906,0.097656,0.371094,0.859375,2
17/11/2017 18:01:48.120,0.097656,0.166016,0.253906,0.097656,0.371094,0.859375,2
17/11/2017 18:01:49.126,0.097656,0.166016,0.258789,0.097656,0.371094,0.859375,2
17/11/2017 18:01:50.125,0.097656,0.166016,0.253906,0.097656,0.371094,0.859375,2
17/11/2017 18:01:51.123,0.097656,0.166016,0.253906,0.097656,0.366211,0.859375,2
17/11/2017 18:01:52.128,0.097656,0.166016,0.253906,0.097656,0.366211,0.854492,2
17/11/2017 18:01:53.127,0.097656,0.166016,0.253906,0.097656,0.371094,0.854492,2
17/11/2017 18:01:54.125,0.097656,0.166016,0.253906,0.097656,0.366211,0.854492,2
17/11/2017 18:01:55.126,0.097656,0.166016,0.253906,0.097656,0.371094,0.854492,2
17/11/2017 18:01:56.125,0.097656,0.166016,0.253906,0.092773,0.366211,0.859375,2
17/11/2017 18:01:57.128,0.097656,0.166016,0.253906,0.097656,0.366211,0.859375,2
17/11/2017 18:01:58.128,0.097656,0.166016,0.253906,0.097656,0.366211,0.854492,2
17/11/2017 18:01:59.126,0.097656,0.166016,0.253906,0.097656,0.366211,0.854492,2
17/11/2017 18:02:00.130,0.097656,0.166016,0.253906,0.097656,0.366211,0.854492,2
17/11/2017 18:02:01.128,0.097656,0.166016,0.253906,0.092773,0.366211,0.854492,2
17/11/2017 18:02:02.128,0.097656,0.166016,0.253906,0.097656,0.366211,0.854492,2
17/11/2017 18:02:03.129,0.097656,0.166016,0.253906,0.097656,0.366211,0.854492,2
17/11/2017 18:02:04.128,0.097656,0.166016,0.253906,0.097656,0.366211,0.854492,2
17/11/2017 18:02:05.131,0.097656,0.166016,0.253906,0.097656,0.366211,0.854492,2
17/11/2017 18:02:06.130,0.097656,0.166016,0.253906,0.097656,0.366211,0.854492,2
17/11/2017 18:02:07.130,0.097656,0.166016,0.253906,0.092773,0.366211,0.854492,2
17/11/2017 18:02:08.130,0.097656,0.166016,0.253906,0.097656,0.366211,0.854492,2
17/11/2017 18:02:09.130,0.097656,0.166016,0.253906,0.097656,0.366211,0.854492,2
17/11/2017 18:02:10.133,0.097656,0.166016,0.253906,0.097656,0.366211,0.854492,2
17/11/2017 18:02:11.132,0.097656,0.166016,0.253906,0.092773,0.366211,0.854492,2
17/11/2017 18:02:12.130,0.097656,0.166016,0.253906,0.097656,0.366211,0.854492,2
17/11/2017 18:02:13.134,0.097656,0.166016,0.253906,0.097656,0.366211,0.854492,2
17/11/2017 18:02:14.134,0.097656,0.166016,0.253906,0.092773,0.366211,0.854492,2
17/11/2017 18:02:15.133,0.097656,0.166016,0.253906,0.092773,0.366211,0.854492,2
17/11/2017 18:02:16.132,0.097656,0.166016,0.253906,0.097656,0.366211,0.854492,2
17/11/2017 18:02:17.131,0.097656,0.166016,0.253906,0.092773,0.366211,0.854492,2
17/11/2017 18:02:18.134,0.097656,0.166016,0.253906,0.092773,0.366211,0.854492,2
17/11/2017 18:02:19.134,0.097656,0.166016,0.253906,0.097656,0.366211,0.854492,2
17/11/2017 18:02:20.136,0.097656,0.166016,0.253906,0.092773,0.366211,0.854492,2
17/11/2017 18:02:21.138,0.097656,0.166016,0.253906,0.097656,0.366211,0.854492,2
17/11/2017 18:02:22.138,0.097656,0.166016,0.253906,0.097656,0.366211,0.854492,2
17/11/2017 18:02:23.136,0.097656,0.161133,0.253906,0.092773,0.366211,0.854492,2
17/11/2017 18:02:24.135,0.097656,0.166016,0.253906,0.097656,0.366211,0.854492,2
17/11/2017 18:02:25.135,0.097656,0.161133,0.253906,0.097656,0.366211,0.854492,2
17/11/2017 18:02:26.138,0.097656,0.166016,0.253906,0.097656,0.366211,0.854492,2
17/11/2017 18:02:27.138,0.097656,0.166016,0.253906,0.092773,0.366211,0.854492,2
17/11/2017 18:02:28.136,0.097656,0.161133,0.253906,0.092773,0.366211,0.854492,2
17/11/2017 18:02:29.140,0.097656,0.161133,0.253906,0.092773,0.366211,0.854492,2
17/11/2017 18:02:30.140,0.097656,0.161133,0.253906,0.092773,0.366211,0.854492,2
17/11/2017 18:02:31.140,0.097656,0.166016,0.249023,0.092773,0.366211,0.854492,2
17/11/2017 18:02:32.142,0.097656,0.161133,0.253906,0.092773,0.366211,0.854492,2
17/11/2017 18:02:33.142,0.097656,0.161133,0.253906,0.092773,0.366211,0.854492,2
17/11/2017 18:02:34.141,0.097656,0.161133,0.253906,0.092773,0.366211,0.854492,2
17/11/2017 18:02:35.141,0.097656,0.161133,0.249023,0.092773,0.366211,0.854492,2
17/11/2017 18:02:36.140,0.097656,0.166016,0.253906,0.092773,0.366211,0.854492,2
17/11/2017 18:02:37.143,0.097656,0.161133,0.249023,0.092773,0.366211,0.854492,2
17/11/2017 18:02:38.143,0.097656,0.161133,0.249023,0.092773,0.366211,0.854492,2
17/11/2017 18:02:39.142,0.097656,0.166016,0.249023,0.092773,0.366211,0.854492,2
17/11/2017 18:02:40.142,0.097656,0.161133,0.249023,0.092773,0.366211,0.849609,2
17/11/2017 18:02:41.142,0.097656,0.161133,0.249023,0.092773,0.366211,0.854492,2
17/11/2017 18:02:42.139,0.097656,0.161133,0.249023,0.092773,0.366211,0.849609,2
17/11/2017 18:02:43.140,0.097656,0.161133,0.249023,0.092773,0.366211,0.854492,2
17/11/2017 18:02:44.142,0.097656,0.161133,0.249023,0.092773,0.366211,0.849609,2
17/11/2017 18:02:45.143,0.097656,0.161133,0.249023,0.092773,0.366211,0.849609,2
17/11/2017 18:02:46.143,0.097656,0.161133,0.249023,0.092773,0.366211,0.849609,2
17/11/2017 18:02:47.142,0.097656,0.161133,0.249023,0.092773,0.366211,0.854492,2
17/11/2017 18:02:48.141,0.097656,0.161133,0.249023,0.092773,0.366211,0.849609,2
17/11/2017 18:02:49.140,0.097656,0.161133,0.249023,0.092773,0.366211,0.849609,2
17/11/2017 18:02:50.144,0.097656,0.161133,0.249023,0.092773,0.366211,0.849609,2
17/11/2017 18:02:51.142,0.097656,0.161133,0.249023,0.092773,0.366211,0.849609,2
17/11/2017 18:02:52.141,0.097656,0.161133,0.249023,0.092773,0.366211,0.849609,2
17/11/2017 18:02:53.142,0.097656,0.161133,0.249023,0.092773,0.366211,0.849609,2
17/11/2017 18:02:54.142,0.097656,0.161133,0.249023,0.092773,0.366211,0.849609,2
17/11/2017 18:02:55.143,0.097656,0.161133,0.249023,0.092773,0.366211,0.849609,2
17/11/2017 18:02:56.144,0.097656,0.161133,0.249023,0.092773,0.366211,0.849609,2
17/11/2017 18:02:57.143,0.097656,0.161133,0.249023,0.092773,0.366211,0.849609,2
17/11/2017 18:02:58.143,0.097656,0.161133,0.249023,0.092773,0.366211,0.849609,2
17/11/2017 18:02:59.141,0.097656,0.161133,0.249023,0.092773,0.366211,0.849609,2
17/11/2017 18:03:00.145,0.097656,0.161133,0.249023,0.092773,0.366211,0.849609,2
17/11/2017 18:03:01.146,0.097656,0.161133,0.249023,0.092773,0.366211,0.849609,2
17/11/2017 18:03:02.145,0.097656,0.161133,0.249023,0.092773,0.366211,0.849609,2
17/11/2017 18:03:03.148,0.097656,0.161133,0.249023,0.092773,0.366211,0.849609,2
17/11/2017 18:03:04.146,0.097656,0.161133,0.249023,0.092773,0.366211,0.849609,2
17/11/2017 18:03:05.147,0.097656,0.161133,0.249023,0.092773,0.366211,0.849609,2
17/11/2017 18:03:06.146,0.097656,0.161133,0.249023,0.092773,0.366211,0.849609,2
17/11/2017 18:03:07.149,0.097656,0.161133,0.249023,0.092773,0.366211,0.849609,2
17/11/2017 18:03:08.148,0.097656,0.161133,0.249023,0.092773,0.366211,0.849609,2
17/11/2017 18:03:09.147,0.097656,0.161133,0.249023,0.092773,0.361328,0.849609,2
17/11/2017 18:03:10.146,0.097656,0.161133,0.249023,0.092773,0.366211,0.849609,2
17/11/2017 18:03:11.147,0.097656,0.161133,0.249023,0.092773,0.366211,0.849609,2
17/11/2017 18:03:12.150,0.097656,0.161133,0.249023,0.092773,0.361328,0.849609,2
17/11/2017 18:03:13.149,0.097656,0.161133,0.249023,0.092773,0.366211,0.849609,2
17/11/2017 18:13:14.748,0.078125,0.146484,0.224609,0.087891,0.336914,0.742187,2
17/11/2017 18:13:15.747,0.078125,0.146484,0.224609,0.087891,0.336914,0.742187,2
17/11/2017 18:13:16.746,0.078125,0.146484,0.224609,0.087891,0.336914,0.742187,2
17/11/2017 18:13:17.747,0.078125,0.146484,0.224609,0.087891,0.336914,0.742187,2
17/11/2017 18:13:18.745,0.078125,0.146484,0.224609,0.087891,0.336914,0.742187,2
17/11/2017 18:13:19.745,0.078125,0.146484,0.224609,0.087891,0.336914,0.742187,2
17/11/2017 18:13:20.747,0.078125,0.146484,0.224609,0.087891,0.336914,0.742187,2
17/11/2017 18:13:21.746,0.078125,0.146484,0.224609,0.087891,0.336914,0.742187,2
17/11/2017 18:13:22.748,0.078125,0.151367,0.224609,0.087891,0.336914,0.742187,2
17/11/2017 18:13:23.745,0.078125,0.146484,0.224609,0.087891,0.336914,0.742187,2
17/11/2017 18:13:24.745,0.078125,0.151367,0.224609,0.087891,0.336914,0.742187,2
17/11/2017 18:13:25.745,0.078125,0.151367,0.224609,0.087891,0.336914,0.742187,2
17/11/2017 18:13:26.748,0.078125,0.151367,0.224609,0.087891,0.336914,0.742187,2
17/11/2017 18:13:27.746,0.078125,0.151367,0.224609,0.087891,0.336914,0.742187,2
17/11/2017 18:13:28.746,0.078125,0.146484,0.224609,0.087891,0.336914,0.742187,2
17/11/2017 18:13:29.746,0.078125,0.146484,0.224609,0.087891,0.336914,0.742187,2
17/11/2017 18:13:30.749,0.078125,0.151367,0.224609,0.087891,0.336914,0.742187,2
17/11/2017 18:13:31.749,0.078125,0.151367,0.224609,0.087891,0.336914,0.742187,2
17/11/2017 18:13:32.749,0.078125,0.151367,0.224609,0.087891,0.336914,0.742187,2
17/11/2017 18:13:33.748,0.078125,0.146484,0.224609,0.087891,0.336914,0.742187,2
17/11/2017 18:13:34.748,0.078125,0.151367,0.224609,0.087891,0.336914,0.742187,2
17/11/2017 18:13:35.750,0.078125,0.146484,0.224609,0.087891,0.336914,0.74707,2
17/11/2017 18:13:36.751,0.078125,0.151367,0.224609,0.087891,0.336914,0.742187,2
17/11/2017 18:13:37.750,0.078125,0.151367,0.224609,0.087891,0.336914,0.742187,2
17/11/2017 18:13:38.749,0.078125,0.146484,0.224609,0.087891,0.336914,0.74707,2
17/11/2017 18:13:39.749,0.078125,0.151367,0.224609,0.087891,0.336914,0.742187,2
17/11/2017 18:13:40.748,0.078125,0.146484,0.224609,0.087891,0.336914,0.742187,2
17/11/2017 18:13:41.747,0.078125,0.151367,0.224609,0.087891,0.336914,0.74707,2
17/11/2017 18:13:42.750,0.078125,0.151367,0.224609,0.087891,0.336914,0.74707,2
17/11/2017 18:13:43.749,0.078125,0.151367,0.224609,0.087891,0.336914,0.74707,2
17/11/2017 18:13:44.749,0.078125,0.151367,0.224609,0.087891,0.336914,0.74707,2
17/11/2017 18:13:45.747,0.078125,0.151367,0.224609,0.087891,0.336914,0.74707,2
17/11/2017 18:13:46.750,0.078125,0.151367,0.224609,0.087891,0.336914,0.74707,2
17/11/2017 18:13:47.751,0.078125,0.151367,0.224609,0.087891,0.336914,0.74707,2
17/11/2017 18:13:48.751,0.078125,0.151367,0.224609,0.087891,0.336914,0.74707,2
17/11/2017 18:13:49.749,0.078125,0.151367,0.224609,0.087891,0.336914,0.74707,2
17/11/2017 18:13:50.748,0.078125,0.151367,0.224609,0.087891,0.336914,0.74707,2
17/11/2017 18:13:51.751,0.078125,0.151367,0.224609,0.087891,0.336914,0.74707,2
17/11/2017 18:13:52.753,0.078125,0.151367,0.224609,0.087891,0.336914,0.74707,2
17/11/2017 18:13:53.751,0.078125,0.151367,0.224609,0.087891,0.336914,0.74707,2
17/11/2017 18:13:54.750,0.078125,0.151367,0.229492,0.087891,0.336914,0.74707,2
17/11/2017 18:13:55.754,0.078125,0.151367,0.224609,0.087891,0.336914,0.74707,2
17/11/2017 18:13:56.753,0.078125,0.151367,0.224609,0.087891,0.336914,0.74707,2
17/11/2017 18:13:57.753,0.078125,0.151367,0.224609,0.087891,0.341797,0.74707,2
17/11/2017 18:13:58.752,0.078125,0.151367,0.229492,0.087891,0.341797,0.74707,2
17/11/2017 18:13:59.755,0.078125,0.151367,0.229492,0.087891,0.336914,0.74707,2
17/11/2017 18:14:00.755,0.078125,0.151367,0.229492,0.087891,0.336914,0.74707,2
17/11/2017 18:14:01.754,0.078125,0.151367,0.229492,0.087891,0.336914,0.74707,2
17/11/2017 18:14:02.755,0.078125,0.151367,0.229492,0.087891,0.336914,0.74707,2
17/11/2017 18:14:03.753,0.078125,0.151367,0.229492,0.087891,0.341797,0.74707,2
17/11/2017 18:14:04.753,0.078125,0.151367,0.229492,0.087891,0.336914,0.74707,2
17/11/2017 18:14:05.757,0.078125,0.151367,0.229492,0.087891,0.341797,0.74707,2
17/11/2017 18:14:06.756,0.078125,0.151367,0.229492,0.087891,0.336914,0.74707,2
17/11/2017 18:14:07.759,0.078125,0.151367,0.229492,0.087891,0.341797,0.74707,2
17/11/2017 18:14:08.759,0.078125,0.151367,0.229492,0.087891,0.336914,0.74707,2
17/11/2017 18:14:09.758,0.078125,0.151367,0.229492,0.087891,0.341797,0.74707,2
17/11/2017 18:14:10.760,0.078125,0.151367,0.229492,0.087891,0.336914,0.74707,2
17/11/2017 18:14:11.760,0.078125,0.151367,0.229492,0.087891,0.341797,0.74707,2
17/11/2017 18:14:12.760,0.078125,0.151367,0.229492,0.087891,0.341797,0.74707,2
17/11/2017 18:14:13.759,0.078125,0.151367,0.229492,0.087891,0.341797,0.74707,2
17/11/2017 18:14:14.757,0.078125,0.151367,0.229492,0.087891,0.341797,0.74707,2
17/11/2017 18:14:15.757,0.078125,0.151367,0.229492,0.087891,0.341797,0.74707,2
17/11/2017 18:14:16.758,0.078125,0.151367,0.229492,0.087891,0.341797,0.74707,2
17/11/2017 18:14:17.761,0.078125,0.151367,0.229492,0.087891,0.341797,0.74707,2
17/11/2017 18:14:18.759,0.078125,0.151367,0.229492,0.087891,0.341797,0.74707,2
17/11/2017 18:14:19.758,0.078125,0.151367,0.229492,0.087891,0.341797,0.74707,2
17/11/2017 18:14:20.759,0.078125,0.151367,0.229492,0.087891,0.341797,0.74707,2
17/11/2017 18:14:21.759,0.078125,0.151367,0.229492,0.087891,0.341797,0.74707,2
17/11/2017 18:14:22.762,0.078125,0.151367,0.229492,0.087891,0.341797,0.74707,2
17/11/2017 18:14:23.761,0.078125,0.151367,0.229492,0.087891,0.341797,0.74707,2
17/11/2017 18:14:24.760,0.078125,0.151367,0.229492,0.087891,0.341797,0.74707,2
17/11/2017 18:14:25.759,0.078125,0.151367,0.229492,0.087891,0.341797,0.74707,2
17/11/2017 18:14:26.759,0.078125,0.151367,0.229492,0.087891,0.341797,0.74707,2
17/11/2017 18:14:27.758,0.078125,0.151367,0.229492,0.087891,0.341797,0.74707,2
17/11/2017 18:14:28.762,0.078125,0.151367,0.229492,0.087891,0.341797,0.74707,2
17/11/2017 18:14:29.762,0.078125,0.151367,0.229492,0.087891,0.341797,0.74707,2
17/11/2017 18:14:30.761,0.078125,0.151367,0.229492,0.087891,0.341797,0.74707,2
17/11/2017 18:14:31.760,0.078125,0.151367,0.229492,0.087891,0.341797,0.751953,2
17/11/2017 18:14:32.760,0.078125,0.151367,0.229492,0.087891,0.341797,0.74707,2
17/11/2017 18:14:33.758,0.078125,0.151367,0.229492,0.087891,0.341797,0.74707,2
17/11/2017 18:14:34.762,0.078125,0.151367,0.229492,0.087891,0.341797,0.751953,2
17/11/2017 18:14:35.762,0.078125,0.151367,0.229492,0.087891,0.341797,0.74707,2
17/11/2017 18:14:36.761,0.078125,0.151367,0.229492,0.087891,0.341797,0.74707,2
17/11/2017 18:14:37.763,0.078125,0.151367,0.229492,0.087891,0.341797,0.74707,2
17/11/2017 18:14:38.763,0.078125,0.151367,0.229492,0.087891,0.341797,0.751953,2
17/11/2017 18:14:39.763,0.078125,0.151367,0.229492,0.087891,0.341797,0.751953,2
17/11/2017 18:14:40.763,0.078125,0.151367,0.229492,0.087891,0.341797,0.751953,2
17/11/2017 18:14:41.761,0.078125,0.151367,0.229492,0.087891,0.341797,0.751953,2
17/11/2017 18:14:42.766,0.078125,0.151367,0.229492,0.087891,0.341797,0.751953,2
17/11/2017 18:14:43.765,0.078125,0.151367,0.229492,0.087891,0.341797,0.751953,2
17/11/2017 18:14:44.765,0.078125,0.151367,0.229492,0.087891,0.341797,0.751953,2
17/11/2017 18:14:45.768,0.078125,0.151367,0.229492,0.087891,0.341797,0.751953,2
17/11/2017 18:14:46.767,0.078125,0.151367,0.229492,0.087891,0.341797,0.751953,2
17/11/2017 18:14:47.767,0.078125,0.151367,0.234375,0.087891,0.341797,0.751953,2
17/11/2017 18:14:48.769,0.078125,0.151367,0.229492,0.087891,0.341797,0.751953,2
17/11/2017 18:14:49.769,0.078125,0.151367,0.229492,0.087891,0.341797,0.751953,2
17/11/2017 18:14:50.767,0.078125,0.151367,0.229492,0.087891,0.341797,0.751953,2
17/11/2017 18:14:51.772,0.078125,0.151367,0.234375,0.092773,0.341797,0.751953,2
17/11/2017 18:14:52.770,0.078125,0.151367,0.234375,0.087891,0.341797,0.751953,2
17/11/2017 18:14:53.770,0.078125,0.151367,0.234375,0.087891,0.341797,0.751953,2
17/11/2017 18:14:54.770,0.078125,0.151367,0.234375,0.087891,0.341797,0.751953,2
17/11/2017 18:14:55.773,0.078125,0.151367,0.234375,0.087891,0.341797,0.751953,2
17/11/2017 18:14:56.772,0.078125,0.151367,0.234375,0.087891,0.341797,0.756836,2
17/11/2017 18:14:57.772,0.078125,0.15625,0.239258,0.087891,0.34668,0.771484,2
17/11/2017 18:14:58.771,0.083008,0.166016,0.249023,0.092773,0.351562,0.795898,2
17/11/2017 18:14:59.770,0.083008,0.180664,0.258789,0.092773,0.356445,0.820312,2
17/11/2017 18:15:00.773,0.083008,0.195312,0.273437,0.092773,0.361328,0.849609,2
17/11/2017 18:15:01.773,0.087891,0.205078,0.283203,0.092773,0.371094,0.874023,2
17/11/2017 18:15:02.773,0.087891,0.214844,0.292969,0.097656,0.375977,0.898437,2
17/11/2017 18:15:03.776,0.087891,0.224609,0.302734,0.097656,0.375977,0.922852,2
17/11/2017 18:15:04.776,0.087891,0.234375,0.307617,0.097656,0.380859,0.942383,2
17/11/2017 18:15:05.774,0.087891,0.239258,0.307617,0.097656,0.385742,0.961914,2
17/11/2017 18:15:06.774,0.092773,0.244141,0.3125,0.097656,0.385742,0.981445,2
17/11/2017 18:15:07.774,0.092773,0.249023,0.317383,0.097656,0.390625,1.000977,2
17/11/2017 18:15:08.778,0.092773,0.253906,0.317383,0.102539,0.390625,1.015625,2
17/11/2017 18:15:09.778,0.092773,0.258789,0.322266,0.102539,0.395508,1.030273,2
17/11/2017 18:15:10.775,0.092773,0.263672,0.322266,0.102539,0.395508,1.044922,2
17/11/2017 18:15:11.776,0.092773,0.263672,0.327148,0.102539,0.395508,1.054687,2
17/11/2017 18:15:12.780,0.092773,0.268555,0.327148,0.102539,0.395508,1.069336,2
17/11/2017 18:15:13.779,0.097656,0.268555,0.327148,0.102539,0.400391,1.079102,2
17/11/2017 18:15:14.778,0.097656,0.273437,0.327148,0.102539,0.400391,1.088867,2
17/11/2017 18:15:15.776,0.097656,0.273437,0.332031,0.102539,0.400391,1.098633,2
17/11/2017 18:15:16.776,0.097656,0.273437,0.332031,0.102539,0.400391,1.108398,2
17/11/2017 18:15:17.780,0.097656,0.27832,0.332031,0.102539,0.400391,1.118164,2
17/11/2017 18:15:18.778,0.097656,0.27832,0.332031,0.102539,0.405273,1.123047,2
17/11/2017 18:15:19.778,0.097656,0.27832,0.332031,0.102539,0.405273,1.132812,2
17/11/2017 18:15:20.779,0.097656,0.283203,0.332031,0.102539,0.405273,1.137695,2
17/11/2017 18:15:21.776,0.097656,0.283203,0.332031,0.102539,0.405273,1.142578,2
17/11/2017 18:15:22.781,0.097656,0.283203,0.332031,0.102539,0.405273,1.152344,2
17/11/2017 18:15:23.779,0.097656,0.283203,0.332031,0.102539,0.405273,1.157227,2
17/11/2017 18:15:24.780,0.097656,0.283203,0.332031,0.102539,0.405273,1.162109,2
17/11/2017 18:15:25.783,0.097656,0.283203,0.336914,0.102539,0.405273,1.166992,2
17/11/2017 18:15:26.782,0.097656,0.288086,0.336914,0.102539,0.410156,1.171875,2
17/11/2017 18:15:27.782,0.097656,0.288086,0.336914,0.102539,0.410156,1.176758,2
17/11/2017 18:15:28.781,0.097656,0.288086,0.332031,0.102539,0.410156,1.181641,2
17/11/2017 18:15:29.781,0.097656,0.288086,0.336914,0.102539,0.410156,1.186523,2
17/11/2017 18:15:30.781,0.097656,0.288086,0.336914,0.102539,0.410156,1.186523,2
17/11/2017 18:15:31.779,0.097656,0.288086,0.336914,0.102539,0.410156,1.191406,2
17/11/2017 18:15:32.784,0.097656,0.288086,0.336914,0.102539,0.410156,1.196289,2
17/11/2017 18:15:33.782,0.097656,0.288086,0.336914,0.102539,0.410156,1.201172,2
17/11/2017 18:15:34.781,0.097656,0.288086,0.336914,0.102539,0.410156,1.201172,2
17/11/2017 18:15:35.780,0.102539,0.292969,0.336914,0.102539,0.410156,1.206055,2
17/11/2017 18:15:36.784,0.102539,0.292969,0.336914,0.102539,0.410156,1.206055,2
17/11/2017 18:15:37.785,0.102539,0.292969,0.336914,0.107422,0.410156,1.210937,2
17/11/2017 18:15:38.784,0.102539,0.292969,0.336914,0.102539,0.410156,1.210937,2
17/11/2017 18:15:39.783,0.102539,0.292969,0.336914,0.107422,0.410156,1.21582,2
17/11/2017 18:15:40.781,0.102539,0.292969,0.336914,0.107422,0.410156,1.21582,2
17/11/2017 18:15:41.785,0.102539,0.292969,0.336914,0.107422,0.410156,1.220703,2
17/11/2017 18:15:42.785,0.102539,0.292969,0.336914,0.107422,0.410156,1.220703,2
17/11/2017 18:15:43.784,0.102539,0.292969,0.336914,0.107422,0.410156,1.225586,2
17/11/2017 18:15:44.783,0.102539,0.292969,0.336914,0.102539,0.415039,1.225586,2
17/11/2017 18:15:45.783,0.102539,0.292969,0.336914,0.107422,0.410156,1.225586,2
17/11/2017 18:15:46.782,0.102539,0.292969,0.336914,0.107422,0.410156,1.230469,2
17/11/2017 18:15:47.785,0.102539,0.292969,0.336914,0.107422,0.415039,1.230469,2
17/11/2017 18:15:48.784,0.102539,0.292969,0.336914,0.107422,0.415039,1.230469,2
17/11/2017 18:15:49.785,0.102539,0.292969,0.336914,0.107422,0.415039,1.235352,2
17/11/2017 18:15:50.783,0.102539,0.292969,0.336914,0.107422,0.415039,1.235352,2
17/11/2017 18:15:51.787,0.102539,0.297852,0.336914,0.107422,0.415039,1.235352,2
17/11/2017 18:15:52.787,0.102539,0.297852,0.336914,0.107422,0.410156,1.240234,2
17/11/2017 18:15:53.785,0.102539,0.297852,0.336914,0.107422,0.415039,1.240234,2
17/11/2017 18:15:54.785,0.102539,0.297852,0.336914,0.107422,0.415039,1.240234,2
17/11/2017 18:15:55.785,0.102539,0.297852,0.336914,0.107422,0.415039,1.240234,2
17/11/2017 18:15:56.784,0.102539,0.297852,0.336914,0.107422,0.415039,1.240234,2
17/11/2017 18:15:57.788,0.102539,0.297852,0.336914,0.107422,0.415039,1.245117,2
17/11/2017 18:15:58.786,0.102539,0.297852,0.336914,0.107422,0.415039,1.245117,2
17/11/2017 18:15:59.787,0.102539,0.297852,0.336914,0.107422,0.410156,1.245117,2
17/11/2017 18:16:00.785,0.102539,0.297852,0.336914,0.107422,0.415039,1.245117,2
17/11/2017 18:16:01.790,0.102539,0.297852,0.336914,0.107422,0.415039,1.245117,2
17/11/2017 18:16:02.788,0.102539,0.297852,0.336914,0.107422,0.415039,1.25,2
17/11/2017 18:16:03.788,0.102539,0.297852,0.336914,0.107422,0.415039,1.25,2
17/11/2017 18:16:04.787,0.102539,0.297852,0.336914,0.107422,0.415039,1.25,2
17/11/2017 18:16:05.786,0.102539,0.297852,0.336914,0.107422,0.415039,1.25,2
17/11/2017 18:16:06.791,0.102539,0.297852,0.336914,0.107422,0.415039,1.25,2
17/11/2017 18:16:07.789,0.102539,0.297852,0.336914,0.107422,0.415039,1.25,2
17/11/2017 18:16:08.789,0.102539,0.297852,0.336914,0.107422,0.415039,1.25,2
17/11/2017 18:16:09.792,0.102539,0.297852,0.336914,0.107422,0.415039,1.25,2
17/11/2017 18:16:10.792,0.102539,0.297852,0.336914,0.107422,0.415039,1.25,2
17/11/2017 18:16:11.790,0.102539,0.297852,0.336914,0.107422,0.415039,1.25,2
17/11/2017 18:16:12.790,0.102539,0.297852,0.336914,0.107422,0.415039,1.25,2
17/11/2017 18:16:13.790,0.102539,0.297852,0.336914,0.107422,0.415039,1.25,2
17/11/2017 18:16:14.790,0.102539,0.297852,0.336914,0.107422,0.415039,1.25,2
17/11/2017 18:16:15.789,0.102539,0.297852,0.336914,0.107422,0.415039,1.25,2
17/11/2017 18:16:16.788,0.102539,0.297852,0.332031,0.107422,0.415039,1.25,2
17/11/2017 18:16:17.791,0.102539,0.297852,0.336914,0.107422,0.415039,1.25,2
17/11/2017 18:16:18.791,0.102539,0.297852,0.332031,0.107422,0.415039,1.25,2
17/11/2017 18:16:19.789,0.102539,0.297852,0.332031,0.107422,0.415039,1.25,2
17/11/2017 18:16:20.789,0.102539,0.297852,0.332031,0.107422,0.415039,1.25,2
17/11/2017 18:16:21.789,0.102539,0.297852,0.332031,0.107422,0.415039,1.25,2
17/11/2017 18:16:22.787,0.102539,0.297852,0.332031,0.107422,0.415039,1.25,2
17/11/2017 18:16:23.790,0.102539,0.297852,0.332031,0.107422,0.415039,1.25,2
17/11/2017 18:16:24.791,0.102539,0.297852,0.332031,0.107422,0.415039,1.25,2
17/11/2017 18:16:25.789,0.102539,0.297852,0.332031,0.107422,0.415039,1.25,2
17/11/2017 18:16:26.794,0.102539,0.297852,0.332031,0.107422,0.415039,1.25,2
17/11/2017 18:16:27.793,0.102539,0.297852,0.332031,0.107422,0.415039,1.25,2
17/11/2017 18:16:28.792,0.102539,0.297852,0.332031,0.107422,0.415039,1.25,2
17/11/2017 18:16:29.791,0.102539,0.297852,0.332031,0.107422,0.415039,1.25,2
17/11/2017 18:16:30.795,0.102539,0.297852,0.332031,0.107422,0.415039,1.25,2
17/11/2017 18:16:31.795,0.102539,0.297852,0.332031,0.107422,0.415039,1.25,2
17/11/2017 18:16:32.793,0.102539,0.297852,0.332031,0.107422,0.415039,1.25,2
17/11/2017 18:16:33.792,0.102539,0.297852,0.332031,0.107422,0.415039,1.254883,2
17/11/2017 18:16:34.797,0.102539,0.297852,0.332031,0.107422,0.415039,1.25,2
17/11/2017 18:16:35.796,0.102539,0.297852,0.332031,0.107422,0.415039,1.254883,2
17/11/2017 18:16:36.796,0.102539,0.297852,0.332031,0.107422,0.415039,1.254883,2
17/11/2017 18:16:37.794,0.102539,0.297852,0.332031,0.107422,0.415039,1.254883,2
17/11/2017 18:16:38.795,0.102539,0.297852,0.332031,0.107422,0.415039,1.254883,2
17/11/2017 18:16:39.794,0.102539,0.297852,0.332031,0.107422,0.415039,1.254883,2
17/11/2017 18:16:40.792,0.102539,0.297852,0.332031,0.107422,0.415039,1.254883,2
17/11/2017 18:16:41.796,0.102539,0.297852,0.332031,0.107422,0.415039,1.254883,2
17/11/2017 18:16:42.795,0.102539,0.297852,0.332031,0.107422,0.415039,1.254883,2
17/11/2017 18:16:43.795,0.102539,0.297852,0.332031,0.107422,0.415039,1.254883,2
17/11/2017 18:16:44.798,0.102539,0.297852,0.332031,0.107422,0.415039,1.254883,2
17/11/2017 18:16:45.798,0.102539,0.297852,0.332031,0.107422,0.415039,1.254883,2
17/11/2017 18:16:46.797,0.102539,0.297852,0.332031,0.107422,0.415039,1.254883,2
17/11/2017 18:16:47.797,0.102539,0.297852,0.332031,0.107422,0.415039,1.254883,2
17/11/2017 18:16:48.796,0.102539,0.297852,0.332031,0.107422,0.415039,1.254883,2
17/11/2017 18:16:49.800,0.102539,0.297852,0.332031,0.107422,0.415039,1.254883,2
17/11/2017 18:16:50.798,0.102539,0.297852,0.332031,0.107422,0.415039,1.254883,2
17/11/2017 18:16:51.798,0.102539,0.297852,0.332031,0.107422,0.415039,1.254883,2
17/11/2017 18:16:52.796,0.102539,0.297852,0.332031,0.107422,0.415039,1.254883,2
17/11/2017 18:16:53.801,0.102539,0.297852,0.332031,0.107422,0.415039,1.254883,2
17/11/2017 18:16:54.800,0.102539,0.297852,0.332031,0.107422,0.415039,1.254883,2
17/11/2017 18:16:55.799,0.102539,0.297852,0.332031,0.107422,0.415039,1.254883,2
17/11/2017 18:16:56.803,0.102539,0.297852,0.332031,0.107422,0.415039,1.25,2
17/11/2017 18:16:57.802,0.102539,0.297852,0.332031,0.107422,0.415039,1.25,2
17/11/2017 18:16:58.801,0.102539,0.297852,0.332031,0.107422,0.415039,1.25,2
17/11/2017 18:16:59.800,0.102539,0.297852,0.332031,0.107422,0.415039,1.25,2
17/11/2017 18:17:00.801,0.102539,0.297852,0.332031,0.107422,0.415039,1.25,2
17/11/2017 18:17:01.805,0.102539,0.297852,0.332031,0.107422,0.415039,1.25,2
17/11/2017 18:17:02.804,0.102539,0.297852,0.332031,0.107422,0.415039,1.25,2
17/11/2017 18:17:03.802,0.102539,0.297852,0.332031,0.107422,0.415039,1.25,2
17/11/2017 18:17:04.801,0.102539,0.297852,0.332031,0.107422,0.410156,1.25,2
17/11/2017 18:17:05.802,0.102539,0.297852,0.332031,0.107422,0.415039,1.25,2
17/11/2017 18:17:06.805,0.102539,0.297852,0.332031,0.107422,0.415039,1.25,2
17/11/2017 18:17:07.805,0.102539,0.297852,0.332031,0.107422,0.415039,1.25,2
17/11/2017 18:17:08.803,0.102539,0.297852,0.332031,0.107422,0.410156,1.25,2
17/11/2017 18:17:09.807,0.102539,0.297852,0.332031,0.107422,0.410156,1.25,2
17/11/2017 18:17:10.806,0.102539,0.297852,0.332031,0.107422,0.410156,1.25,2
17/11/2017 18:17:11.808,0.102539,0.297852,0.332031,0.107422,0.415039,1.25,2
17/11/2017 18:17:12.805,0.102539,0.297852,0.332031,0.107422,0.410156,1.25,2
17/11/2017 18:17:13.808,0.102539,0.297852,0.332031,0.107422,0.415039,1.25,2
17/11/2017 18:17:14.808,0.102539,0.297852,0.332031,0.107422,0.410156,1.25,2
17/11/2017 18:17:15.811,0.102539,0.297852,0.332031,0.107422,0.410156,1.25,2
17/11/2017 18:17:16.811,0.102539,0.297852,0.332031,0.107422,0.415039,1.25,2
17/11/2017 18:17:17.811,0.102539,0.297852,0.332031,0.107422,0.410156,1.25,2
17/11/2017 18:17:18.810,0.102539,0.297852,0.332031,0.107422,0.410156,1.25,2
17/11/2017 18:17:19.808,0.102539,0.297852,0.332031,0.107422,0.415039,1.25,2
17/11/2017 18:17:20.813,0.102539,0.297852,0.332031,0.107422,0.410156,1.25,2
17/11/2017 18:17:21.812,0.102539,0.297852,0.332031,0.107422,0.410156,1.25,2
17/11/2017 18:17:22.811,0.102539,0.297852,0.332031,0.107422,0.410156,1.25,2
17/11/2017 18:17:23.811,0.102539,0.297852,0.332031,0.107422,0.410156,1.25,2
17/11/2017 18:17:24.810,0.102539,0.297852,0.332031,0.107422,0.410156,1.245117,2
17/11/2017 18:17:25.814,0.102539,0.297852,0.332031,0.107422,0.410156,1.245117,2
17/11/2017 18:17:26.813,0.102539,0.297852,0.332031,0.107422,0.410156,1.245117,2
17/11/2017 18:17:27.812,0.102539,0.297852,0.332031,0.107422,0.410156,1.245117,2
17/11/2017 18:17:28.812,0.102539,0.297852,0.332031,0.107422,0.410156,1.245117,2
17/11/2017 18:17:29.810,0.102539,0.297852,0.332031,0.107422,0.410156,1.245117,2
17/11/2017 18:17:30.810,0.102539,0.297852,0.332031,0.107422,0.410156,1.245117,2
17/11/2017 18:17:31.813,0.102539,0.297852,0.332031,0.107422,0.410156,1.245117,2
17/11/2017 18:17:32.812,0.102539,0.297852,0.332031,0.107422,0.410156,1.245117,2
17/11/2017 18:17:33.812,0.102539,0.297852,0.332031,0.107422,0.410156,1.245117,2
17/11/2017 18:17:34.812,0.102539,0.297852,0.332031,0.107422,0.410156,1.245117,2
17/11/2017 18:17:35.815,0.102539,0.297852,0.332031,0.107422,0.410156,1.245117,2
17/11/2017 18:17:36.815,0.102539,0.297852,0.332031,0.107422,0.410156,1.245117,2
17/11/2017 18:17:37.814,0.102539,0.297852,0.332031,0.107422,0.410156,1.245117,2
17/11/2017 18:17:38.813,0.102539,0.297852,0.332031,0.107422,0.410156,1.245117,2
17/11/2017 18:17:39.812,0.102539,0.297852,0.332031,0.107422,0.410156,1.245117,2
17/11/2017 18:17:40.815,0.102539,0.297852,0.332031,0.107422,0.410156,1.245117,2
17/11/2017 18:17:41.816,0.102539,0.297852,0.332031,0.107422,0.410156,1.240234,2
17/11/2017 18:17:42.816,0.102539,0.297852,0.332031,0.107422,0.410156,1.240234,2
17/11/2017 18:17:43.813,0.102539,0.297852,0.332031,0.107422,0.410156,1.240234,2
17/11/2017 18:17:44.813,0.102539,0.297852,0.332031,0.107422,0.410156,1.240234,2
17/11/2017 18:17:45.817,0.102539,0.297852,0.332031,0.107422,0.410156,1.240234,2
17/11/2017 18:17:46.817,0.102539,0.297852,0.332031,0.107422,0.410156,1.240234,2
17/11/2017 18:17:47.817,0.102539,0.297852,0.332031,0.107422,0.410156,1.240234,2
17/11/2017 18:17:48.816,0.102539,0.292969,0.332031,0.107422,0.410156,1.240234,2
17/11/2017 18:17:49.819,0.102539,0.297852,0.332031,0.107422,0.410156,1.240234,2
17/11/2017 18:17:50.818,0.102539,0.297852,0.332031,0.107422,0.410156,1.240234,2
17/11/2017 18:17:51.818,0.102539,0.297852,0.332031,0.107422,0.410156,1.240234,2
17/11/2017 18:17:52.820,0.102539,0.292969,0.332031,0.107422,0.410156,1.240234,2
17/11/2017 18:17:53.820,0.102539,0.292969,0.332031,0.107422,0.410156,1.240234,2
17/11/2017 18:17:54.820,0.102539,0.292969,0.332031,0.107422,0.410156,1.240234,2
17/11/2017 18:17:55.820,0.102539,0.292969,0.332031,0.107422,0.410156,1.240234,2
17/11/2017 18:17:56.822,0.102539,0.292969,0.332031,0.107422,0.410156,1.240234,2
17/11/2017 18:17:57.821,0.102539,0.297852,0.332031,0.107422,0.410156,1.240234,2
17/11/2017 18:17:58.822,0.102539,0.292969,0.332031,0.107422,0.410156,1.240234,2
17/11/2017 18:17:59.820,0.102539,0.292969,0.332031,0.107422,0.410156,1.235352,2
17/11/2017 18:18:00.819,0.102539,0.292969,0.332031,0.107422,0.410156,1.235352,2
17/11/2017 18:18:01.819,0.102539,0.292969,0.332031,0.107422,0.410156,1.235352,2
17/11/2017 18:18:02.823,0.102539,0.292969,0.332031,0.107422,0.410156,1.235352,2
17/11/2017 18:18:03.821,0.102539,0.292969,0.332031,0.107422,0.410156,1.235352,2
17/11/2017 18:18:04.822,0.102539,0.292969,0.332031,0.107422,0.410156,1.235352,2
17/11/2017 18:18:05.822,0.102539,0.297852,0.332031,0.107422,0.410156,1.235352,2
17/11/2017 18:18:06.821,0.102539,0.292969,0.332031,0.107422,0.410156,1.235352,2
17/11/2017 18:18:07.820,0.102539,0.292969,0.332031,0.107422,0.410156,1.235352,2
17/11/2017 18:18:08.823,0.102539,0.292969,0.332031,0.107422,0.410156,1.235352,2
17/11/2017 18:18:09.821,0.102539,0.292969,0.332031,0.107422,0.410156,1.235352,2
17/11/2017 18:18:10.822,0.102539,0.292969,0.332031,0.107422,0.410156,1.230469,2
17/11/2017 18:18:11.820,0.102539,0.292969,0.332031,0.107422,0.410156,1.230469,2
17/11/2017 18:18:12.824,0.102539,0.292969,0.332031,0.107422,0.410156,1.230469,2
17/11/2017 18:18:13.824,0.102539,0.292969,0.332031,0.107422,0.410156,1.230469,2
17/11/2017 18:18:14.823,0.102539,0.292969,0.332031,0.107422,0.410156,1.230469,2
17/11/2017 18:18:15.823,0.102539,0.292969,0.332031,0.107422,0.410156,1.230469,2
17/11/2017 18:18:16.826,0.102539,0.292969,0.332031,0.107422,0.410156,1.230469,2
17/11/2017 18:18:17.825,0.102539,0.292969,0.332031,0.107422,0.410156,1.230469,2
17/11/2017 18:18:18.825,0.102539,0.292969,0.332031,0.107422,0.410156,1.230469,2
17/11/2017 18:18:19.828,0.102539,0.297852,0.332031,0.107422,0.410156,1.230469,2
17/11/2017 18:18:20.827,0.102539,0.292969,0.332031,0.107422,0.410156,1.230469,2
17/11/2017 18:18:21.827,0.102539,0.292969,0.332031,0.107422,0.410156,1.230469,2
17/11/2017 18:18:22.830,0.102539,0.292969,0.332031,0.107422,0.410156,1.230469,2
17/11/2017 18:18:23.829,0.102539,0.292969,0.332031,0.107422,0.410156,1.225586,2
17/11/2017 18:18:24.830,0.102539,0.292969,0.332031,0.107422,0.410156,1.225586,2
17/11/2017 18:18:25.828,0.102539,0.292969,0.332031,0.107422,0.410156,1.225586,2
17/11/2017 18:18:26.827,0.102539,0.292969,0.332031,0.107422,0.410156,1.225586,2
17/11/2017 18:18:27.831,0.102539,0.292969,0.332031,0.107422,0.410156,1.225586,2
17/11/2017 18:18:28.830,0.102539,0.292969,0.332031,0.107422,0.410156,1.225586,2
17/11/2017 18:18:29.831,0.102539,0.292969,0.332031,0.107422,0.410156,1.225586,2
17/11/2017 18:18:30.830,0.102539,0.292969,0.332031,0.107422,0.410156,1.225586,2
17/11/2017 18:18:31.829,0.102539,0.292969,0.332031,0.107422,0.410156,1.225586,2
17/11/2017 18:18:32.834,0.102539,0.292969,0.332031,0.107422,0.410156,1.225586,2
17/11/2017 18:18:33.832,0.102539,0.292969,0.332031,0.107422,0.410156,1.225586,2
17/11/2017 18:18:34.831,0.102539,0.292969,0.332031,0.107422,0.410156,1.225586,2
17/11/2017 18:18:35.831,0.102539,0.292969,0.332031,0.107422,0.410156,1.225586,2
17/11/2017 18:18:36.830,0.102539,0.292969,0.332031,0.107422,0.410156,1.225586,2
17/11/2017 18:18:37.828,0.102539,0.292969,0.332031,0.107422,0.410156,1.225586,2
17/11/2017 18:18:38.833,0.102539,0.292969,0.332031,0.107422,0.410156,1.225586,2
17/11/2017 18:18:39.832,0.102539,0.292969,0.332031,0.107422,0.410156,1.225586,2
17/11/2017 18:18:40.832,0.102539,0.292969,0.332031,0.107422,0.410156,1.225586,2
17/11/2017 18:18:41.830,0.102539,0.292969,0.332031,0.107422,0.410156,1.225586,2
17/11/2017 18:18:42.835,0.102539,0.292969,0.332031,0.107422,0.410156,1.225586,2
17/11/2017 18:18:43.833,0.102539,0.292969,0.332031,0.107422,0.410156,1.225586,2
17/11/2017 18:18:44.833,0.102539,0.292969,0.332031,0.107422,0.410156,1.225586,2
17/11/2017 18:18:45.831,0.102539,0.292969,0.332031,0.107422,0.410156,1.225586,2
17/11/2017 18:18:46.831,0.102539,0.292969,0.332031,0.107422,0.410156,1.225586,2
17/11/2017 18:18:47.836,0.102539,0.292969,0.332031,0.107422,0.410156,1.225586,2
17/11/2017 18:18:48.834,0.102539,0.292969,0.332031,0.107422,0.410156,1.225586,2
17/11/2017 18:18:49.835,0.102539,0.292969,0.332031,0.107422,0.410156,1.225586,2
17/11/2017 18:18:50.833,0.102539,0.292969,0.332031,0.107422,0.410156,1.225586,2
17/11/2017 18:18:51.836,0.102539,0.292969,0.332031,0.107422,0.410156,1.225586,2
17/11/2017 18:18:52.837,0.102539,0.292969,0.332031,0.107422,0.410156,1.225586,2
17/11/2017 18:18:53.835,0.102539,0.292969,0.332031,0.107422,0.410156,1.225586,2
17/11/2017 18:18:54.838,0.102539,0.292969,0.332031,0.107422,0.410156,1.225586,2
17/11/2017 18:18:55.839,0.102539,0.292969,0.332031,0.107422,0.410156,1.225586,2
17/11/2017 18:18:56.838,0.102539,0.292969,0.332031,0.107422,0.410156,1.225586,2
17/11/2017 18:18:57.837,0.102539,0.292969,0.332031,0.107422,0.410156,1.225586,2
17/11/2017 18:18:58.838,0.102539,0.292969,0.332031,0.107422,0.410156,1.225586,2
17/11/2017 18:18:59.836,0.102539,0.292969,0.332031,0.107422,0.410156,1.220703,2
17/11/2017 18:19:00.839,0.102539,0.292969,0.332031,0.107422,0.410156,1.220703,2
17/11/2017 18:19:01.838,0.102539,0.292969,0.332031,0.107422,0.410156,1.220703,2
17/11/2017 18:19:02.837,0.102539,0.292969,0.332031,0.107422,0.410156,1.220703,2
17/11/2017 18:19:03.841,0.102539,0.292969,0.332031,0.107422,0.410156,1.220703,2
17/11/2017 18:19:04.841,0.102539,0.292969,0.332031,0.107422,0.410156,1.220703,2
17/11/2017 18:19:05.844,0.102539,0.292969,0.332031,0.107422,0.410156,1.220703,2
17/11/2017 18:19:06.844,0.102539,0.292969,0.332031,0.107422,0.410156,1.220703,2
17/11/2017 18:19:07.845,0.102539,0.292969,0.332031,0.107422,0.410156,1.220703,2
17/11/2017 18:19:08.843,0.102539,0.292969,0.332031,0.107422,0.410156,1.220703,2
17/11/2017 18:19:09.841,0.102539,0.292969,0.332031,0.107422,0.410156,1.220703,2
17/11/2017 18:19:10.845,0.102539,0.292969,0.332031,0.107422,0.410156,1.220703,2
17/11/2017 18:19:11.844,0.102539,0.292969,0.332031,0.107422,0.410156,1.220703,2
17/11/2017 18:19:12.844,0.102539,0.292969,0.332031,0.107422,0.410156,1.220703,2
17/11/2017 18:19:13.843,0.102539,0.292969,0.332031,0.107422,0.410156,1.220703,2
17/11/2017 18:19:14.844,0.102539,0.292969,0.332031,0.107422,0.410156,1.220703,2
17/11/2017 18:19:15.846,0.102539,0.292969,0.332031,0.107422,0.410156,1.220703,2
17/11/2017 18:19:16.845,0.102539,0.292969,0.332031,0.107422,0.410156,1.220703,2
17/11/2017 18:19:17.845,0.102539,0.292969,0.332031,0.107422,0.410156,1.220703,2
17/11/2017 18:19:18.844,0.102539,0.292969,0.332031,0.107422,0.410156,1.220703,2
17/11/2017 18:19:19.847,0.102539,0.292969,0.332031,0.107422,0.410156,1.220703,2
17/11/2017 18:19:20.847,0.102539,0.292969,0.332031,0.107422,0.410156,1.220703,2
17/11/2017 18:19:21.847,0.102539,0.292969,0.332031,0.107422,0.410156,1.220703,2
17/11/2017 18:19:22.846,0.102539,0.292969,0.332031,0.107422,0.410156,1.220703,2
17/11/2017 18:19:23.845,0.102539,0.292969,0.332031,0.107422,0.410156,1.220703,2
17/11/2017 18:19:24.848,0.102539,0.292969,0.332031,0.107422,0.410156,1.220703,2
17/11/2017 18:19:25.848,0.102539,0.292969,0.332031,0.107422,0.410156,1.220703,2
17/11/2017 18:19:26.848,0.102539,0.292969,0.332031,0.107422,0.410156,1.220703,2
17/11/2017 18:19:27.850,0.102539,0.292969,0.332031,0.107422,0.410156,1.220703,2
17/11/2017 18:19:28.850,0.102539,0.292969,0.332031,0.107422,0.410156,1.21582,2
17/11/2017 18:19:29.851,0.102539,0.292969,0.332031,0.107422,0.410156,1.220703,2
17/11/2017 18:19:30.849,0.102539,0.292969,0.332031,0.107422,0.410156,1.220703,2
17/11/2017 18:19:31.848,0.102539,0.292969,0.332031,0.107422,0.410156,1.220703,2
17/11/2017 18:19:32.851,0.102539,0.292969,0.332031,0.107422,0.410156,1.220703,2
17/11/2017 18:19:33.851,0.102539,0.292969,0.332031,0.107422,0.410156,1.220703,2
17/11/2017 18:19:34.850,0.102539,0.292969,0.332031,0.107422,0.410156,1.220703,2
17/11/2017 18:19:35.849,0.102539,0.292969,0.332031,0.107422,0.410156,1.21582,2
17/11/2017 18:19:36.852,0.102539,0.292969,0.332031,0.107422,0.410156,1.220703,2
17/11/2017 18:19:37.852,0.102539,0.292969,0.332031,0.107422,0.410156,1.21582,2
17/11/2017 18:19:38.852,0.102539,0.292969,0.332031,0.107422,0.410156,1.21582,2
17/11/2017 18:19:39.851,0.102539,0.292969,0.332031,0.107422,0.410156,1.21582,2
17/11/2017 18:19:40.851,0.102539,0.292969,0.332031,0.107422,0.410156,1.21582,2
17/11/2017 18:19:41.854,0.102539,0.288086,0.332031,0.107422,0.410156,1.21582,2
17/11/2017 18:19:42.853,0.102539,0.292969,0.332031,0.107422,0.410156,1.21582,2
17/11/2017 18:19:43.852,0.102539,0.292969,0.332031,0.107422,0.410156,1.21582,2
17/11/2017 18:19:44.857,0.102539,0.292969,0.332031,0.107422,0.410156,1.21582,2
17/11/2017 18:19:45.855,0.102539,0.292969,0.332031,0.107422,0.410156,1.21582,2
17/11/2017 18:19:46.855,0.102539,0.292969,0.332031,0.107422,0.410156,1.21582,2
17/11/2017 18:19:47.855,0.102539,0.292969,0.332031,0.107422,0.410156,1.21582,2
17/11/2017 18:19:48.854,0.102539,0.292969,0.332031,0.107422,0.410156,1.21582,2
17/11/2017 18:19:49.857,0.102539,0.292969,0.332031,0.107422,0.410156,1.21582,2
17/11/2017 18:19:50.856,0.102539,0.292969,0.332031,0.107422,0.410156,1.21582,2
17/11/2017 18:19:51.857,0.102539,0.292969,0.332031,0.107422,0.410156,1.210937,2
17/11/2017 18:19:52.856,0.102539,0.292969,0.332031,0.107422,0.410156,1.210937,2
17/11/2017 18:19:53.858,0.102539,0.292969,0.332031,0.107422,0.410156,1.210937,2
17/11/2017 18:19:54.857,0.102539,0.292969,0.332031,0.107422,0.410156,1.210937,2
17/11/2017 18:19:55.858,0.102539,0.292969,0.332031,0.107422,0.410156,1.210937,2
17/11/2017 18:19:56.858,0.102539,0.292969,0.332031,0.107422,0.410156,1.210937,2
17/11/2017 18:19:57.860,0.102539,0.292969,0.332031,0.107422,0.410156,1.210937,2
17/11/2017 18:19:58.859,0.102539,0.288086,0.332031,0.107422,0.410156,1.210937,2
17/11/2017 18:19:59.860,0.102539,0.292969,0.332031,0.107422,0.410156,1.210937,2
17/11/2017 18:20:00.859,0.102539,0.292969,0.332031,0.107422,0.410156,1.210937,2
17/11/2017 18:20:01.863,0.102539,0.288086,0.332031,0.107422,0.410156,1.210937,2
17/11/2017 18:20:02.861,0.102539,0.292969,0.332031,0.107422,0.410156,1.210937,2
17/11/2017 18:20:03.861,0.102539,0.288086,0.332031,0.107422,0.410156,1.210937,2
17/11/2017 18:20:04.861,0.102539,0.292969,0.332031,0.107422,0.410156,1.210937,2
17/11/2017 18:20:05.860,0.102539,0.292969,0.332031,0.107422,0.410156,1.210937,2
17/11/2017 18:20:06.859,0.102539,0.292969,0.332031,0.107422,0.410156,1.210937,2
17/11/2017 18:20:07.862,0.102539,0.288086,0.332031,0.107422,0.410156,1.210937,2
17/11/2017 18:20:08.862,0.102539,0.292969,0.332031,0.107422,0.410156,1.210937,2
17/11/2017 18:20:09.860,0.102539,0.288086,0.332031,0.107422,0.410156,1.210937,2
17/11/2017 18:20:10.863,0.102539,0.292969,0.332031,0.107422,0.410156,1.210937,2
17/11/2017 18:20:11.863,0.102539,0.292969,0.332031,0.107422,0.410156,1.210937,2
17/11/2017 18:20:12.862,0.102539,0.292969,0.332031,0.107422,0.410156,1.210937,2
17/11/2017 18:20:13.863,0.102539,0.288086,0.332031,0.107422,0.410156,1.210937,2
17/11/2017 18:20:14.862,0.102539,0.292969,0.332031,0.107422,0.410156,1.210937,2
17/11/2017 18:20:15.866,0.102539,0.288086,0.332031,0.107422,0.410156,1.210937,2
17/11/2017 18:20:16.865,0.102539,0.292969,0.332031,0.107422,0.410156,1.210937,2
17/11/2017 18:20:17.863,0.102539,0.288086,0.332031,0.107422,0.410156,1.210937,2
17/11/2017 18:20:18.865,0.102539,0.288086,0.332031,0.107422,0.410156,1.210937,2
17/11/2017 18:20:19.862,0.102539,0.288086,0.332031,0.107422,0.410156,1.210937,2
17/11/2017 18:20:20.862,0.102539,0.288086,0.332031,0.107422,0.410156,1.210937,2
17/11/2017 18:20:21.861,0.102539,0.288086,0.332031,0.107422,0.410156,1.210937,2
17/11/2017 18:20:22.865,0.102539,0.288086,0.332031,0.107422,0.410156,1.210937,2
17/11/2017 18:20:23.864,0.102539,0.292969,0.332031,0.107422,0.410156,1.210937,2
17/11/2017 18:20:24.863,0.102539,0.292969,0.332031,0.107422,0.410156,1.210937,2
17/11/2017 18:20:25.862,0.102539,0.292969,0.332031,0.107422,0.410156,1.210937,2
17/11/2017 18:20:26.866,0.102539,0.288086,0.332031,0.107422,0.410156,1.210937,2
17/11/2017 18:20:27.866,0.102539,0.288086,0.332031,0.107422,0.410156,1.210937,2
17/11/2017 18:20:28.865,0.102539,0.288086,0.332031,0.107422,0.410156,1.210937,2
17/11/2017 18:20:29.865,0.102539,0.292969,0.332031,0.107422,0.410156,1.210937,2
17/11/2017 18:20:30.863,0.102539,0.288086,0.332031,0.107422,0.410156,1.210937,2
17/11/2017 18:20:31.863,0.102539,0.288086,0.332031,0.107422,0.410156,1.210937,2
17/11/2017 18:20:32.867,0.102539,0.288086,0.332031,0.107422,0.410156,1.210937,2
17/11/2017 18:20:33.866,0.102539,0.292969,0.332031,0.107422,0.410156,1.210937,2
17/11/2017 18:20:34.866,0.102539,0.288086,0.332031,0.107422,0.410156,1.210937,2
17/11/2017 18:20:35.864,0.102539,0.288086,0.332031,0.107422,0.410156,1.206055,2
17/11/2017 18:20:36.869,0.102539,0.288086,0.332031,0.107422,0.410156,1.210937,2
17/11/2017 18:20:37.867,0.102539,0.288086,0.332031,0.107422,0.410156,1.210937,2
17/11/2017 18:20:38.867,0.102539,0.288086,0.332031,0.107422,0.410156,1.210937,2
17/11/2017 18:20:39.870,0.102539,0.288086,0.332031,0.107422,0.410156,1.210937,2
17/11/2017 18:20:40.869,0.102539,0.288086,0.332031,0.107422,0.410156,1.210937,2
17/11/2017 18:20:41.870,0.102539,0.288086,0.332031,0.107422,0.410156,1.210937,2
17/11/2017 18:20:42.868,0.102539,0.288086,0.332031,0.107422,0.410156,1.210937,2
17/11/2017 18:20:43.872,0.102539,0.288086,0.332031,0.107422,0.410156,1.206055,2
17/11/2017 18:20:44.871,0.102539,0.288086,0.332031,0.107422,0.410156,1.210937,2
17/11/2017 18:20:45.871,0.102539,0.288086,0.332031,0.107422,0.410156,1.206055,2
17/11/2017 18:20:46.870,0.102539,0.288086,0.332031,0.107422,0.410156,1.206055,2
17/11/2017 18:20:47.869,0.102539,0.288086,0.332031,0.107422,0.410156,1.206055,2
17/11/2017 18:20:48.869,0.102539,0.288086,0.332031,0.107422,0.410156,1.206055,2
17/11/2017 18:20:49.873,0.102539,0.288086,0.332031,0.107422,0.410156,1.206055,2
17/11/2017 18:20:50.871,0.102539,0.292969,0.332031,0.107422,0.410156,1.206055,2
17/11/2017 18:20:51.870,0.102539,0.288086,0.332031,0.107422,0.410156,1.206055,2
17/11/2017 18:20:52.871,0.102539,0.288086,0.332031,0.107422,0.410156,1.206055,2
17/11/2017 18:20:53.870,0.102539,0.288086,0.332031,0.107422,0.410156,1.206055,2
17/11/2017 18:20:54.870,0.102539,0.288086,0.332031,0.107422,0.410156,1.206055,2
17/11/2017 18:20:55.873,0.102539,0.288086,0.332031,0.107422,0.410156,1.206055,2
17/11/2017 18:20:56.872,0.102539,0.288086,0.332031,0.107422,0.410156,1.206055,2
17/11/2017 18:20:57.871,0.102539,0.288086,0.332031,0.107422,0.410156,1.206055,2
17/11/2017 18:20:58.875,0.102539,0.288086,0.332031,0.107422,0.410156,1.201172,2
17/11/2017 18:20:59.875,0.102539,0.288086,0.332031,0.107422,0.410156,1.206055,2
17/11/2017 18:21:00.874,0.102539,0.288086,0.332031,0.107422,0.410156,1.201172,2
17/11/2017 18:21:01.872,0.102539,0.288086,0.332031,0.107422,0.410156,1.206055,2
17/11/2017 18:21:02.872,0.102539,0.288086,0.332031,0.107422,0.410156,1.201172,2
17/11/2017 18:21:03.871,0.102539,0.288086,0.332031,0.107422,0.410156,1.201172,2
17/11/2017 18:21:04.875,0.102539,0.288086,0.332031,0.107422,0.410156,1.206055,2
17/11/2017 18:21:05.874,0.102539,0.288086,0.332031,0.107422,0.410156,1.206055,2
17/11/2017 18:21:06.873,0.102539,0.288086,0.332031,0.107422,0.410156,1.206055,2
17/11/2017 18:21:07.874,0.102539,0.288086,0.332031,0.107422,0.410156,1.206055,2
17/11/2017 18:21:08.873,0.102539,0.288086,0.332031,0.107422,0.410156,1.206055,2
17/11/2017 18:21:09.876,0.102539,0.288086,0.332031,0.107422,0.410156,1.201172,2
17/11/2017 18:21:10.875,0.102539,0.288086,0.332031,0.107422,0.410156,1.201172,2
17/11/2017 18:21:11.876,0.102539,0.288086,0.332031,0.107422,0.410156,1.201172,2
17/11/2017 18:21:12.878,0.102539,0.288086,0.332031,0.107422,0.410156,1.201172,2
17/11/2017 18:21:13.877,0.102539,0.288086,0.332031,0.107422,0.410156,1.201172,2
17/11/2017 18:21:14.878,0.102539,0.288086,0.332031,0.107422,0.410156,1.201172,2
17/11/2017 18:21:15.876,0.107422,0.288086,0.332031,0.107422,0.410156,1.201172,2
17/11/2017 18:21:16.876,0.102539,0.288086,0.332031,0.107422,0.410156,1.201172,2
17/11/2017 18:21:17.874,0.102539,0.288086,0.332031,0.107422,0.410156,1.201172,2
17/11/2017 18:21:18.878,0.102539,0.288086,0.332031,0.107422,0.410156,1.201172,2
17/11/2017 18:21:19.878,0.102539,0.288086,0.332031,0.107422,0.410156,1.201172,2
17/11/2017 18:21:20.877,0.102539,0.288086,0.332031,0.107422,0.410156,1.201172,2
17/11/2017 18:21:21.882,0.102539,0.288086,0.332031,0.107422,0.410156,1.201172,2
17/11/2017 18:21:22.880,0.102539,0.288086,0.332031,0.107422,0.410156,1.201172,2
17/11/2017 18:21:23.880,0.102539,0.288086,0.332031,0.107422,0.410156,1.201172,2
17/11/2017 18:21:24.878,0.102539,0.288086,0.332031,0.112305,0.410156,1.201172,2
17/11/2017 18:21:25.881,0.107422,0.288086,0.332031,0.107422,0.410156,1.201172,2
17/11/2017 18:21:26.882,0.102539,0.288086,0.332031,0.107422,0.410156,1.201172,2
17/11/2017 18:21:27.881,0.102539,0.288086,0.332031,0.107422,0.410156,1.201172,2
17/11/2017 18:21:28.881,0.102539,0.288086,0.332031,0.107422,0.410156,1.201172,2
17/11/2017 18:21:29.879,0.102539,0.288086,0.332031,0.107422,0.410156,1.201172,2
17/11/2017 18:21:30.885,0.107422,0.288086,0.332031,0.107422,0.410156,1.196289,2
17/11/2017 18:21:31.883,0.102539,0.288086,0.332031,0.107422,0.410156,1.201172,2
17/11/2017 18:21:32.882,0.102539,0.288086,0.332031,0.107422,0.410156,1.196289,2
17/11/2017 18:21:33.882,0.102539,0.288086,0.332031,0.107422,0.410156,1.201172,2
17/11/2017 18:21:34.885,0.102539,0.288086,0.336914,0.107422,0.410156,1.201172,2
17/11/2017 18:21:35.885,0.102539,0.288086,0.332031,0.107422,0.410156,1.196289,2
17/11/2017 18:21:36.884,0.102539,0.288086,0.336914,0.107422,0.410156,1.196289,2
17/11/2017 18:21:37.883,0.102539,0.288086,0.332031,0.107422,0.410156,1.196289,2
17/11/2017 18:21:38.883,0.102539,0.288086,0.336914,0.107422,0.410156,1.201172,2
17/11/2017 18:21:39.881,0.102539,0.288086,0.336914,0.107422,0.410156,1.196289,2
17/11/2017 18:21:40.881,0.102539,0.288086,0.332031,0.107422,0.410156,1.196289,2
17/11/2017 18:21:41.884,0.102539,0.288086,0.332031,0.107422,0.410156,1.196289,2
17/11/2017 18:21:42.885,0.102539,0.288086,0.336914,0.107422,0.410156,1.196289,2
17/11/2017 18:21:43.883,0.102539,0.288086,0.336914,0.107422,0.410156,1.196289,2
17/11/2017 18:21:44.884,0.102539,0.288086,0.332031,0.107422,0.410156,1.196289,2
17/11/2017 18:21:45.887,0.102539,0.288086,0.332031,0.107422,0.410156,1.196289,2
17/11/2017 18:21:46.885,0.107422,0.288086,0.332031,0.107422,0.410156,1.196289,2
17/11/2017 18:21:47.885,0.102539,0.288086,0.332031,0.107422,0.410156,1.196289,2
17/11/2017 18:21:48.885,0.102539,0.288086,0.336914,0.107422,0.410156,1.201172,2
17/11/2017 18:21:49.889,0.102539,0.288086,0.336914,0.107422,0.410156,1.196289,2
17/11/2017 18:21:50.888,0.107422,0.288086,0.336914,0.107422,0.410156,1.196289,2
17/11/2017 18:21:51.886,0.107422,0.288086,0.336914,0.107422,0.410156,1.196289,2
17/11/2017 18:21:52.886,0.102539,0.288086,0.336914,0.107422,0.410156,1.196289,2
17/11/2017 18:21:53.885,0.102539,0.288086,0.336914,0.107422,0.410156,1.196289,2
17/11/2017 18:21:54.889,0.102539,0.288086,0.332031,0.107422,0.410156,1.196289,2
17/11/2017 18:21:55.887,0.102539,0.288086,0.336914,0.107422,0.410156,1.196289,2
17/11/2017 18:21:56.888,0.107422,0.288086,0.336914,0.107422,0.410156,1.196289,2
17/11/2017 18:21:57.886,0.102539,0.288086,0.332031,0.107422,0.410156,1.196289,2
17/11/2017 18:21:58.890,0.102539,0.288086,0.336914,0.107422,0.410156,1.196289,2
17/11/2017 18:21:59.890,0.107422,0.288086,0.336914,0.107422,0.410156,1.196289,2
17/11/2017 18:22:00.889,0.102539,0.288086,0.332031,0.107422,0.410156,1.196289,2
17/11/2017 18:22:01.893,0.102539,0.288086,0.336914,0.107422,0.410156,1.196289,2
17/11/2017 18:22:02.892,0.107422,0.288086,0.336914,0.107422,0.410156,1.196289,2
17/11/2017 18:22:03.890,0.107422,0.288086,0.336914,0.107422,0.410156,1.196289,2
17/11/2017 18:22:04.890,0.102539,0.288086,0.336914,0.107422,0.410156,1.196289,2
17/11/2017 18:22:05.893,0.107422,0.288086,0.336914,0.107422,0.410156,1.196289,2
17/11/2017 18:22:06.893,0.102539,0.288086,0.336914,0.107422,0.410156,1.196289,2
17/11/2017 18:22:07.892,0.102539,0.288086,0.336914,0.107422,0.410156,1.196289,2
17/11/2017 18:22:08.892,0.107422,0.288086,0.336914,0.107422,0.410156,1.196289,2
17/11/2017 18:22:09.891,0.107422,0.288086,0.336914,0.107422,0.410156,1.196289,2
17/11/2017 18:22:10.890,0.107422,0.288086,0.336914,0.107422,0.410156,1.196289,2
17/11/2017 18:22:11.895,0.107422,0.288086,0.336914,0.107422,0.410156,1.196289,2
17/11/2017 18:22:12.894,0.102539,0.288086,0.336914,0.107422,0.410156,1.196289,2
17/11/2017 18:22:13.893,0.107422,0.288086,0.336914,0.112305,0.410156,1.196289,2
17/11/2017 18:22:14.893,0.107422,0.288086,0.336914,0.107422,0.410156,1.196289,2
17/11/2017 18:22:15.891,0.102539,0.288086,0.336914,0.107422,0.415039,1.196289,2
17/11/2017 18:22:16.892,0.102539,0.288086,0.336914,0.107422,0.410156,1.196289,2
17/11/2017 18:22:17.895,0.102539,0.288086,0.336914,0.107422,0.410156,1.196289,2
17/11/2017 18:22:18.894,0.102539,0.288086,0.336914,0.107422,0.410156,1.196289,2
17/11/2017 18:22:19.893,0.107422,0.288086,0.336914,0.107422,0.410156,1.196289,2
17/11/2017 18:22:20.892,0.107422,0.288086,0.336914,0.107422,0.410156,1.196289,2
17/11/2017 18:22:21.891,0.102539,0.288086,0.336914,0.107422,0.415039,1.191406,2
17/11/2017 18:22:22.895,0.107422,0.288086,0.336914,0.107422,0.410156,1.191406,2
17/11/2017 18:22:23.895,0.102539,0.288086,0.336914,0.107422,0.410156,1.191406,2
17/11/2017 18:22:24.895,0.102539,0.288086,0.336914,0.107422,0.410156,1.191406,2
17/11/2017 18:22:25.893,0.102539,0.288086,0.336914,0.107422,0.410156,1.191406,2
17/11/2017 18:22:26.893,0.107422,0.288086,0.336914,0.107422,0.410156,1.191406,2
17/11/2017 18:22:27.897,0.102539,0.288086,0.336914,0.107422,0.410156,1.191406,2
17/11/2017 18:22:28.895,0.102539,0.288086,0.336914,0.107422,0.410156,1.191406,2
17/11/2017 18:22:29.896,0.107422,0.288086,0.336914,0.107422,0.410156,1.191406,2
17/11/2017 18:22:30.894,0.102539,0.288086,0.336914,0.107422,0.410156,1.196289,2
17/11/2017 18:22:31.893,0.102539,0.288086,0.336914,0.107422,0.410156,1.191406,2
17/11/2017 18:22:32.898,0.102539,0.288086,0.336914,0.107422,0.410156,1.196289,2
17/11/2017 18:22:33.897,0.102539,0.288086,0.336914,0.107422,0.415039,1.191406,2
17/11/2017 18:22:34.895,0.102539,0.288086,0.336914,0.107422,0.410156,1.191406,2
17/11/2017 18:22:35.895,0.102539,0.288086,0.336914,0.107422,0.410156,1.196289,2
17/11/2017 18:22:36.894,0.107422,0.288086,0.336914,0.107422,0.410156,1.191406,2
17/11/2017 18:22:37.894,0.102539,0.288086,0.336914,0.112305,0.410156,1.191406,2
17/11/2017 18:22:38.897,0.107422,0.288086,0.336914,0.107422,0.410156,1.191406,2
17/11/2017 18:22:39.898,0.102539,0.288086,0.336914,0.107422,0.415039,1.191406,2
17/11/2017 18:22:40.896,0.102539,0.288086,0.336914,0.107422,0.415039,1.191406,2
17/11/2017 18:22:41.895,0.107422,0.288086,0.336914,0.107422,0.410156,1.191406,2
17/11/2017 18:22:42.899,0.102539,0.288086,0.336914,0.107422,0.415039,1.191406,2
17/11/2017 18:22:43.898,0.107422,0.288086,0.336914,0.107422,0.415039,1.191406,2
17/11/2017 18:22:44.902,0.102539,0.288086,0.336914,0.107422,0.415039,1.191406,2
17/11/2017 18:22:45.900,0.107422,0.288086,0.336914,0.107422,0.415039,1.191406,2
17/11/2017 18:22:46.901,0.102539,0.288086,0.336914,0.107422,0.415039,1.191406,2
17/11/2017 18:22:47.899,0.102539,0.288086,0.336914,0.107422,0.410156,1.191406,2
17/11/2017 18:22:48.899,0.107422,0.288086,0.336914,0.107422,0.410156,1.191406,2
17/11/2017 18:22:49.899,0.107422,0.288086,0.336914,0.107422,0.410156,1.191406,2
17/11/2017 18:22:50.902,0.107422,0.288086,0.336914,0.107422,0.410156,1.191406,2
17/11/2017 18:22:51.902,0.107422,0.288086,0.336914,0.107422,0.410156,1.191406,2
17/11/2017 18:22:52.901,0.107422,0.288086,0.336914,0.107422,0.415039,1.191406,2
17/11/2017 18:22:53.899,0.102539,0.288086,0.336914,0.107422,0.410156,1.191406,2
17/11/2017 18:22:54.899,0.102539,0.288086,0.336914,0.107422,0.415039,1.191406,2
17/11/2017 18:22:55.902,0.102539,0.288086,0.336914,0.107422,0.415039,1.191406,2
17/11/2017 18:22:56.903,0.102539,0.288086,0.336914,0.107422,0.415039,1.191406,2
17/11/2017 18:22:57.901,0.107422,0.288086,0.336914,0.107422,0.415039,1.191406,2
17/11/2017 18:22:58.901,0.102539,0.288086,0.336914,0.107422,0.410156,1.191406,2
17/11/2017 18:22:59.901,0.107422,0.288086,0.336914,0.107422,0.415039,1.191406,2
17/11/2017 18:23:00.903,0.102539,0.288086,0.336914,0.107422,0.415039,1.191406,2
17/11/2017 18:23:01.904,0.107422,0.288086,0.336914,0.107422,0.415039,1.191406,2
17/11/2017 18:23:02.902,0.102539,0.288086,0.336914,0.107422,0.410156,1.191406,2
17/11/2017 18:23:03.906,0.107422,0.288086,0.336914,0.107422,0.410156,1.191406,2
17/11/2017 18:23:04.906,0.107422,0.288086,0.336914,0.107422,0.415039,1.191406,2
17/11/2017 18:23:05.905,0.102539,0.288086,0.336914,0.107422,0.415039,1.191406,2
17/11/2017 18:23:06.905,0.107422,0.288086,0.336914,0.107422,0.415039,1.191406,2
17/11/2017 18:23:07.903,0.102539,0.288086,0.336914,0.107422,0.415039,1.191406,2
17/11/2017 18:23:08.908,0.107422,0.288086,0.336914,0.107422,0.410156,1.191406,2
17/11/2017 18:23:09.907,0.107422,0.288086,0.336914,0.107422,0.410156,1.191406,2
17/11/2017 18:23:10.906,0.107422,0.288086,0.336914,0.107422,0.415039,1.191406,2
17/11/2017 18:23:11.905,0.107422,0.288086,0.336914,0.107422,0.410156,1.191406,2
17/11/2017 18:23:12.904,0.107422,0.288086,0.336914,0.107422,0.415039,1.191406,2
17/11/2017 18:23:13.909,0.107422,0.288086,0.336914,0.107422,0.415039,1.191406,2
17/11/2017 18:23:14.908,0.107422,0.288086,0.336914,0.107422,0.410156,1.191406,2
17/11/2017 18:23:15.907,0.107422,0.288086,0.336914,0.112305,0.415039,1.191406,2
17/11/2017 18:23:16.906,0.102539,0.288086,0.336914,0.107422,0.415039,1.191406,2
17/11/2017 18:23:17.909,0.107422,0.288086,0.336914,0.107422,0.410156,1.191406,2
17/11/2017 18:23:18.909,0.107422,0.288086,0.336914,0.107422,0.415039,1.191406,2
17/11/2017 18:23:19.908,0.107422,0.288086,0.336914,0.107422,0.415039,1.191406,2
17/11/2017 18:23:20.908,0.107422,0.288086,0.336914,0.107422,0.415039,1.191406,2
17/11/2017 18:23:21.907,0.107422,0.288086,0.336914,0.107422,0.415039,1.191406,2
17/11/2017 18:23:22.907,0.107422,0.288086,0.336914,0.112305,0.410156,1.186523,2
17/11/2017 18:23:23.909,0.107422,0.288086,0.336914,0.107422,0.415039,1.191406,2
17/11/2017 18:23:24.909,0.107422,0.288086,0.336914,0.112305,0.415039,1.186523,2
17/11/2017 18:23:25.908,0.107422,0.288086,0.336914,0.107422,0.415039,1.191406,2
17/11/2017 18:23:26.912,0.107422,0.288086,0.336914,0.107422,0.415039,1.186523,2
17/11/2017 18:23:27.910,0.107422,0.288086,0.336914,0.107422,0.415039,1.186523,2
17/11/2017 18:23:28.910,0.102539,0.288086,0.336914,0.107422,0.415039,1.186523,2
17/11/2017 18:23:29.910,0.107422,0.288086,0.336914,0.107422,0.415039,1.186523,2
17/11/2017 18:23:30.910,0.107422,0.288086,0.336914,0.107422,0.415039,1.186523,2
17/11/2017 18:23:31.908,0.107422,0.288086,0.336914,0.107422,0.415039,1.186523,2
17/11/2017 18:23:32.912,0.107422,0.288086,0.336914,0.107422,0.415039,1.186523,2
17/11/2017 18:23:33.913,0.107422,0.288086,0.336914,0.107422,0.415039,1.186523,2
17/11/2017 18:23:34.915,0.107422,0.288086,0.336914,0.107422,0.415039,1.186523,2
17/11/2017 18:23:35.915,0.107422,0.288086,0.336914,0.107422,0.415039,1.186523,2
17/11/2017 18:23:36.915,0.107422,0.288086,0.336914,0.107422,0.415039,1.186523,2
17/11/2017 18:23:37.914,0.107422,0.288086,0.336914,0.107422,0.415039,1.186523,2
17/11/2017 18:23:38.916,0.107422,0.288086,0.336914,0.107422,0.415039,1.186523,2
17/11/2017 18:23:39.916,0.107422,0.288086,0.336914,0.107422,0.415039,1.186523,2
17/11/2017 18:23:40.915,0.107422,0.288086,0.336914,0.107422,0.415039,1.186523,2
17/11/2017 18:23:41.915,0.107422,0.288086,0.336914,0.107422,0.415039,1.186523,2
17/11/2017 18:23:42.918,0.107422,0.288086,0.336914,0.107422,0.415039,1.186523,2
17/11/2017 18:23:43.918,0.107422,0.288086,0.336914,0.107422,0.415039,1.186523,2
17/11/2017 18:23:44.917,0.107422,0.288086,0.336914,0.107422,0.415039,1.186523,2
17/11/2017 18:23:45.917,0.107422,0.288086,0.336914,0.107422,0.415039,1.186523,2
17/11/2017 18:23:46.917,0.107422,0.288086,0.336914,0.107422,0.415039,1.186523,2
17/11/2017 18:23:47.919,0.107422,0.288086,0.336914,0.107422,0.415039,1.186523,2
17/11/2017 18:23:48.920,0.107422,0.288086,0.336914,0.107422,0.415039,1.186523,2
17/11/2017 18:23:49.918,0.107422,0.288086,0.336914,0.107422,0.415039,1.186523,2
17/11/2017 18:23:50.922,0.107422,0.288086,0.336914,0.107422,0.415039,1.186523,2
17/11/2017 18:23:51.921,0.107422,0.288086,0.336914,0.107422,0.415039,1.186523,2
17/11/2017 18:23:52.920,0.107422,0.288086,0.336914,0.107422,0.415039,1.186523,2
17/11/2017 18:23:53.920,0.102539,0.288086,0.336914,0.107422,0.415039,1.186523,2
17/11/2017 18:23:54.919,0.107422,0.288086,0.336914,0.107422,0.415039,1.186523,2
17/11/2017 18:23:55.922,0.107422,0.288086,0.336914,0.112305,0.415039,1.186523,2
17/11/2017 18:23:56.921,0.107422,0.288086,0.336914,0.107422,0.415039,1.186523,2
17/11/2017 18:23:57.922,0.107422,0.288086,0.336914,0.107422,0.415039,1.186523,2
17/11/2017 18:23:58.921,0.107422,0.288086,0.336914,0.107422,0.415039,1.186523,2
17/11/2017 18:23:59.924,0.107422,0.288086,0.336914,0.107422,0.415039,1.186523,2
17/11/2017 18:24:00.923,0.107422,0.288086,0.336914,0.107422,0.415039,1.186523,2
17/11/2017 18:24:01.922,0.107422,0.288086,0.336914,0.107422,0.415039,1.186523,2
17/11/2017 18:24:02.926,0.107422,0.288086,0.336914,0.107422,0.415039,1.186523,2
17/11/2017 18:24:03.926,0.107422,0.288086,0.336914,0.107422,0.415039,1.186523,2
17/11/2017 18:24:04.926,0.107422,0.288086,0.336914,0.107422,0.415039,1.186523,2
17/11/2017 18:24:05.924,0.107422,0.288086,0.336914,0.112305,0.415039,1.186523,2
17/11/2017 18:24:06.924,0.107422,0.288086,0.336914,0.107422,0.415039,1.186523,2
17/11/2017 18:24:07.928,0.107422,0.288086,0.336914,0.107422,0.415039,1.186523,2
17/11/2017 18:24:08.926,0.107422,0.288086,0.336914,0.107422,0.415039,1.186523,2
17/11/2017 18:24:09.927,0.107422,0.288086,0.336914,0.107422,0.415039,1.186523,2
17/11/2017 18:24:10.926,0.107422,0.288086,0.336914,0.107422,0.415039,1.186523,2
17/11/2017 18:24:11.924,0.107422,0.288086,0.336914,0.107422,0.415039,1.186523,2
17/11/2017 18:24:12.923,0.107422,0.288086,0.336914,0.107422,0.415039,1.186523,2
17/11/2017 18:24:13.927,0.107422,0.288086,0.336914,0.112305,0.415039,1.186523,2
17/11/2017 18:24:14.926,0.107422,0.288086,0.336914,0.107422,0.415039,1.186523,2
17/11/2017 18:24:15.927,0.107422,0.288086,0.341797,0.107422,0.415039,1.186523,2
17/11/2017 18:24:16.926,0.107422,0.288086,0.336914,0.107422,0.415039,1.186523,2
17/11/2017 18:24:17.929,0.107422,0.288086,0.341797,0.107422,0.415039,1.186523,2
17/11/2017 18:24:18.928,0.107422,0.288086,0.336914,0.107422,0.415039,1.186523,2
17/11/2017 18:24:19.927,0.107422,0.288086,0.336914,0.107422,0.415039,1.186523,2
17/11/2017 18:24:20.927,0.107422,0.288086,0.336914,0.112305,0.415039,1.186523,2
17/11/2017 18:24:21.927,0.107422,0.288086,0.336914,0.107422,0.415039,1.186523,2
17/11/2017 18:24:22.931,0.107422,0.288086,0.341797,0.107422,0.415039,1.186523,2
17/11/2017 18:24:23.929,0.107422,0.288086,0.336914,0.107422,0.415039,1.186523,2
17/11/2017 18:24:24.929,0.107422,0.288086,0.341797,0.107422,0.415039,1.186523,2
17/11/2017 18:24:25.927,0.107422,0.288086,0.341797,0.107422,0.415039,1.186523,2
17/11/2017 18:24:26.926,0.107422,0.288086,0.336914,0.112305,0.415039,1.186523,2
17/11/2017 18:24:27.930,0.107422,0.288086,0.341797,0.112305,0.415039,1.186523,2
17/11/2017 18:24:28.929,0.107422,0.288086,0.336914,0.107422,0.415039,1.186523,2
17/11/2017 18:24:29.929,0.107422,0.288086,0.341797,0.107422,0.415039,1.186523,2
17/11/2017 18:24:30.929,0.107422,0.288086,0.336914,0.107422,0.415039,1.186523,2
17/11/2017 18:24:31.930,0.107422,0.288086,0.341797,0.107422,0.415039,1.186523,2
17/11/2017 18:24:32.928,0.107422,0.288086,0.336914,0.107422,0.415039,1.186523,2
17/11/2017 18:24:33.932,0.107422,0.288086,0.341797,0.112305,0.415039,1.186523,2
17/11/2017 18:24:34.931,0.107422,0.288086,0.341797,0.107422,0.415039,1.186523,2
17/11/2017 18:24:35.930,0.107422,0.288086,0.341797,0.107422,0.415039,1.186523,2
17/11/2017 18:24:36.933,0.107422,0.288086,0.341797,0.107422,0.415039,1.186523,2
17/11/2017 18:24:37.932,0.107422,0.288086,0.341797,0.107422,0.415039,1.186523,2
17/11/2017 18:24:38.933,0.107422,0.288086,0.341797,0.107422,0.415039,1.186523,2
17/11/2017 18:24:39.932,0.107422,0.288086,0.341797,0.107422,0.415039,1.186523,2
17/11/2017 18:24:40.935,0.107422,0.288086,0.341797,0.107422,0.415039,1.186523,2
17/11/2017 18:24:41.934,0.107422,0.288086,0.341797,0.112305,0.415039,1.186523,2
17/11/2017 18:24:42.933,0.107422,0.288086,0.341797,0.107422,0.415039,1.186523,2
17/11/2017 18:24:43.932,0.107422,0.288086,0.341797,0.107422,0.415039,1.186523,2
17/11/2017 18:24:44.935,0.107422,0.288086,0.341797,0.112305,0.415039,1.186523,2
17/11/2017 18:24:45.936,0.107422,0.288086,0.341797,0.107422,0.415039,1.186523,2
17/11/2017 18:24:46.936,0.107422,0.288086,0.341797,0.112305,0.415039,1.186523,2
17/11/2017 18:24:47.934,0.107422,0.288086,0.341797,0.107422,0.415039,1.186523,2
17/11/2017 18:24:48.939,0.107422,0.288086,0.341797,0.107422,0.415039,1.186523,2
17/11/2017 18:24:49.936,0.107422,0.288086,0.341797,0.107422,0.415039,1.186523,2
17/11/2017 18:24:50.936,0.107422,0.288086,0.341797,0.107422,0.415039,1.186523,2
17/11/2017 18:24:51.936,0.107422,0.288086,0.341797,0.107422,0.415039,1.181641,2
17/11/2017 18:24:52.939,0.107422,0.288086,0.341797,0.107422,0.415039,1.181641,2
17/11/2017 18:24:53.940,0.107422,0.288086,0.341797,0.112305,0.415039,1.181641,2
17/11/2017 18:24:54.937,0.107422,0.288086,0.341797,0.107422,0.415039,1.181641,2
17/11/2017 18:24:55.938,0.107422,0.288086,0.341797,0.112305,0.415039,1.181641,2
17/11/2017 18:24:56.941,0.107422,0.288086,0.336914,0.107422,0.415039,1.181641,2
17/11/2017 18:24:57.940,0.107422,0.283203,0.336914,0.107422,0.410156,1.181641,2
17/11/2017 18:24:58.941,0.107422,0.27832,0.336914,0.107422,0.405273,1.176758,2
17/11/2017 18:24:59.938,0.107422,0.273437,0.336914,0.107422,0.405273,1.171875,2
17/11/2017 18:25:00.942,0.107422,0.268555,0.336914,0.107422,0.400391,1.171875,2
17/11/2017 18:25:01.941,0.107422,0.268555,0.332031,0.107422,0.400391,1.166992,2
17/11/2017 18:25:02.942,0.107422,0.263672,0.332031,0.107422,0.400391,1.157227,2
17/11/2017 18:25:03.941,0.107422,0.258789,0.327148,0.107422,0.395508,1.152344,2
17/11/2017 18:25:04.943,0.107422,0.258789,0.327148,0.107422,0.395508,1.147461,2
17/11/2017 18:25:05.943,0.107422,0.258789,0.327148,0.107422,0.395508,1.142578,2
17/11/2017 18:25:06.942,0.107422,0.253906,0.322266,0.107422,0.395508,1.132812,2
17/11/2017 18:25:07.942,0.107422,0.253906,0.322266,0.107422,0.395508,1.12793,2
17/11/2017 18:25:08.941,0.107422,0.249023,0.317383,0.107422,0.395508,1.123047,2
17/11/2017 18:25:09.940,0.107422,0.249023,0.317383,0.107422,0.395508,1.118164,2
17/11/2017 18:25:10.940,0.107422,0.244141,0.317383,0.107422,0.395508,1.108398,2
17/11/2017 18:25:11.944,0.107422,0.244141,0.3125,0.107422,0.395508,1.103516,2
17/11/2017 18:25:12.943,0.107422,0.244141,0.3125,0.107422,0.390625,1.098633,2
17/11/2017 18:25:13.942,0.107422,0.239258,0.307617,0.107422,0.390625,1.09375,2
17/11/2017 18:25:14.947,0.107422,0.239258,0.307617,0.107422,0.390625,1.083984,2
17/11/2017 18:25:15.945,0.107422,0.239258,0.307617,0.107422,0.390625,1.079102,2
17/11/2017 18:25:16.945,0.107422,0.234375,0.307617,0.107422,0.390625,1.074219,2
17/11/2017 18:25:17.949,0.107422,0.234375,0.302734,0.107422,0.390625,1.069336,2
17/11/2017 18:25:18.947,0.107422,0.234375,0.302734,0.107422,0.390625,1.064453,2
17/11/2017 18:25:19.948,0.107422,0.229492,0.302734,0.107422,0.390625,1.05957,2
17/11/2017 18:25:20.945,0.107422,0.229492,0.302734,0.107422,0.390625,1.054687,2
17/11/2017 18:25:21.946,0.107422,0.229492,0.297852,0.107422,0.390625,1.049805,2
17/11/2017 18:25:22.948,0.102539,0.229492,0.297852,0.102539,0.390625,1.044922,2
17/11/2017 18:25:23.949,0.102539,0.229492,0.297852,0.107422,0.385742,1.040039,2
17/11/2017 18:25:24.952,0.107422,0.224609,0.297852,0.102539,0.390625,1.035156,2
17/11/2017 18:25:25.951,0.107422,0.224609,0.292969,0.107422,0.385742,1.030273,2
17/11/2017 18:25:26.950,0.102539,0.224609,0.292969,0.102539,0.385742,1.025391,2
17/11/2017 18:25:27.950,0.107422,0.224609,0.292969,0.107422,0.385742,1.020508,2
17/11/2017 18:25:28.953,0.107422,0.219727,0.292969,0.102539,0.385742,1.015625,2
17/11/2017 18:25:29.952,0.102539,0.219727,0.292969,0.102539,0.385742,1.015625,2
17/11/2017 18:25:30.952,0.102539,0.219727,0.288086,0.102539,0.385742,1.010742,2
17/11/2017 18:25:31.953,0.102539,0.219727,0.288086,0.102539,0.385742,1.005859,2
17/11/2017 18:25:32.952,0.102539,0.219727,0.288086,0.102539,0.385742,1.005859,2
17/11/2017 18:25:33.951,0.102539,0.214844,0.288086,0.102539,0.385742,1.000977,2
17/11/2017 18:25:34.955,0.102539,0.214844,0.288086,0.102539,0.385742,0.996094,2
17/11/2017 18:25:35.953,0.102539,0.214844,0.283203,0.102539,0.385742,0.996094,2
17/11/2017 18:25:36.952,0.102539,0.214844,0.288086,0.102539,0.385742,0.991211,2
17/11/2017 18:25:37.953,0.102539,0.214844,0.283203,0.102539,0.385742,0.986328,2
17/11/2017 18:25:38.955,0.102539,0.209961,0.283203,0.102539,0.385742,0.986328,2
17/11/2017 18:25:39.955,0.102539,0.209961,0.283203,0.102539,0.380859,0.981445,2
17/11/2017 18:25:40.953,0.102539,0.209961,0.283203,0.102539,0.380859,0.981445,2
17/11/2017 18:25:41.954,0.102539,0.209961,0.283203,0.102539,0.380859,0.976562,2
17/11/2017 18:25:42.954,0.102539,0.209961,0.283203,0.102539,0.380859,0.976562,2
17/11/2017 18:25:43.957,0.102539,0.209961,0.283203,0.102539,0.380859,0.97168,2
17/11/2017 18:25:44.955,0.102539,0.209961,0.27832,0.102539,0.380859,0.97168,2
17/11/2017 18:25:45.955,0.102539,0.209961,0.27832,0.102539,0.380859,0.966797,2
17/11/2017 18:25:46.954,0.102539,0.205078,0.27832,0.102539,0.380859,0.966797,2
17/11/2017 18:25:47.954,0.102539,0.205078,0.27832,0.102539,0.380859,0.961914,2
17/11/2017 18:25:48.957,0.102539,0.205078,0.27832,0.102539,0.380859,0.961914,2
17/11/2017 18:25:49.957,0.102539,0.205078,0.27832,0.102539,0.380859,0.961914,2
17/11/2017 18:25:50.956,0.102539,0.205078,0.27832,0.102539,0.380859,0.957031,2
17/11/2017 18:25:51.954,0.102539,0.205078,0.27832,0.102539,0.380859,0.957031,2
17/11/2017 18:25:52.955,0.102539,0.200195,0.27832,0.102539,0.380859,0.952148,2
17/11/2017 18:25:53.957,0.102539,0.200195,0.27832,0.102539,0.380859,0.952148,2
17/11/2017 18:25:54.957,0.102539,0.200195,0.27832,0.102539,0.380859,0.952148,2
17/11/2017 18:25:55.957,0.102539,0.200195,0.27832,0.102539,0.380859,0.947266,2
17/11/2017 18:25:56.961,0.102539,0.200195,0.273437,0.102539,0.380859,0.947266,2
17/11/2017 18:25:57.960,0.102539,0.200195,0.273437,0.102539,0.380859,0.947266,2
17/11/2017 18:25:58.960,0.102539,0.200195,0.273437,0.102539,0.380859,0.942383,2
17/11/2017 18:25:59.959,0.102539,0.200195,0.273437,0.102539,0.375977,0.942383,2
17/11/2017 18:26:00.958,0.102539,0.200195,0.273437,0.102539,0.375977,0.942383,2
17/11/2017 18:26:01.962,0.102539,0.200195,0.273437,0.102539,0.380859,0.9375,2
17/11/2017 18:26:02.961,0.102539,0.200195,0.273437,0.102539,0.375977,0.9375,2
17/11/2017 18:26:03.960,0.102539,0.200195,0.273437,0.102539,0.375977,0.9375,2
17/11/2017 18:26:04.959,0.102539,0.195312,0.273437,0.102539,0.375977,0.9375,2
17/11/2017 18:26:05.959,0.102539,0.195312,0.273437,0.102539,0.375977,0.932617,2
17/11/2017 18:26:06.958,0.102539,0.195312,0.273437,0.102539,0.375977,0.932617,2
17/11/2017 18:26:07.957,0.102539,0.195312,0.273437,0.102539,0.375977,0.932617,2
17/11/2017 18:26:08.961,0.102539,0.195312,0.268555,0.102539,0.375977,0.932617,2
17/11/2017 18:26:09.960,0.102539,0.195312,0.273437,0.102539,0.375977,0.927734,2
17/11/2017 18:26:10.960,0.102539,0.195312,0.268555,0.102539,0.375977,0.927734,2
17/11/2017 18:26:11.959,0.102539,0.195312,0.273437,0.102539,0.375977,0.927734,2
17/11/2017 18:26:12.958,0.102539,0.195312,0.268555,0.102539,0.375977,0.927734,2
17/11/2017 18:26:13.961,0.102539,0.195312,0.268555,0.102539,0.375977,0.922852,2
17/11/2017 18:26:14.960,0.102539,0.195312,0.268555,0.102539,0.375977,0.922852,2
17/11/2017 18:26:15.961,0.102539,0.195312,0.268555,0.102539,0.375977,0.922852,2
17/11/2017 18:26:16.963,0.102539,0.19043,0.268555,0.097656,0.375977,0.922852,2
17/11/2017 18:26:17.964,0.102539,0.19043,0.268555,0.102539,0.375977,0.922852,2
17/11/2017 18:26:18.964,0.102539,0.19043,0.268555,0.102539,0.375977,0.922852,2
17/11/2017 18:26:19.963,0.102539,0.19043,0.268555,0.102539,0.375977,0.917969,2
17/11/2017 18:26:20.961,0.102539,0.19043,0.268555,0.097656,0.375977,0.917969,2
17/11/2017 18:26:21.961,0.102539,0.19043,0.268555,0.097656,0.375977,0.917969,2
17/11/2017 18:26:22.965,0.102539,0.19043,0.268555,0.097656,0.375977,0.917969,2
17/11/2017 18:26:23.963,0.102539,0.19043,0.268555,0.102539,0.375977,0.917969,2
17/11/2017 18:26:24.963,0.102539,0.19043,0.268555,0.102539,0.375977,0.917969,2
17/11/2017 18:26:25.966,0.102539,0.19043,0.268555,0.097656,0.375977,0.913086,2
17/11/2017 18:26:26.966,0.102539,0.19043,0.268555,0.102539,0.375977,0.913086,2
17/11/2017 18:26:27.966,0.102539,0.19043,0.268555,0.097656,0.375977,0.913086,2
17/11/2017 18:26:28.966,0.102539,0.19043,0.268555,0.097656,0.375977,0.913086,2
17/11/2017 18:26:29.963,0.102539,0.185547,0.268555,0.097656,0.375977,0.913086,2
17/11/2017 18:26:30.967,0.102539,0.185547,0.268555,0.097656,0.375977,0.913086,2
17/11/2017 18:26:31.966,0.102539,0.185547,0.268555,0.097656,0.371094,0.908203,2
17/11/2017 18:26:32.966,0.102539,0.185547,0.263672,0.097656,0.375977,0.908203,2
17/11/2017 18:26:33.965,0.102539,0.185547,0.263672,0.097656,0.375977,0.908203,2
17/11/2017 18:26:34.968,0.102539,0.185547,0.263672,0.097656,0.375977,0.908203,2
17/11/2017 18:26:35.969,0.102539,0.185547,0.268555,0.097656,0.371094,0.908203,2
17/11/2017 18:26:36.971,0.102539,0.185547,0.263672,0.097656,0.371094,0.908203,2
17/11/2017 18:26:37.972,0.102539,0.185547,0.263672,0.097656,0.371094,0.908203,2
17/11/2017 18:26:38.971,0.102539,0.185547,0.263672,0.097656,0.371094,0.908203,2
17/11/2017 18:26:39.970,0.102539,0.185547,0.263672,0.097656,0.371094,0.908203,2
17/11/2017 18:26:40.969,0.102539,0.185547,0.263672,0.097656,0.371094,0.908203,2
17/11/2017 18:26:41.969,0.102539,0.185547,0.263672,0.097656,0.371094,0.90332,2
17/11/2017 18:26:42.973,0.102539,0.185547,0.263672,0.097656,0.371094,0.90332,2
17/11/2017 18:26:43.972,0.102539,0.185547,0.263672,0.097656,0.371094,0.90332,2
17/11/2017 18:26:44.971,0.102539,0.180664,0.263672,0.097656,0.371094,0.90332,2
17/11/2017 18:26:45.971,0.102539,0.185547,0.263672,0.097656,0.371094,0.90332,2
17/11/2017 18:26:46.970,0.102539,0.180664,0.263672,0.097656,0.371094,0.90332,2
17/11/2017 18:26:47.973,0.102539,0.180664,0.263672,0.097656,0.371094,0.90332,2
17/11/2017 18:26:48.972,0.102539,0.180664,0.263672,0.097656,0.371094,0.90332,2
17/11/2017 18:26:49.972,0.102539,0.180664,0.263672,0.097656,0.371094,0.90332,2
17/11/2017 18:26:50.975,0.102539,0.180664,0.263672,0.097656,0.371094,0.90332,2
17/11/2017 18:26:51.975,0.102539,0.180664,0.263672,0.097656,0.371094,0.898437,2
17/11/2017 18:26:52.973,0.102539,0.180664,0.263672,0.097656,0.371094,0.898437,2
17/11/2017 18:26:53.974,0.102539,0.180664,0.263672,0.097656,0.371094,0.898437,2
17/11/2017 18:26:54.977,0.102539,0.180664,0.263672,0.097656,0.371094,0.898437,2
17/11/2017 18:26:55.975,0.102539,0.180664,0.263672,0.097656,0.371094,0.898437,2
17/11/2017 18:26:56.976,0.102539,0.180664,0.263672,0.097656,0.371094,0.898437,2
17/11/2017 18:26:57.975,0.102539,0.180664,0.263672,0.097656,0.371094,0.898437,2
17/11/2017 18:26:58.978,0.102539,0.180664,0.263672,0.097656,0.371094,0.898437,2
17/11/2017 18:26:59.979,0.102539,0.180664,0.263672,0.097656,0.371094,0.898437,2
17/11/2017 18:27:00.978,0.102539,0.180664,0.263672,0.097656,0.371094,0.898437,2
17/11/2017 18:27:01.977,0.102539,0.180664,0.263672,0.097656,0.371094,0.898437,2
17/11/2017 18:27:02.976,0.102539,0.180664,0.263672,0.097656,0.371094,0.898437,2
17/11/2017 18:27:03.979,0.102539,0.180664,0.263672,0.097656,0.371094,0.893555,2
17/11/2017 18:27:04.978,0.102539,0.180664,0.263672,0.097656,0.371094,0.893555,2
17/11/2017 18:27:05.978,0.097656,0.180664,0.263672,0.097656,0.371094,0.893555,2
17/11/2017 18:27:06.979,0.102539,0.180664,0.263672,0.097656,0.371094,0.893555,2
17/11/2017 18:27:07.977,0.102539,0.180664,0.263672,0.097656,0.371094,0.893555,2
17/11/2017 18:27:08.977,0.097656,0.180664,0.263672,0.097656,0.371094,0.893555,2
17/11/2017 18:27:09.980,0.102539,0.175781,0.263672,0.097656,0.371094,0.893555,2
17/11/2017 18:27:10.978,0.102539,0.175781,0.258789,0.097656,0.371094,0.893555,2
17/11/2017 18:27:11.978,0.102539,0.175781,0.263672,0.097656,0.371094,0.893555,2
17/11/2017 18:27:12.983,0.097656,0.175781,0.263672,0.097656,0.371094,0.893555,2
17/11/2017 18:27:13.981,0.097656,0.175781,0.263672,0.097656,0.371094,0.893555,2
17/11/2017 18:27:14.979,0.097656,0.175781,0.263672,0.097656,0.371094,0.893555,2
17/11/2017 18:27:15.980,0.097656,0.175781,0.263672,0.097656,0.371094,0.893555,2
17/11/2017 18:27:16.984,0.102539,0.175781,0.258789,0.097656,0.371094,0.893555,2
17/11/2017 18:27:17.982,0.102539,0.175781,0.263672,0.097656,0.371094,0.893555,2
17/11/2017 18:27:18.982,0.102539,0.175781,0.263672,0.097656,0.371094,0.893555,2
17/11/2017 18:27:19.981,0.097656,0.175781,0.263672,0.097656,0.371094,0.893555,2
17/11/2017 18:27:20.985,0.097656,0.175781,0.258789,0.097656,0.371094,0.893555,2
17/11/2017 18:27:21.983,0.097656,0.175781,0.263672,0.097656,0.371094,0.893555,2
17/11/2017 18:27:22.983,0.102539,0.175781,0.263672,0.097656,0.371094,0.893555,2
17/11/2017 18:27:23.982,0.097656,0.175781,0.263672,0.097656,0.371094,0.893555,2
17/11/2017 18:27:24.986,0.097656,0.175781,0.263672,0.097656,0.371094,0.893555,2
17/11/2017 18:27:25.987,0.097656,0.175781,0.258789,0.097656,0.371094,0.893555,2
17/11/2017 18:27:26.985,0.097656,0.175781,0.258789,0.097656,0.371094,0.888672,2
17/11/2017 18:27:27.984,0.102539,0.175781,0.258789,0.097656,0.371094,0.893555,2
17/11/2017 18:27:28.985,0.097656,0.175781,0.258789,0.097656,0.371094,0.888672,2
17/11/2017 18:27:29.987,0.097656,0.175781,0.258789,0.097656,0.371094,0.888672,2
17/11/2017 18:27:30.987,0.097656,0.175781,0.258789,0.097656,0.371094,0.888672,2
17/11/2017 18:27:31.985,0.097656,0.175781,0.258789,0.097656,0.371094,0.888672,2
17/11/2017 18:27:32.989,0.097656,0.175781,0.258789,0.097656,0.371094,0.888672,2
17/11/2017 18:27:33.991,0.097656,0.175781,0.258789,0.097656,0.371094,0.888672,2
17/11/2017 18:27:34.988,0.102539,0.175781,0.258789,0.097656,0.371094,0.888672,2
17/11/2017 18:27:35.988,0.097656,0.175781,0.258789,0.097656,0.371094,0.888672,2
17/11/2017 18:27:36.991,0.097656,0.175781,0.258789,0.097656,0.371094,0.888672,2
17/11/2017 18:27:37.990,0.097656,0.175781,0.258789,0.097656,0.371094,0.888672,2
17/11/2017 18:27:38.991,0.097656,0.175781,0.258789,0.097656,0.371094,0.888672,2
17/11/2017 18:27:39.993,0.097656,0.175781,0.258789,0.097656,0.371094,0.888672,2
17/11/2017 18:27:40.994,0.102539,0.175781,0.258789,0.097656,0.371094,0.888672,2
17/11/2017 18:27:41.993,0.097656,0.175781,0.258789,0.097656,0.371094,0.888672,2
17/11/2017 18:27:42.992,0.097656,0.170898,0.258789,0.097656,0.371094,0.888672,2
17/11/2017 18:27:43.995,0.097656,0.175781,0.258789,0.097656,0.371094,0.888672,2
17/11/2017 18:27:44.994,0.097656,0.170898,0.258789,0.097656,0.371094,0.888672,2
17/11/2017 18:27:45.993,0.097656,0.170898,0.258789,0.097656,0.371094,0.888672,2
17/11/2017 18:27:46.992,0.097656,0.170898,0.258789,0.097656,0.371094,0.888672,2
17/11/2017 18:27:47.992,0.097656,0.170898,0.258789,0.097656,0.371094,0.888672,2
17/11/2017 18:27:48.996,0.097656,0.170898,0.258789,0.097656,0.371094,0.888672,2
17/11/2017 18:27:49.996,0.097656,0.170898,0.258789,0.097656,0.371094,0.888672,2
17/11/2017 18:27:50.994,0.097656,0.170898,0.258789,0.097656,0.371094,0.888672,2
17/11/2017 18:27:51.994,0.097656,0.170898,0.258789,0.097656,0.371094,0.888672,2
17/11/2017 18:27:52.997,0.097656,0.170898,0.258789,0.097656,0.371094,0.888672,2
17/11/2017 18:27:53.998,0.097656,0.170898,0.258789,0.097656,0.371094,0.888672,2
17/11/2017 18:27:54.996,0.097656,0.170898,0.258789,0.097656,0.371094,0.888672,2
17/11/2017 18:27:55.995,0.097656,0.170898,0.258789,0.097656,0.371094,0.888672,2
17/11/2017 18:27:56.999,0.097656,0.170898,0.258789,0.097656,0.371094,0.888672,2
17/11/2017 18:27:57.998,0.097656,0.170898,0.258789,0.097656,0.371094,0.888672,2
17/11/2017 18:27:58.997,0.097656,0.170898,0.258789,0.097656,0.366211,0.888672,2
17/11/2017 18:27:59.996,0.097656,0.170898,0.258789,0.097656,0.371094,0.888672,2
17/11/2017 18:28:01.000,0.097656,0.170898,0.258789,0.097656,0.371094,0.888672,2
17/11/2017 18:28:01.999,0.097656,0.170898,0.258789,0.097656,0.371094,0.883789,2
17/11/2017 18:28:03.000,0.097656,0.170898,0.258789,0.097656,0.366211,0.883789,2
17/11/2017 18:28:04.003,0.097656,0.170898,0.258789,0.097656,0.366211,0.883789,2
17/11/2017 18:28:05.002,0.097656,0.170898,0.258789,0.097656,0.371094,0.883789,2
17/11/2017 18:28:06.002,0.097656,0.170898,0.258789,0.097656,0.366211,0.883789,2
17/11/2017 18:28:07.001,0.097656,0.170898,0.258789,0.097656,0.366211,0.883789,2
17/11/2017 18:28:08.000,0.097656,0.170898,0.258789,0.097656,0.371094,0.883789,2
17/11/2017 18:28:09.000,0.097656,0.170898,0.258789,0.097656,0.366211,0.883789,2
17/11/2017 18:28:10.003,0.097656,0.170898,0.258789,0.097656,0.371094,0.883789,2
17/11/2017 18:28:11.002,0.097656,0.170898,0.253906,0.097656,0.366211,0.883789,2
17/11/2017 18:28:12.001,0.097656,0.170898,0.253906,0.097656,0.366211,0.883789,2
17/11/2017 18:28:13.005,0.097656,0.170898,0.253906,0.097656,0.366211,0.883789,2
17/11/2017 18:28:14.005,0.097656,0.170898,0.253906,0.097656,0.366211,0.883789,2
17/11/2017 18:28:15.004,0.097656,0.170898,0.253906,0.097656,0.366211,0.883789,2
17/11/2017 18:28:16.003,0.097656,0.170898,0.253906,0.097656,0.366211,0.883789,2
17/11/2017 18:28:17.006,0.097656,0.170898,0.253906,0.097656,0.371094,0.883789,2
17/11/2017 18:28:18.006,0.097656,0.170898,0.253906,0.097656,0.366211,0.883789,2
17/11/2017 18:28:19.005,0.097656,0.166016,0.253906,0.097656,0.366211,0.883789,2
17/11/2017 18:28:20.005,0.097656,0.170898,0.253906,0.097656,0.366211,0.883789,2
17/11/2017 18:28:21.009,0.097656,0.170898,0.253906,0.092773,0.366211,0.883789,2
17/11/2017 18:28:22.007,0.097656,0.170898,0.253906,0.097656,0.366211,0.883789,2
17/11/2017 18:28:23.008,0.097656,0.170898,0.253906,0.097656,0.366211,0.883789,2
17/11/2017 18:28:24.007,0.097656,0.166016,0.253906,0.097656,0.366211,0.883789,2
17/11/2017 18:28:25.006,0.097656,0.170898,0.253906,0.092773,0.366211,0.883789,2
17/11/2017 18:28:26.008,0.097656,0.166016,0.253906,0.092773,0.366211,0.883789,2
17/11/2017 18:28:27.009,0.097656,0.170898,0.253906,0.097656,0.366211,0.883789,2
17/11/2017 18:28:28.008,0.097656,0.166016,0.253906,0.097656,0.366211,0.883789,2
17/11/2017 18:28:29.007,0.097656,0.170898,0.253906,0.097656,0.366211,0.883789,2
17/11/2017 18:28:30.007,0.097656,0.166016,0.253906,0.097656,0.366211,0.883789,2
17/11/2017 18:28:31.011,0.097656,0.166016,0.253906,0.097656,0.366211,0.883789,2
17/11/2017 18:28:32.009,0.097656,0.170898,0.253906,0.097656,0.366211,0.883789,2
17/11/2017 18:28:33.008,0.097656,0.166016,0.253906,0.092773,0.366211,0.883789,2
17/11/2017 18:28:34.009,0.097656,0.166016,0.253906,0.097656,0.366211,0.883789,2
17/11/2017 18:28:35.011,0.097656,0.166016,0.253906,0.097656,0.366211,0.883789,2
17/11/2017 18:28:36.011,0.097656,0.166016,0.253906,0.092773,0.366211,0.883789,2
17/11/2017 18:28:37.010,0.097656,0.166016,0.253906,0.097656,0.366211,0.883789,2
17/11/2017 18:28:38.013,0.097656,0.166016,0.253906,0.097656,0.366211,0.883789,2
17/11/2017 18:28:39.013,0.097656,0.166016,0.253906,0.092773,0.366211,0.883789,2
17/11/2017 18:28:40.012,0.097656,0.166016,0.253906,0.097656,0.366211,0.883789,2
17/11/2017 18:28:41.013,0.097656,0.166016,0.253906,0.097656,0.366211,0.883789,2
17/11/2017 18:28:42.012,0.097656,0.166016,0.253906,0.092773,0.366211,0.883789,2
17/11/2017 18:28:43.011,0.097656,0.166016,0.253906,0.097656,0.366211,0.883789,2
17/11/2017 18:28:44.010,0.097656,0.166016,0.253906,0.097656,0.366211,0.883789,2
17/11/2017 18:28:45.010,0.097656,0.166016,0.253906,0.092773,0.366211,0.883789,2
17/11/2017 18:28:46.014,0.097656,0.166016,0.253906,0.092773,0.366211,0.883789,2
17/11/2017 18:28:47.013,0.097656,0.166016,0.253906,0.097656,0.366211,0.883789,2
17/11/2017 18:28:48.017,0.097656,0.166016,0.253906,0.092773,0.366211,0.883789,2
17/11/2017 18:28:49.015,0.097656,0.166016,0.253906,0.092773,0.366211,0.883789,2
17/11/2017 18:28:50.014,0.097656,0.166016,0.253906,0.092773,0.366211,0.883789,2
17/11/2017 18:28:51.014,0.097656,0.166016,0.253906,0.097656,0.366211,0.883789,2
17/11/2017 18:28:52.014,0.097656,0.166016,0.253906,0.092773,0.366211,0.883789,2
17/11/2017 18:28:53.016,0.097656,0.166016,0.253906,0.092773,0.366211,0.883789,2
17/11/2017 18:28:54.017,0.097656,0.166016,0.253906,0.092773,0.366211,0.883789,2
17/11/2017 18:28:55.015,0.097656,0.166016,0.253906,0.092773,0.366211,0.883789,2
17/11/2017 18:28:56.015,0.097656,0.166016,0.253906,0.092773,0.366211,0.883789,2
17/11/2017 18:28:57.015,0.097656,0.166016,0.253906,0.092773,0.366211,0.883789,2
17/11/2017 18:28:58.014,0.097656,0.166016,0.253906,0.092773,0.366211,0.883789,2
17/11/2017 18:28:59.016,0.097656,0.166016,0.253906,0.092773,0.366211,0.883789,2
17/11/2017 18:29:00.016,0.097656,0.166016,0.253906,0.092773,0.366211,0.883789,2
17/11/2017 18:29:01.016,0.097656,0.166016,0.253906,0.097656,0.366211,0.883789,2
17/11/2017 18:29:02.014,0.097656,0.166016,0.253906,0.092773,0.366211,0.883789,2
17/11/2017 18:29:03.014,0.097656,0.166016,0.253906,0.097656,0.366211,0.883789,2
17/11/2017 18:29:04.014,0.097656,0.166016,0.253906,0.092773,0.366211,0.883789,2
